Participant ID,Participant Cohort,Age Group,FTM,Assignment Source,Observed Date
BCX189-01-A,3-20 year,6_10yr,Amy,Call List,2026-09-10
BGT851-01-A,3-20 year,6_10yr,Amy,Call List,2026-09-10
BLK085-01-A,3-20 year,6_10yr,Amy,Call List,2026-09-10
BPT625-01-A,3-20 year,6_10yr,Amy,Call List,2026-09-10
BQP847-01-A,3-20 year,6_10yr,Amy,Call List,2026-09-10
BQS209-01-A,3-20 year,6_10yr,Amy,Call List,2026-09-10
BQZ289-01-A,3-20 year,6_10yr,Amy,Call List,2026-09-10
BRC337-01-A,3-20 year,6_10yr,Amy,Call List,2026-09-10
BRZ410-01-A,3-20 year,6_10yr,Amy,Call List,2026-09-10
BTK197-01-A,3-20 year,6_10yr,Amy,Call List,2026-09-10
BVM948-01-A,3-20 year,6_10yr,Amy,Call List,2026-09-10
BWP576-01-A,3-20 year,6_10yr,Amy,Call List,2026-09-10
BXV948-01-A,3-20 year,6_10yr,Amy,Call List,2026-09-10
BYK806-01-A,3-20 year,6_10yr,Amy,Call List,2026-09-10
BZV770-01-A,3-20 year,6_10yr,Amy,Call List,2026-09-10
CBB425-01-A,3-20 year,6_10yr,Amy,Call List,2026-09-10
CBB634-01-A,3-20 year,6_10yr,Amy,Call List,2026-09-10
CBL718-01-A,3-20 year,6_10yr,Amy,Call List,2026-09-10
CBW928-01-A,3-20 year,6_10yr,Amy,Call List,2026-09-10
CCX293-01-A,3-20 year,6_10yr,Amy,Call List,2026-09-10
CDD765-01-A,3-20 year,6_10yr,Amy,Call List,2026-09-10
CDK744-01-A,3-20 year,6_10yr,Amy,Call List,2026-09-10
CFG515-01-A,3-20 year,6_10yr,Amy,Call List,2026-09-10
CGC327-01-A,3-20 year,6_10yr,Amy,Call List,2026-09-10
CGK997-01-A,3-20 year,6_10yr,Amy,Call List,2026-09-10
CHL989-01-A,3-20 year,6_10yr,Amy,Call List,2026-09-10
CJJ594-01-A,3-20 year,6_10yr,Amy,Call List,2026-09-10
CLH233-01-A,3-20 year,6_10yr,Amy,Call List,2026-09-10
CLH650-01-A,3-20 year,6_10yr,Amy,Call List,2026-09-10
CML844-01-A,3-20 year,6_10yr,Amy,Call List,2026-09-10
CVH085-01-A,3-20 year,6_10yr,Amy,Call List,2026-09-10
CWL870-01-A,3-20 year,6_10yr,Amy,Call List,2026-09-10
DDM056-01-A,3-20 year,6_10yr,Amy,Call List,2026-09-10
DNN269-01-A,3-20 year,6_10yr,Amy,Call List,2026-09-10
DNR821-01-A,3-20 year,6_10yr,Amy,Call List,2026-09-10
DPZ014-01-A,3-20 year,6_10yr,Amy,Call List,2026-09-10
DSB371-01-A,3-20 year,6_10yr,Amy,Call List,2026-09-10
FCP851-01-A,3-20 year,6_10yr,Amy,Call List,2026-09-10
FFC134-01-A,3-20 year,6_10yr,Amy,Call List,2026-09-10
FHJ625-01-A,3-20 year,6_10yr,Amy,Call List,2026-09-10
FKQ423-01-A,3-20 year,6_10yr,Amy,Call List,2026-09-10
FWV853-01-A,3-20 year,6_10yr,Amy,Call List,2026-09-10
FXN765-01-A,3-20 year,6_10yr,Amy,Call List,2026-09-10
FYG871-01-A,3-20 year,6_10yr,Amy,Call List,2026-09-10
GMF883-01-A,3-20 year,6_10yr,Amy,Call List,2026-09-10
GZK568-01-A,3-20 year,6_10yr,Amy,Call List,2026-09-10
HBZ526-01-A,3-20 year,6_10yr,Amy,Call List,2026-09-10
HGZ645-01-A,3-20 year,6_10yr,Amy,Call List,2026-09-10
HMP636-01-A,3-20 year,6_10yr,Amy,Call List,2026-09-10
HQQ126-01-A,3-20 year,6_10yr,Amy,Call List,2026-09-10
HSG480-01-A,3-20 year,6_10yr,Amy,Call List,2026-09-10
HVY011-01-A,3-20 year,6_10yr,Amy,Call List,2026-09-10
JFN132-01-A,3-20 year,6_10yr,Amy,Call List,2026-09-10
JHR422-01-A,3-20 year,6_10yr,Amy,Call List,2026-09-10
JJG836-01-A,3-20 year,6_10yr,Amy,Call List,2026-09-10
JJY773-01-A,3-20 year,6_10yr,Amy,Call List,2026-09-10
JKF839-01-A,3-20 year,6_10yr,Amy,Call List,2026-09-10
JMV898-01-A,3-20 year,6_10yr,Amy,Call List,2026-09-10
JYY848-01-A,3-20 year,6_10yr,Amy,Call List,2026-09-10
KBN221-01-A,3-20 year,6_10yr,Amy,Call List,2026-09-10
KFQ955-01-A,3-20 year,6_10yr,Amy,Call List,2026-09-10
KGX944-01-A,3-20 year,6_10yr,Amy,Call List,2026-09-10
KPH191-01-A,3-20 year,6_10yr,Amy,Call List,2026-09-10
KPZ610-01-A,3-20 year,6_10yr,Amy,Call List,2026-09-10
KRY635-01-A,3-20 year,6_10yr,Amy,Call List,2026-09-10
KZC694-01-A,3-20 year,6_10yr,Amy,Call List,2026-09-10
LCS856-01-A,3-20 year,6_10yr,Amy,Call List,2026-09-10
LNX755-01-A,3-20 year,6_10yr,Amy,Call List,2026-09-10
LQY206-01-A,3-20 year,6_10yr,Amy,Call List,2026-09-10
LRP504-01-A,3-20 year,6_10yr,Amy,Call List,2026-09-10
LSV069-01-A,3-20 year,6_10yr,Amy,Call List,2026-09-10
LVN615-01-M,3-20 year,6_10yr,Amy,Call List,2026-09-10
LVN615-01-N,3-20 year,6_10yr,Amy,Call List,2026-09-10
LVR036-01-A,3-20 year,6_10yr,Amy,Call List,2026-09-10
LVS841-01-A,3-20 year,6_10yr,Amy,Call List,2026-09-10
LWN054-01-N,3-20 year,6_10yr,Amy,Call List,2026-09-10
LYC152-01-A,3-20 year,6_10yr,Amy,Call List,2026-09-10
MCB884-01-A,3-20 year,6_10yr,Amy,Call List,2026-09-10
MDP207-01-A,3-20 year,6_10yr,Amy,Call List,2026-09-10
MFB544-01-A,3-20 year,6_10yr,Amy,Call List,2026-09-10
MGY416-01-A,3-20 year,6_10yr,Amy,Call List,2026-09-10
MJJ033-01-A,3-20 year,6_10yr,Amy,Call List,2026-09-10
MJT360-01-A,3-20 year,6_10yr,Amy,Call List,2026-09-10
MNK096-01-A,3-20 year,6_10yr,Amy,Call List,2026-09-10
MNN095-01-A,3-20 year,6_10yr,Amy,Call List,2026-09-10
MRK463-01-A,3-20 year,6_10yr,Amy,Call List,2026-09-10
MXB539-01-A,3-20 year,6_10yr,Amy,Call List,2026-09-10
MYJ673-01-A,3-20 year,6_10yr,Amy,Call List,2026-09-10
MYY891-01-A,3-20 year,6_10yr,Amy,Call List,2026-09-10
NCC675-01-A,3-20 year,6_10yr,Amy,Call List,2026-09-10
NCF108-01-A,3-20 year,6_10yr,Amy,Call List,2026-09-10
NDN427-01-A,3-20 year,6_10yr,Amy,Call List,2026-09-10
NFK721-01-A,3-20 year,6_10yr,Amy,Call List,2026-09-10
NGX536-01-A,3-20 year,6_10yr,Amy,Call List,2026-09-10
NHR264-01-A,3-20 year,6_10yr,Amy,Call List,2026-09-10
NJD131-01-A,3-20 year,6_10yr,Amy,Call List,2026-09-10
NRK711-01-A,3-20 year,6_10yr,Amy,Call List,2026-09-10
NRN845-01-A,3-20 year,6_10yr,Amy,Call List,2026-09-10
NVB331-01-A,3-20 year,6_10yr,Amy,Call List,2026-09-10
NYV684-01-A,3-20 year,6_10yr,Amy,Call List,2026-09-10
PMY376-01-A,3-20 year,6_10yr,Amy,Call List,2026-09-10
PND524-01-A,3-20 year,6_10yr,Amy,Call List,2026-09-10
PNR468-01-A,3-20 year,6_10yr,Amy,Call List,2026-09-10
PRT334-01-A,3-20 year,6_10yr,Amy,Call List,2026-09-10
PTN126-01-A,3-20 year,6_10yr,Amy,Call List,2026-09-10
PTQ358-01-A,3-20 year,6_10yr,Amy,Call List,2026-09-10
PXV115-01-A,3-20 year,6_10yr,Amy,Call List,2026-09-10
QCR075-01-A,3-20 year,6_10yr,Amy,Call List,2026-09-10
QFN151-01-A,3-20 year,6_10yr,Amy,Call List,2026-09-10
QHC467-01-A,3-20 year,6_10yr,Amy,Call List,2026-09-10
QHF682-01-A,3-20 year,6_10yr,Amy,Call List,2026-09-10
QHM041-01-A,3-20 year,6_10yr,Amy,Call List,2026-09-10
QHS680-01-A,3-20 year,6_10yr,Amy,Call List,2026-09-10
QJJ178-01-A,3-20 year,6_10yr,Amy,Call List,2026-09-10
QLL658-01-A,3-20 year,6_10yr,Amy,Call List,2026-09-10
QSH933-01-A,3-20 year,6_10yr,Amy,Call List,2026-09-10
QTH184-01-A,3-20 year,6_10yr,Amy,Call List,2026-09-10
QYF906-01-A,3-20 year,6_10yr,Amy,Call List,2026-09-10
QYX270-01-A,3-20 year,6_10yr,Amy,Call List,2026-09-10
QZP255-01-A,3-20 year,6_10yr,Amy,Call List,2026-09-10
RGM456-01-A,3-20 year,6_10yr,Amy,Call List,2026-09-10
RMX477-01-A,3-20 year,6_10yr,Amy,Call List,2026-09-10
RQT437-01-A,3-20 year,6_10yr,Amy,Call List,2026-09-10
RYR656-01-A,3-20 year,6_10yr,Amy,Call List,2026-09-10
SCX053-01-A,3-20 year,6_10yr,Amy,Call List,2026-09-10
SDT653-01-A,3-20 year,6_10yr,Amy,Call List,2026-09-10
SGS765-01-A,3-20 year,6_10yr,Amy,Call List,2026-09-10
SJJ920-01-A,3-20 year,6_10yr,Amy,Call List,2026-09-10
SJZ725-01-A,3-20 year,6_10yr,Amy,Call List,2026-09-10
SKR563-01-A,3-20 year,6_10yr,Amy,Call List,2026-09-10
SSN103-01-A,3-20 year,6_10yr,Amy,Call List,2026-09-10
SSX741-01-A,3-20 year,6_10yr,Amy,Call List,2026-09-10
TFH187-01-A,3-20 year,6_10yr,Amy,Call List,2026-09-10
TFM445-01-M,3-20 year,6_10yr,Amy,Call List,2026-09-10
TFM445-01-N,3-20 year,6_10yr,Amy,Call List,2026-09-10
THB435-01-A,3-20 year,6_10yr,Amy,Call List,2026-09-10
TKS480-01-A,3-20 year,6_10yr,Amy,Call List,2026-09-10
TKY175-01-A,3-20 year,6_10yr,Amy,Call List,2026-09-10
TMB738-01-A,3-20 year,6_10yr,Amy,Call List,2026-09-10
TMZ056-01-A,3-20 year,6_10yr,Amy,Call List,2026-09-10
TTG223-01-A,3-20 year,6_10yr,Amy,Call List,2026-09-10
TTQ222-01-A,3-20 year,6_10yr,Amy,Call List,2026-09-10
TTQ883-01-A,3-20 year,6_10yr,Amy,Call List,2026-09-10
TWT195-01-A,3-20 year,6_10yr,Amy,Call List,2026-09-10
VBZ616-01-A,3-20 year,6_10yr,Amy,Call List,2026-09-10
VCK629-01-A,3-20 year,6_10yr,Amy,Call List,2026-09-10
VHR109-01-A,3-20 year,6_10yr,Amy,Call List,2026-09-10
VHR369-01-A,3-20 year,6_10yr,Amy,Call List,2026-09-10
VMF570-01-A,3-20 year,6_10yr,Amy,Call List,2026-09-10
VWM666-01-A,3-20 year,6_10yr,Amy,Call List,2026-09-10
WDS605-01-A,3-20 year,6_10yr,Amy,Call List,2026-09-10
WGX824-01-A,3-20 year,6_10yr,Amy,Call List,2026-09-10
WLB161-01-A,3-20 year,6_10yr,Amy,Call List,2026-09-10
WMJ798-01-A,3-20 year,6_10yr,Amy,Call List,2026-09-10
WQC189-01-A,3-20 year,6_10yr,Amy,Call List,2026-09-10
WTW681-01-A,3-20 year,6_10yr,Amy,Call List,2026-09-10
WTX564-01-A,3-20 year,6_10yr,Amy,Call List,2026-09-10
WVD031-01-A,3-20 year,6_10yr,Amy,Call List,2026-09-10
WXD047-01-A,3-20 year,6_10yr,Amy,Call List,2026-09-10
XDF604-01-A,3-20 year,6_10yr,Amy,Call List,2026-09-10
XMH232-01-A,3-20 year,6_10yr,Amy,Call List,2026-09-10
XNR080-01-A,3-20 year,6_10yr,Amy,Call List,2026-09-10
XXP126-01-A,3-20 year,6_10yr,Amy,Call List,2026-09-10
YCS424-01-A,3-20 year,6_10yr,Amy,Call List,2026-09-10
YCZ323-01-A,3-20 year,6_10yr,Amy,Call List,2026-09-10
YDC739-01-A,3-20 year,6_10yr,Amy,Call List,2026-09-10
YFL745-01-A,3-20 year,6_10yr,Amy,Call List,2026-09-10
YHR839-01-A,3-20 year,6_10yr,Amy,Call List,2026-09-10
YTC168-01-A,3-20 year,6_10yr,Amy,Call List,2026-09-10
ZBP753-01-A,3-20 year,6_10yr,Amy,Call List,2026-09-10
ZDJ681-01-A,3-20 year,6_10yr,Amy,Call List,2026-09-10
ZDZ857-01-A,3-20 year,6_10yr,Amy,Call List,2026-09-10
ZHQ218-01-A,3-20 year,6_10yr,Amy,Call List,2026-09-10
ZVX302-01-A,3-20 year,6_10yr,Amy,Call List,2026-09-10
ZZZ654-01-A,3-20 year,6_10yr,Amy,Call List,2026-09-10
BBQ772-01-A,3-20 year,potential,Amy,Call List,2026-09-10
BKH369-01-A,3-20 year,potential,Amy,Call List,2026-09-10
BNB650-01-A,3-20 year,potential,Amy,Call List,2026-09-10
BSD728-01-A,3-20 year,potential,Amy,Call List,2026-09-10
BVM968-01-A,3-20 year,potential,Amy,Call List,2026-09-10
CCD021-01-A,3-20 year,potential,Amy,Call List,2026-09-10
CCD218-01-A,3-20 year,potential,Amy,Call List,2026-09-10
CGZ547-01-A,3-20 year,potential,Amy,Call List,2026-09-10
CHR545-01-A,3-20 year,potential,Amy,Call List,2026-09-10
CLQ582-01-A,3-20 year,potential,Amy,Call List,2026-09-10
CLY789-01-A,3-20 year,potential,Amy,Call List,2026-09-10
CQP313-01-A,3-20 year,potential,Amy,Call List,2026-09-10
CTX789-01-A,3-20 year,potential,Amy,Call List,2026-09-10
CZY990-01-A,3-20 year,potential,Amy,Call List,2026-09-10
DHJ053-01-A,3-20 year,potential,Amy,Call List,2026-09-10
DMJ547-01-A,3-20 year,potential,Amy,Call List,2026-09-10
DVX363-01-A,3-20 year,potential,Amy,Call List,2026-09-10
FGY262-01-M,3-20 year,potential,Amy,Call List,2026-09-10
FGY262-01-N,3-20 year,potential,Amy,Call List,2026-09-10
FJN710-01-A,3-20 year,potential,Amy,Call List,2026-09-10
FLG196-01-A,3-20 year,potential,Amy,Call List,2026-09-10
FSS561-01-A,3-20 year,potential,Amy,Call List,2026-09-10
FZV019-01-A,3-20 year,potential,Amy,Call List,2026-09-10
GGR945-01-A,3-20 year,potential,Amy,Call List,2026-09-10
GRD367-01-A,3-20 year,potential,Amy,Call List,2026-09-10
GWM876-01-M,3-20 year,potential,Amy,Call List,2026-09-10
GWM876-01-N,3-20 year,potential,Amy,Call List,2026-09-10
GZY382-01-A,3-20 year,potential,Amy,Call List,2026-09-10
HSX545-01-A,3-20 year,potential,Amy,Call List,2026-09-10
JCR488-01-A,3-20 year,potential,Amy,Call List,2026-09-10
KDL739-01-A,3-20 year,potential,Amy,Call List,2026-09-10
KDL739-01-N,3-20 year,potential,Amy,Call List,2026-09-10
KFK411-01-A,3-20 year,potential,Amy,Call List,2026-09-10
KHJ153-01-A,3-20 year,potential,Amy,Call List,2026-09-10
KSF052-01-A,3-20 year,potential,Amy,Call List,2026-09-10
LMD940-01-A,3-20 year,potential,Amy,Call List,2026-09-10
LTH030-01-A,3-20 year,potential,Amy,Call List,2026-09-10
LWB611-01-A,3-20 year,potential,Amy,Call List,2026-09-10
MBT712-01-A,3-20 year,potential,Amy,Call List,2026-09-10
MCF636-01-A,3-20 year,potential,Amy,Call List,2026-09-10
MDT169-01-A,3-20 year,potential,Amy,Call List,2026-09-10
MWL579-01-A,3-20 year,potential,Amy,Call List,2026-09-10
NCC571-01-A,3-20 year,potential,Amy,Call List,2026-09-10
NCF401-01-M,3-20 year,potential,Amy,Call List,2026-09-10
NCF401-01-N,3-20 year,potential,Amy,Call List,2026-09-10
NKX909-01-A,3-20 year,potential,Amy,Call List,2026-09-10
PLJ955-01-A,3-20 year,potential,Amy,Call List,2026-09-10
QGS155-01-A,3-20 year,potential,Amy,Call List,2026-09-10
QGX524-01-A,3-20 year,potential,Amy,Call List,2026-09-10
QHS047-01-A,3-20 year,potential,Amy,Call List,2026-09-10
QJR562-01-A,3-20 year,potential,Amy,Call List,2026-09-10
QPP709-01-A,3-20 year,potential,Amy,Call List,2026-09-10
QSC726-01-A,3-20 year,potential,Amy,Call List,2026-09-10
QWG775-01-A,3-20 year,potential,Amy,Call List,2026-09-10
QXX395-01-A,3-20 year,potential,Amy,Call List,2026-09-10
RBV332-01-A,3-20 year,potential,Amy,Call List,2026-09-10
RDT215-01-A,3-20 year,potential,Amy,Call List,2026-09-10
RMW265-01-A,3-20 year,potential,Amy,Call List,2026-09-10
RWR414-01-A,3-20 year,potential,Amy,Call List,2026-09-10
RYW664-01-A,3-20 year,potential,Amy,Call List,2026-09-10
SGF997-01-A,3-20 year,potential,Amy,Call List,2026-09-10
SHX281-01-A,3-20 year,potential,Amy,Call List,2026-09-10
SQL850-01-A,3-20 year,potential,Amy,Call List,2026-09-10
TNQ544-01-A,3-20 year,potential,Amy,Call List,2026-09-10
TSG388-01-A,3-20 year,potential,Amy,Call List,2026-09-10
VKK299-01-A,3-20 year,potential,Amy,Call List,2026-09-10
VRR401-01-A,3-20 year,potential,Amy,Call List,2026-09-10
VSH940-01-A,3-20 year,potential,Amy,Call List,2026-09-10
VVC703-01-A,3-20 year,potential,Amy,Call List,2026-09-10
VWY523-01-A,3-20 year,potential,Amy,Call List,2026-09-10
VYG648-01-M,3-20 year,potential,Amy,Call List,2026-09-10
VYG648-01-N,3-20 year,potential,Amy,Call List,2026-09-10
WHB247-01-A,3-20 year,potential,Amy,Call List,2026-09-10
WPS748-01-A,3-20 year,potential,Amy,Call List,2026-09-10
WXG364-01-A,3-20 year,potential,Amy,Call List,2026-09-10
WXR674-01-A,3-20 year,potential,Amy,Call List,2026-09-10
WYB885-01-A,3-20 year,potential,Amy,Call List,2026-09-10
XLV074-01-A,3-20 year,potential,Amy,Call List,2026-09-10
XQV573-01-A,3-20 year,potential,Amy,Call List,2026-09-10
YFN123-01-A,3-20 year,potential,Amy,Call List,2026-09-10
YRF653-01-A,3-20 year,potential,Amy,Call List,2026-09-10
ZGZ083-01-A,3-20 year,potential,Amy,Call List,2026-09-10
ZJZ484-01-A,3-20 year,potential,Amy,Call List,2026-09-10
ZMF471-01-A,3-20 year,potential,Amy,Call List,2026-09-10
ZNP996-01-A,3-20 year,potential,Amy,Call List,2026-09-10
ZQN799-01-A,3-20 year,potential,Amy,Call List,2026-09-10
ZSX585-01-A,3-20 year,potential,Amy,Call List,2026-09-10
DFB473-01-A,6-35 month,6_11_month,Anna,Ripple,2026-09-10
DFB473-01-B,6-35 month,6_11_month,Anna,Ripple,2026-09-10
DHM804-01-A,6-35 month,6_11_month,Anna,Ripple,2026-09-10
DXH431-01-A,6-35 month,6_11_month,Anna,Ripple,2026-09-10
DYK248-01-A,6-35 month,6_11_month,Anna,Ripple,2026-09-10
FGD590-01-A,6-35 month,6_11_month,Anna,Ripple,2026-09-10
FKT089-01-A,6-35 month,6_11_month,Anna,Ripple,2026-09-10
FZV796-01-A,6-35 month,6_11_month,Anna,Ripple,2026-09-10
HQK219-01-A,6-35 month,6_11_month,Anna,Ripple,2026-09-10
KRK077-01-A,6-35 month,6_11_month,Anna,Ripple,2026-09-10
KRK077-01-B,6-35 month,6_11_month,Anna,Ripple,2026-09-10
LGT156-01-A,6-35 month,6_11_month,Anna,Ripple,2026-09-10
LMX568-01-A,6-35 month,6_11_month,Anna,Ripple,2026-09-10
LSH641-01-A,6-35 month,6_11_month,Anna,Ripple,2026-09-10
MFY505-01-A,6-35 month,6_11_month,Anna,Ripple,2026-09-10
MGV078-01-A,6-35 month,6_11_month,Anna,Ripple,2026-09-10
MGW204-01-A,6-35 month,6_11_month,Anna,Ripple,2026-09-10
NCS144-01-A,6-35 month,6_11_month,Anna,Ripple,2026-09-10
NGV392-01-A,6-35 month,6_11_month,Anna,Ripple,2026-09-10
NQW810-01-A,6-35 month,6_11_month,Anna,Ripple,2026-09-10
PTG182-01-A,6-35 month,6_11_month,Anna,Ripple,2026-09-10
QRK467-02-A,6-35 month,6_11_month,Anna,Ripple,2026-09-10
QST675-01-A,6-35 month,6_11_month,Anna,Ripple,2026-09-10
SBW730-01-A,6-35 month,6_11_month,Anna,Ripple,2026-09-10
SFV056-01-A,6-35 month,6_11_month,Anna,Ripple,2026-09-10
TTY851-01-A,6-35 month,6_11_month,Anna,Ripple,2026-09-10
VFC610-01-A,6-35 month,6_11_month,Anna,Ripple,2026-09-10
VHD766-01-A,6-35 month,6_11_month,Anna,Ripple,2026-09-10
VQH840-01-A,6-35 month,6_11_month,Anna,Ripple,2026-09-10
VXZ462-01-A,6-35 month,6_11_month,Anna,Ripple,2026-09-10
WCN217-01-A,6-35 month,6_11_month,Anna,Ripple,2026-09-10
WCV960-01-A,6-35 month,6_11_month,Anna,Ripple,2026-09-10
WGL767-01-A,6-35 month,6_11_month,Anna,Ripple,2026-09-10
WWW781-01-A,6-35 month,6_11_month,Anna,Ripple,2026-09-10
XGN391-01-A,6-35 month,6_11_month,Anna,Ripple,2026-09-10
XPK044-01-A,6-35 month,6_11_month,Anna,Ripple,2026-09-10
YBC948-01-A,6-35 month,6_11_month,Anna,Ripple,2026-09-10
ZQR455-01-A,6-35 month,6_11_month,Anna,Ripple,2026-09-10
ZRH064-01-A,6-35 month,6_11_month,Anna,Ripple,2026-09-10
DFG495-01-A,3-20 year,3_5yr,Cassie,Call List,2026-09-10
FMC545-01-A,3-20 year,3_5yr,Cassie,Call List,2026-09-10
HQL715-01-A,3-20 year,3_5yr,Cassie,Call List,2026-09-10
JLR169-01-A,3-20 year,3_5yr,Cassie,Call List,2026-09-10
JQC757-01-A,3-20 year,3_5yr,Cassie,Call List,2026-09-10
TKR446-01-A,3-20 year,3_5yr,Cassie,Call List,2026-09-10
HJJ518-01-A,3-20 year,potential,Cassie,Call List,2026-09-10
LYQ721-01-A,3-20 year,potential,Cassie,Call List,2026-09-10
DCP767-01-A,6-35 month,24_35_month,Cassie,Ripple,2026-09-10
LQV674-01-A,6-35 month,24_35_month,Cassie,Ripple,2026-09-10
PWK021-01-A,6-35 month,24_35_month,Cassie,Ripple,2026-09-10
HKG602-01-A,6-35 month,potential,Cassie,Ripple,2026-09-10
KYL770-01-A,6-35 month,potential,Cassie,Ripple,2026-09-10
LMP796-01-A,6-35 month,potential,Cassie,Ripple,2026-09-10
MCV334-01-A,6-35 month,potential,Cassie,Ripple,2026-09-10
MXD932-01-A,6-35 month,potential,Cassie,Ripple,2026-09-10
PHM086-01-A,6-35 month,potential,Cassie,Ripple,2026-09-10
VLJ473-01-A,6-35 month,potential,Cassie,Ripple,2026-09-10
VZB299-01-A,6-35 month,potential,Cassie,Ripple,2026-09-10
WSS824-01-A,6-35 month,potential,Cassie,Ripple,2026-09-10
BDY460-01-A,3-20 year,11_17yr,Jo,Call List,2026-09-10
BKV315-01-A,3-20 year,11_17yr,Jo,Call List,2026-09-10
BKX774-01-A,3-20 year,11_17yr,Jo,Call List,2026-09-10
BKX774-01-B,3-20 year,11_17yr,Jo,Call List,2026-09-10
BRZ629-01-A,3-20 year,11_17yr,Jo,Call List,2026-09-10
BWR335-01-A,3-20 year,11_17yr,Jo,Call List,2026-09-10
BWR335-02-A,3-20 year,11_17yr,Jo,Call List,2026-09-10
CCN848-01-A,3-20 year,11_17yr,Jo,Call List,2026-09-10
CCY328-01-A,3-20 year,11_17yr,Jo,Call List,2026-09-10
CFH453-01-A,3-20 year,11_17yr,Jo,Call List,2026-09-10
CFH453-02-A,3-20 year,11_17yr,Jo,Call List,2026-09-10
CFS382-01-A,3-20 year,11_17yr,Jo,Call List,2026-09-10
CFV428-01-A,3-20 year,11_17yr,Jo,Call List,2026-09-10
CGT416-01-A,3-20 year,11_17yr,Jo,Call List,2026-09-10
CLS557-01-A,3-20 year,11_17yr,Jo,Call List,2026-09-10
CPJ239-01-A,3-20 year,11_17yr,Jo,Call List,2026-09-10
CPT099-01-A,3-20 year,11_17yr,Jo,Call List,2026-09-10
CRN594-01-A,3-20 year,11_17yr,Jo,Call List,2026-09-10
CSG043-01-A,3-20 year,11_17yr,Jo,Call List,2026-09-10
CSH696-01-A,3-20 year,11_17yr,Jo,Call List,2026-09-10
CST265-01-A,3-20 year,11_17yr,Jo,Call List,2026-09-10
DGF077-01-A,3-20 year,11_17yr,Jo,Call List,2026-09-10
DHM832-01-A,3-20 year,11_17yr,Jo,Call List,2026-09-10
DKC244-01-A,3-20 year,11_17yr,Jo,Call List,2026-09-10
DRW841-01-A,3-20 year,11_17yr,Jo,Call List,2026-09-10
DZJ183-01-A,3-20 year,11_17yr,Jo,Call List,2026-09-10
FFQ157-01-A,3-20 year,11_17yr,Jo,Call List,2026-09-10
FHF958-01-A,3-20 year,11_17yr,Jo,Call List,2026-09-10
FHM507-01-A,3-20 year,11_17yr,Jo,Call List,2026-09-10
FKD843-01-A,3-20 year,11_17yr,Jo,Call List,2026-09-10
FNS996-01-A,3-20 year,11_17yr,Jo,Call List,2026-09-10
FPM189-01-A,3-20 year,11_17yr,Jo,Call List,2026-09-10
FSP644-01-A,3-20 year,11_17yr,Jo,Call List,2026-09-10
FWH545-01-A,3-20 year,11_17yr,Jo,Call List,2026-09-10
FYB626-01-A,3-20 year,11_17yr,Jo,Call List,2026-09-10
FZB062-01-A,3-20 year,11_17yr,Jo,Call List,2026-09-10
FZS147-01-A,3-20 year,11_17yr,Jo,Call List,2026-09-10
GCW956-02-A,3-20 year,11_17yr,Jo,Call List,2026-09-10
GHG157-01-A,3-20 year,11_17yr,Jo,Call List,2026-09-10
GMF268-01-A,3-20 year,11_17yr,Jo,Call List,2026-09-10
GMS994-01-A,3-20 year,11_17yr,Jo,Call List,2026-09-10
GPM981-01-A,3-20 year,11_17yr,Jo,Call List,2026-09-10
GRN392-01-A,3-20 year,11_17yr,Jo,Call List,2026-09-10
GSW122-01-A,3-20 year,11_17yr,Jo,Call List,2026-09-10
GWP690-01-A,3-20 year,11_17yr,Jo,Call List,2026-09-10
GZM171-01-A,3-20 year,11_17yr,Jo,Call List,2026-09-10
HBX436-01-A,3-20 year,11_17yr,Jo,Call List,2026-09-10
HDQ921-01-A,3-20 year,11_17yr,Jo,Call List,2026-09-10
HGX059-01-A,3-20 year,11_17yr,Jo,Call List,2026-09-10
HJC087-01-A,3-20 year,11_17yr,Jo,Call List,2026-09-10
HKF151-01-A,3-20 year,11_17yr,Jo,Call List,2026-09-10
HKF151-02-A,3-20 year,11_17yr,Jo,Call List,2026-09-10
HMW315-01-A,3-20 year,11_17yr,Jo,Call List,2026-09-10
HQB638-01-A,3-20 year,11_17yr,Jo,Call List,2026-09-10
HRF525-01-A,3-20 year,11_17yr,Jo,Call List,2026-09-10
HSV917-01-A,3-20 year,11_17yr,Jo,Call List,2026-09-10
HYP683-01-A,3-20 year,11_17yr,Jo,Call List,2026-09-10
HYQ752-01-A,3-20 year,11_17yr,Jo,Call List,2026-09-10
HZD623-01-A,3-20 year,11_17yr,Jo,Call List,2026-09-10
HZT648-01-A,3-20 year,11_17yr,Jo,Call List,2026-09-10
JHZ012-01-A,3-20 year,11_17yr,Jo,Call List,2026-09-10
JMJ243-01-A,3-20 year,11_17yr,Jo,Call List,2026-09-10
JMR655-01-A,3-20 year,11_17yr,Jo,Call List,2026-09-10
JMT948-01-A,3-20 year,11_17yr,Jo,Call List,2026-09-10
JNF576-01-A,3-20 year,11_17yr,Jo,Call List,2026-09-10
JNK002-01-A,3-20 year,11_17yr,Jo,Call List,2026-09-10
JNT771-01-A,3-20 year,11_17yr,Jo,Call List,2026-09-10
JQF218-01-A,3-20 year,11_17yr,Jo,Call List,2026-09-10
JQT482-01-A,3-20 year,11_17yr,Jo,Call List,2026-09-10
JQZ496-01-A,3-20 year,11_17yr,Jo,Call List,2026-09-10
JSF732-01-A,3-20 year,11_17yr,Jo,Call List,2026-09-10
JTC719-01-A,3-20 year,11_17yr,Jo,Call List,2026-09-10
JVX699-01-A,3-20 year,11_17yr,Jo,Call List,2026-09-10
JYP576-01-A,3-20 year,11_17yr,Jo,Call List,2026-09-10
JYX966-01-A,3-20 year,11_17yr,Jo,Call List,2026-09-10
JZM774-01-A,3-20 year,11_17yr,Jo,Call List,2026-09-10
KDS985-01-A,3-20 year,11_17yr,Jo,Call List,2026-09-10
KFZ064-01-A,3-20 year,11_17yr,Jo,Call List,2026-09-10
KFZ064-02-A,3-20 year,11_17yr,Jo,Call List,2026-09-10
KKJ119-01-A,3-20 year,11_17yr,Jo,Call List,2026-09-10
KLQ720-01-A,3-20 year,11_17yr,Jo,Call List,2026-09-10
KPJ294-01-A,3-20 year,11_17yr,Jo,Call List,2026-09-10
KPV565-01-A,3-20 year,11_17yr,Jo,Call List,2026-09-10
KWJ594-01-A,3-20 year,11_17yr,Jo,Call List,2026-09-10
KWY202-01-A,3-20 year,11_17yr,Jo,Call List,2026-09-10
LGT122-01-A,3-20 year,11_17yr,Jo,Call List,2026-09-10
LKX501-01-A,3-20 year,11_17yr,Jo,Call List,2026-09-10
LKY497-01-A,3-20 year,11_17yr,Jo,Call List,2026-09-10
LLJ706-01-A,3-20 year,11_17yr,Jo,Call List,2026-09-10
LLR444-01-A,3-20 year,11_17yr,Jo,Call List,2026-09-10
LWH477-01-A,3-20 year,11_17yr,Jo,Call List,2026-09-10
LWL799-01-A,3-20 year,11_17yr,Jo,Call List,2026-09-10
MCV210-01-A,3-20 year,11_17yr,Jo,Call List,2026-09-10
MQJ796-01-M,3-20 year,11_17yr,Jo,Call List,2026-09-10
MQJ796-01-N,3-20 year,11_17yr,Jo,Call List,2026-09-10
MQM950-01-A,3-20 year,11_17yr,Jo,Call List,2026-09-10
MRG352-01-A,3-20 year,11_17yr,Jo,Call List,2026-09-10
MTX365-01-A,3-20 year,11_17yr,Jo,Call List,2026-09-10
MWS026-01-A,3-20 year,11_17yr,Jo,Call List,2026-09-10
MYP897-01-A,3-20 year,11_17yr,Jo,Call List,2026-09-10
NBV813-01-A,3-20 year,11_17yr,Jo,Call List,2026-09-10
NCT880-01-A,3-20 year,11_17yr,Jo,Call List,2026-09-10
NFD610-01-A,3-20 year,11_17yr,Jo,Call List,2026-09-10
NGT839-01-A,3-20 year,11_17yr,Jo,Call List,2026-09-10
NKG127-01-A,3-20 year,11_17yr,Jo,Call List,2026-09-10
NKL839-01-A,3-20 year,11_17yr,Jo,Call List,2026-09-10
NMF407-01-A,3-20 year,11_17yr,Jo,Call List,2026-09-10
NMZ310-01-A,3-20 year,11_17yr,Jo,Call List,2026-09-10
NRL986-01-A,3-20 year,11_17yr,Jo,Call List,2026-09-10
NVR479-01-A,3-20 year,11_17yr,Jo,Call List,2026-09-10
NVS704-01-A,3-20 year,11_17yr,Jo,Call List,2026-09-10
NXT011-01-A,3-20 year,11_17yr,Jo,Call List,2026-09-10
NYZ677-01-A,3-20 year,11_17yr,Jo,Call List,2026-09-10
PBF223-01-A,3-20 year,11_17yr,Jo,Call List,2026-09-10
PBG796-01-A,3-20 year,11_17yr,Jo,Call List,2026-09-10
PCL267-01-A,3-20 year,11_17yr,Jo,Call List,2026-09-10
PDV195-01-A,3-20 year,11_17yr,Jo,Call List,2026-09-10
PDW328-01-A,3-20 year,11_17yr,Jo,Call List,2026-09-10
PHT777-01-A,3-20 year,11_17yr,Jo,Call List,2026-09-10
PLV393-01-A,3-20 year,11_17yr,Jo,Call List,2026-09-10
PNL438-01-A,3-20 year,11_17yr,Jo,Call List,2026-09-10
PQV351-01-A,3-20 year,11_17yr,Jo,Call List,2026-09-10
PRD366-01-A,3-20 year,11_17yr,Jo,Call List,2026-09-10
PTK794-01-A,3-20 year,11_17yr,Jo,Call List,2026-09-10
PZC518-01-A,3-20 year,11_17yr,Jo,Call List,2026-09-10
QGS042-01-A,3-20 year,11_17yr,Jo,Call List,2026-09-10
QHJ854-01-A,3-20 year,11_17yr,Jo,Call List,2026-09-10
QHT750-01-A,3-20 year,11_17yr,Jo,Call List,2026-09-10
QMT063-01-A,3-20 year,11_17yr,Jo,Call List,2026-09-10
QRD285-01-A,3-20 year,11_17yr,Jo,Call List,2026-09-10
QWF984-01-A,3-20 year,11_17yr,Jo,Call List,2026-09-10
QWT012-01-A,3-20 year,11_17yr,Jo,Call List,2026-09-10
RBR931-01-A,3-20 year,11_17yr,Jo,Call List,2026-09-10
RBR931-02-A,3-20 year,11_17yr,Jo,Call List,2026-09-10
RDJ491-01-A,3-20 year,11_17yr,Jo,Call List,2026-09-10
RGV560-01-A,3-20 year,11_17yr,Jo,Call List,2026-09-10
RGV560-01-B,3-20 year,11_17yr,Jo,Call List,2026-09-10
RNV741-01-A,3-20 year,11_17yr,Jo,Call List,2026-09-10
RPG520-01-A,3-20 year,11_17yr,Jo,Call List,2026-09-10
RRN145-01-A,3-20 year,11_17yr,Jo,Call List,2026-09-10
RWC339-01-M,3-20 year,11_17yr,Jo,Call List,2026-09-10
RWC578-01-A,3-20 year,11_17yr,Jo,Call List,2026-09-10
RWR771-01-A,3-20 year,11_17yr,Jo,Call List,2026-09-10
RWV410-01-A,3-20 year,11_17yr,Jo,Call List,2026-09-10
RWV410-02-A,3-20 year,11_17yr,Jo,Call List,2026-09-10
SBR746-01-A,3-20 year,11_17yr,Jo,Call List,2026-09-10
SBS453-01-A,3-20 year,11_17yr,Jo,Call List,2026-09-10
SCB433-01-A,3-20 year,11_17yr,Jo,Call List,2026-09-10
SGF025-01-A,3-20 year,11_17yr,Jo,Call List,2026-09-10
SGF025-02-A,3-20 year,11_17yr,Jo,Call List,2026-09-10
SGZ226-01-A,3-20 year,11_17yr,Jo,Call List,2026-09-10
SNJ492-01-M,3-20 year,11_17yr,Jo,Call List,2026-09-10
SNJ492-01-N,3-20 year,11_17yr,Jo,Call List,2026-09-10
SNV833-01-A,3-20 year,11_17yr,Jo,Call List,2026-09-10
SQM567-01-A,3-20 year,11_17yr,Jo,Call List,2026-09-10
SSF975-01-A,3-20 year,11_17yr,Jo,Call List,2026-09-10
STQ126-01-A,3-20 year,11_17yr,Jo,Call List,2026-09-10
SYX441-01-A,3-20 year,11_17yr,Jo,Call List,2026-09-10
SZF435-01-A,3-20 year,11_17yr,Jo,Call List,2026-09-10
TCK376-01-A,3-20 year,11_17yr,Jo,Call List,2026-09-10
TGD969-01-A,3-20 year,11_17yr,Jo,Call List,2026-09-10
TGY183-01-A,3-20 year,11_17yr,Jo,Call List,2026-09-10
THL624-01-A,3-20 year,11_17yr,Jo,Call List,2026-09-10
TKM003-01-A,3-20 year,11_17yr,Jo,Call List,2026-09-10
TQC990-01-A,3-20 year,11_17yr,Jo,Call List,2026-09-10
TQW013-01-A,3-20 year,11_17yr,Jo,Call List,2026-09-10
TWK336-01-A,3-20 year,11_17yr,Jo,Call List,2026-09-10
TWQ362-01-A,3-20 year,11_17yr,Jo,Call List,2026-09-10
TXR417-01-A,3-20 year,11_17yr,Jo,Call List,2026-09-10
TYJ533-01-A,3-20 year,11_17yr,Jo,Call List,2026-09-10
VBZ802-01-A,3-20 year,11_17yr,Jo,Call List,2026-09-10
VFR138-01-A,3-20 year,11_17yr,Jo,Call List,2026-09-10
VKP009-01-A,3-20 year,11_17yr,Jo,Call List,2026-09-10
VQJ770-01-A,3-20 year,11_17yr,Jo,Call List,2026-09-10
VRK165-01-A,3-20 year,11_17yr,Jo,Call List,2026-09-10
VRS663-01-A,3-20 year,11_17yr,Jo,Call List,2026-09-10
VST318-01-A,3-20 year,11_17yr,Jo,Call List,2026-09-10
VTZ022-01-A,3-20 year,11_17yr,Jo,Call List,2026-09-10
VZB638-01-A,3-20 year,11_17yr,Jo,Call List,2026-09-10
VZB638-02-A,3-20 year,11_17yr,Jo,Call List,2026-09-10
WBH589-01-A,3-20 year,11_17yr,Jo,Call List,2026-09-10
WDV681-01-A,3-20 year,11_17yr,Jo,Call List,2026-09-10
WDV681-02-A,3-20 year,11_17yr,Jo,Call List,2026-09-10
WFK499-01-A,3-20 year,11_17yr,Jo,Call List,2026-09-10
WGJ956-01-A,3-20 year,11_17yr,Jo,Call List,2026-09-10
WHW151-01-A,3-20 year,11_17yr,Jo,Call List,2026-09-10
WJD831-01-A,3-20 year,11_17yr,Jo,Call List,2026-09-10
WKM586-01-A,3-20 year,11_17yr,Jo,Call List,2026-09-10
WKR328-01-A,3-20 year,11_17yr,Jo,Call List,2026-09-10
WKZ186-01-A,3-20 year,11_17yr,Jo,Call List,2026-09-10
WMQ658-01-A,3-20 year,11_17yr,Jo,Call List,2026-09-10
WMX146-01-A,3-20 year,11_17yr,Jo,Call List,2026-09-10
WQP768-01-A,3-20 year,11_17yr,Jo,Call List,2026-09-10
WRR836-01-A,3-20 year,11_17yr,Jo,Call List,2026-09-10
WYG353-01-A,3-20 year,11_17yr,Jo,Call List,2026-09-10
WYZ100-01-A,3-20 year,11_17yr,Jo,Call List,2026-09-10
WZT862-01-A,3-20 year,11_17yr,Jo,Call List,2026-09-10
XDP115-01-A,3-20 year,11_17yr,Jo,Call List,2026-09-10
XDR789-01-A,3-20 year,11_17yr,Jo,Call List,2026-09-10
XDV108-01-A,3-20 year,11_17yr,Jo,Call List,2026-09-10
XFN825-01-A,3-20 year,11_17yr,Jo,Call List,2026-09-10
XFQ902-01-A,3-20 year,11_17yr,Jo,Call List,2026-09-10
XHC521-01-A,3-20 year,11_17yr,Jo,Call List,2026-09-10
XKF860-01-A,3-20 year,11_17yr,Jo,Call List,2026-09-10
XKF863-01-A,3-20 year,11_17yr,Jo,Call List,2026-09-10
XRM042-01-A,3-20 year,11_17yr,Jo,Call List,2026-09-10
XRZ528-01-A,3-20 year,11_17yr,Jo,Call List,2026-09-10
XSN254-01-A,3-20 year,11_17yr,Jo,Call List,2026-09-10
XWJ117-01-A,3-20 year,11_17yr,Jo,Call List,2026-09-10
YDG462-01-A,3-20 year,11_17yr,Jo,Call List,2026-09-10
YHF868-01-A,3-20 year,11_17yr,Jo,Call List,2026-09-10
YHG909-01-A,3-20 year,11_17yr,Jo,Call List,2026-09-10
YLG694-01-A,3-20 year,11_17yr,Jo,Call List,2026-09-10
YLT145-01-M,3-20 year,11_17yr,Jo,Call List,2026-09-10
YLT145-01-N,3-20 year,11_17yr,Jo,Call List,2026-09-10
YML634-01-A,3-20 year,11_17yr,Jo,Call List,2026-09-10
YNZ000-01-A,3-20 year,11_17yr,Jo,Call List,2026-09-10
YQJ784-01-A,3-20 year,11_17yr,Jo,Call List,2026-09-10
YRF165-01-A,3-20 year,11_17yr,Jo,Call List,2026-09-10
YSL489-01-A,3-20 year,11_17yr,Jo,Call List,2026-09-10
YVB489-01-A,3-20 year,11_17yr,Jo,Call List,2026-09-10
YWL484-01-A,3-20 year,11_17yr,Jo,Call List,2026-09-10
YXL848-01-A,3-20 year,11_17yr,Jo,Call List,2026-09-10
YXY517-01-A,3-20 year,11_17yr,Jo,Call List,2026-09-10
YYJ169-01-A,3-20 year,11_17yr,Jo,Call List,2026-09-10
ZGM004-01-A,3-20 year,11_17yr,Jo,Call List,2026-09-10
ZLN940-01-A,3-20 year,11_17yr,Jo,Call List,2026-09-10
ZNQ676-01-A,3-20 year,11_17yr,Jo,Call List,2026-09-10
ZNT549-01-A,3-20 year,11_17yr,Jo,Call List,2026-09-10
ZPR445-01-A,3-20 year,11_17yr,Jo,Call List,2026-09-10
ZPX220-01-A,3-20 year,11_17yr,Jo,Call List,2026-09-10
ZQL875-01-A,3-20 year,11_17yr,Jo,Call List,2026-09-10
ZQT032-01-A,3-20 year,11_17yr,Jo,Call List,2026-09-10
ZQV369-01-A,3-20 year,11_17yr,Jo,Call List,2026-09-10
ZSB509-01-A,3-20 year,11_17yr,Jo,Call List,2026-09-10
BBJ428-01-A,3-20 year,potential,Jo,Call List,2026-09-10
BBM384-01-A,3-20 year,potential,Jo,Call List,2026-09-10
BDM298-01-A,3-20 year,potential,Jo,Call List,2026-09-10
BQF686-01-A,3-20 year,potential,Jo,Call List,2026-09-10
BXR294-01-A,3-20 year,potential,Jo,Call List,2026-09-10
CDR435-01-A,3-20 year,potential,Jo,Call List,2026-09-10
CJT350-01-A,3-20 year,potential,Jo,Call List,2026-09-10
CLL983-01-A,3-20 year,potential,Jo,Call List,2026-09-10
CLP132-01-A,3-20 year,potential,Jo,Call List,2026-09-10
CPJ264-01-A,3-20 year,potential,Jo,Call List,2026-09-10
CYC581-01-A,3-20 year,potential,Jo,Call List,2026-09-10
DCH193-01-A,3-20 year,potential,Jo,Call List,2026-09-10
DKQ975-01-A,3-20 year,potential,Jo,Call List,2026-09-10
DSL394-01-A,3-20 year,potential,Jo,Call List,2026-09-10
DVB445-01-A,3-20 year,potential,Jo,Call List,2026-09-10
DYD065-01-A,3-20 year,potential,Jo,Call List,2026-09-10
DZW338-01-A,3-20 year,potential,Jo,Call List,2026-09-10
FDT477-01-A,3-20 year,potential,Jo,Call List,2026-09-10
FJY846-01-A,3-20 year,potential,Jo,Call List,2026-09-10
FMB032-01-A,3-20 year,potential,Jo,Call List,2026-09-10
FTC064-01-A,3-20 year,potential,Jo,Call List,2026-09-10
FTT082-01-A,3-20 year,potential,Jo,Call List,2026-09-10
FVG235-01-A,3-20 year,potential,Jo,Call List,2026-09-10
GJC502-01-A,3-20 year,potential,Jo,Call List,2026-09-10
GJH140-01-A,3-20 year,potential,Jo,Call List,2026-09-10
GKK984-01-A,3-20 year,potential,Jo,Call List,2026-09-10
GNT905-01-A,3-20 year,potential,Jo,Call List,2026-09-10
GSQ220-01-A,3-20 year,potential,Jo,Call List,2026-09-10
GVN520-01-A,3-20 year,potential,Jo,Call List,2026-09-10
HDD650-01-A,3-20 year,potential,Jo,Call List,2026-09-10
HFF071-01-A,3-20 year,potential,Jo,Call List,2026-09-10
HHL453-01-A,3-20 year,potential,Jo,Call List,2026-09-10
HXR599-01-A,3-20 year,potential,Jo,Call List,2026-09-10
JNN395-01-A,3-20 year,potential,Jo,Call List,2026-09-10
JZM828-01-A,3-20 year,potential,Jo,Call List,2026-09-10
KDC194-01-A,3-20 year,potential,Jo,Call List,2026-09-10
KDC194-02-A,3-20 year,potential,Jo,Call List,2026-09-10
KJX877-01-A,3-20 year,potential,Jo,Call List,2026-09-10
KRR661-01-A,3-20 year,potential,Jo,Call List,2026-09-10
KVH799-01-A,3-20 year,potential,Jo,Call List,2026-09-10
KXY174-01-A,3-20 year,potential,Jo,Call List,2026-09-10
KZT613-01-A,3-20 year,potential,Jo,Call List,2026-09-10
LJM640-01-A,3-20 year,potential,Jo,Call List,2026-09-10
LLB055-01-A,3-20 year,potential,Jo,Call List,2026-09-10
LSV600-01-A,3-20 year,potential,Jo,Call List,2026-09-10
LSW678-01-A,3-20 year,potential,Jo,Call List,2026-09-10
LVX258-01-A,3-20 year,potential,Jo,Call List,2026-09-10
LYZ378-01-A,3-20 year,potential,Jo,Call List,2026-09-10
MCY712-01-A,3-20 year,potential,Jo,Call List,2026-09-10
MHK461-01-A,3-20 year,potential,Jo,Call List,2026-09-10
MMV447-01-A,3-20 year,potential,Jo,Call List,2026-09-10
MRP007-01-A,3-20 year,potential,Jo,Call List,2026-09-10
MSG043-01-A,3-20 year,potential,Jo,Call List,2026-09-10
MWH956-01-A,3-20 year,potential,Jo,Call List,2026-09-10
MXX962-01-A,3-20 year,potential,Jo,Call List,2026-09-10
MXZ068-01-A,3-20 year,potential,Jo,Call List,2026-09-10
MYL630-01-A,3-20 year,potential,Jo,Call List,2026-09-10
MYL630-02-A,3-20 year,potential,Jo,Call List,2026-09-10
MYL630-03-A,3-20 year,potential,Jo,Call List,2026-09-10
NDS399-01-A,3-20 year,potential,Jo,Call List,2026-09-10
NFN023-01-A,3-20 year,potential,Jo,Call List,2026-09-10
NMK742-01-A,3-20 year,potential,Jo,Call List,2026-09-10
NNQ829-01-A,3-20 year,potential,Jo,Call List,2026-09-10
NQR938-01-A,3-20 year,potential,Jo,Call List,2026-09-10
NTM103-01-A,3-20 year,potential,Jo,Call List,2026-09-10
NTT798-01-A,3-20 year,potential,Jo,Call List,2026-09-10
NWH124-01-A,3-20 year,potential,Jo,Call List,2026-09-10
NXR556-01-A,3-20 year,potential,Jo,Call List,2026-09-10
NZT852-01-A,3-20 year,potential,Jo,Call List,2026-09-10
PCG628-01-A,3-20 year,potential,Jo,Call List,2026-09-10
PGZ646-01-A,3-20 year,potential,Jo,Call List,2026-09-10
PPS994-01-A,3-20 year,potential,Jo,Call List,2026-09-10
PQB272-01-A,3-20 year,potential,Jo,Call List,2026-09-10
QDK745-01-A,3-20 year,potential,Jo,Call List,2026-09-10
QFF855-01-A,3-20 year,potential,Jo,Call List,2026-09-10
QFZ582-01-A,3-20 year,potential,Jo,Call List,2026-09-10
QTV353-01-A,3-20 year,potential,Jo,Call List,2026-09-10
QYM418-01-A,3-20 year,potential,Jo,Call List,2026-09-10
RDF384-01-A,3-20 year,potential,Jo,Call List,2026-09-10
RKN004-01-A,3-20 year,potential,Jo,Call List,2026-09-10
RLV585-01-A,3-20 year,potential,Jo,Call List,2026-09-10
RNF922-01-A,3-20 year,potential,Jo,Call List,2026-09-10
RPG412-01-A,3-20 year,potential,Jo,Call List,2026-09-10
RYL982-01-A,3-20 year,potential,Jo,Call List,2026-09-10
RZN087-01-A,3-20 year,potential,Jo,Call List,2026-09-10
SDB837-01-A,3-20 year,potential,Jo,Call List,2026-09-10
SDH473-01-A,3-20 year,potential,Jo,Call List,2026-09-10
SDH473-02-A,3-20 year,potential,Jo,Call List,2026-09-10
SDY281-01-A,3-20 year,potential,Jo,Call List,2026-09-10
SFT216-01-A,3-20 year,potential,Jo,Call List,2026-09-10
SPS045-01-A,3-20 year,potential,Jo,Call List,2026-09-10
TBK288-01-A,3-20 year,potential,Jo,Call List,2026-09-10
TFX456-01-A,3-20 year,potential,Jo,Call List,2026-09-10
TFX572-01-A,3-20 year,potential,Jo,Call List,2026-09-10
TGF485-01-A,3-20 year,potential,Jo,Call List,2026-09-10
THV667-01-A,3-20 year,potential,Jo,Call List,2026-09-10
THW375-01-A,3-20 year,potential,Jo,Call List,2026-09-10
TJS459-01-A,3-20 year,potential,Jo,Call List,2026-09-10
TLS032-01-A,3-20 year,potential,Jo,Call List,2026-09-10
TLY185-01-A,3-20 year,potential,Jo,Call List,2026-09-10
TSH245-01-A,3-20 year,potential,Jo,Call List,2026-09-10
TZP582-01-A,3-20 year,potential,Jo,Call List,2026-09-10
VHH078-01-A,3-20 year,potential,Jo,Call List,2026-09-10
VMT456-01-A,3-20 year,potential,Jo,Call List,2026-09-10
VPK831-01-A,3-20 year,potential,Jo,Call List,2026-09-10
VTM039-01-A,3-20 year,potential,Jo,Call List,2026-09-10
VWW669-01-A,3-20 year,potential,Jo,Call List,2026-09-10
WBF935-01-A,3-20 year,potential,Jo,Call List,2026-09-10
WPF796-01-A,3-20 year,potential,Jo,Call List,2026-09-10
WPF867-01-A,3-20 year,potential,Jo,Call List,2026-09-10
WVW088-01-A,3-20 year,potential,Jo,Call List,2026-09-10
WWM392-01-A,3-20 year,potential,Jo,Call List,2026-09-10
XCN280-01-A,3-20 year,potential,Jo,Call List,2026-09-10
XFL163-01-A,3-20 year,potential,Jo,Call List,2026-09-10
XRP136-01-A,3-20 year,potential,Jo,Call List,2026-09-10
XTH200-02-A,3-20 year,potential,Jo,Call List,2026-09-10
XWH745-01-A,3-20 year,potential,Jo,Call List,2026-09-10
YDD897-01-A,3-20 year,potential,Jo,Call List,2026-09-10
YQY826-01-A,3-20 year,potential,Jo,Call List,2026-09-10
YZY972-01-A,3-20 year,potential,Jo,Call List,2026-09-10
YZY972-02-A,3-20 year,potential,Jo,Call List,2026-09-10
ZGX188-02-A,3-20 year,potential,Jo,Call List,2026-09-10
ZHY092-01-A,3-20 year,potential,Jo,Call List,2026-09-10
ZMG778-01-A,3-20 year,potential,Jo,Call List,2026-09-10
ZSX515-01-A,3-20 year,potential,Jo,Call List,2026-09-10
ZZV570-01-A,3-20 year,potential,Jo,Call List,2026-09-10
SPR662-01-A,3-20 year,6_10yr,Jody,Call List,2026-09-10
SXJ131-01-A,3-20 year,6_10yr,Jody,Call List,2026-09-10
SYJ996-01-M,3-20 year,6_10yr,Jody,Call List,2026-09-10
SYJ996-01-N,3-20 year,6_10yr,Jody,Call List,2026-09-10
TDY935-01-A,3-20 year,6_10yr,Jody,Call List,2026-09-10
TLP747-01-A,3-20 year,6_10yr,Jody,Call List,2026-09-10
TNR204-01-A,3-20 year,6_10yr,Jody,Call List,2026-09-10
TNW752-01-A,3-20 year,6_10yr,Jody,Call List,2026-09-10
TNZ700-01-A,3-20 year,6_10yr,Jody,Call List,2026-09-10
TPC143-01-A,3-20 year,6_10yr,Jody,Call List,2026-09-10
TPJ496-01-A,3-20 year,6_10yr,Jody,Call List,2026-09-10
TQQ027-01-A,3-20 year,6_10yr,Jody,Call List,2026-09-10
TRL113-01-A,3-20 year,6_10yr,Jody,Call List,2026-09-10
TSC574-01-A,3-20 year,6_10yr,Jody,Call List,2026-09-10
TSN328-01-M,3-20 year,6_10yr,Jody,Call List,2026-09-10
TSN328-01-N,3-20 year,6_10yr,Jody,Call List,2026-09-10
TVM525-01-A,3-20 year,6_10yr,Jody,Call List,2026-09-10
TWD966-01-A,3-20 year,6_10yr,Jody,Call List,2026-09-10
TWT305-01-A,3-20 year,6_10yr,Jody,Call List,2026-09-10
TXF197-01-A,3-20 year,6_10yr,Jody,Call List,2026-09-10
VBK954-01-A,3-20 year,6_10yr,Jody,Call List,2026-09-10
VCP015-01-A,3-20 year,6_10yr,Jody,Call List,2026-09-10
VHC022-01-A,3-20 year,6_10yr,Jody,Call List,2026-09-10
VKY771-01-A,3-20 year,6_10yr,Jody,Call List,2026-09-10
VMG428-01-A,3-20 year,6_10yr,Jody,Call List,2026-09-10
VQX210-01-A,3-20 year,6_10yr,Jody,Call List,2026-09-10
VRS810-01-A,3-20 year,6_10yr,Jody,Call List,2026-09-10
VWC247-01-A,3-20 year,6_10yr,Jody,Call List,2026-09-10
VWC757-01-A,3-20 year,6_10yr,Jody,Call List,2026-09-10
VXC743-01-A,3-20 year,6_10yr,Jody,Call List,2026-09-10
VXN541-01-A,3-20 year,6_10yr,Jody,Call List,2026-09-10
WDB499-01-A,3-20 year,6_10yr,Jody,Call List,2026-09-10
WDS670-01-A,3-20 year,6_10yr,Jody,Call List,2026-09-10
WFY450-01-A,3-20 year,6_10yr,Jody,Call List,2026-09-10
WGQ246-01-A,3-20 year,6_10yr,Jody,Call List,2026-09-10
WJQ794-01-A,3-20 year,6_10yr,Jody,Call List,2026-09-10
WKB507-01-A,3-20 year,6_10yr,Jody,Call List,2026-09-10
WPX155-01-A,3-20 year,6_10yr,Jody,Call List,2026-09-10
WQX112-01-A,3-20 year,6_10yr,Jody,Call List,2026-09-10
WSF841-01-A,3-20 year,6_10yr,Jody,Call List,2026-09-10
WSP794-01-A,3-20 year,6_10yr,Jody,Call List,2026-09-10
WTN483-01-A,3-20 year,6_10yr,Jody,Call List,2026-09-10
WXD665-01-A,3-20 year,6_10yr,Jody,Call List,2026-09-10
WYL000-01-A,3-20 year,6_10yr,Jody,Call List,2026-09-10
WYN485-01-A,3-20 year,6_10yr,Jody,Call List,2026-09-10
WYR002-01-A,3-20 year,6_10yr,Jody,Call List,2026-09-10
WZF119-01-A,3-20 year,6_10yr,Jody,Call List,2026-09-10
XBB050-01-A,3-20 year,6_10yr,Jody,Call List,2026-09-10
XHP409-01-A,3-20 year,6_10yr,Jody,Call List,2026-09-10
XKM202-01-A,3-20 year,6_10yr,Jody,Call List,2026-09-10
XQD155-01-A,3-20 year,6_10yr,Jody,Call List,2026-09-10
XSW350-01-A,3-20 year,6_10yr,Jody,Call List,2026-09-10
XTH804-01-A,3-20 year,6_10yr,Jody,Call List,2026-09-10
XTP134-01-A,3-20 year,6_10yr,Jody,Call List,2026-09-10
XVF774-01-A,3-20 year,6_10yr,Jody,Call List,2026-09-10
XVL743-01-A,3-20 year,6_10yr,Jody,Call List,2026-09-10
XXW639-01-A,3-20 year,6_10yr,Jody,Call List,2026-09-10
XYW274-01-A,3-20 year,6_10yr,Jody,Call List,2026-09-10
YCG039-01-A,3-20 year,6_10yr,Jody,Call List,2026-09-10
YCK660-01-M,3-20 year,6_10yr,Jody,Call List,2026-09-10
YCK660-01-N,3-20 year,6_10yr,Jody,Call List,2026-09-10
YDZ239-01-A,3-20 year,6_10yr,Jody,Call List,2026-09-10
YFG901-01-A,3-20 year,6_10yr,Jody,Call List,2026-09-10
YHX112-01-A,3-20 year,6_10yr,Jody,Call List,2026-09-10
YJD781-01-A,3-20 year,6_10yr,Jody,Call List,2026-09-10
YKX813-01-A,3-20 year,6_10yr,Jody,Call List,2026-09-10
YLV944-01-A,3-20 year,6_10yr,Jody,Call List,2026-09-10
YNZ445-01-A,3-20 year,6_10yr,Jody,Call List,2026-09-10
YPG925-01-A,3-20 year,6_10yr,Jody,Call List,2026-09-10
YRN695-01-A,3-20 year,6_10yr,Jody,Call List,2026-09-10
YWV134-01-A,3-20 year,6_10yr,Jody,Call List,2026-09-10
ZBF912-01-A,3-20 year,6_10yr,Jody,Call List,2026-09-10
ZGB387-01-A,3-20 year,6_10yr,Jody,Call List,2026-09-10
ZND119-01-A,3-20 year,6_10yr,Jody,Call List,2026-09-10
ZRG154-01-A,3-20 year,6_10yr,Jody,Call List,2026-09-10
ZSD451-01-A,3-20 year,6_10yr,Jody,Call List,2026-09-10
ZSF135-01-A,3-20 year,6_10yr,Jody,Call List,2026-09-10
ZVV604-01-A,3-20 year,6_10yr,Jody,Call List,2026-09-10
BQJ031-01-A,3-20 year,potential,Jody,Call List,2026-09-10
BTL873-01-A,3-20 year,potential,Jody,Call List,2026-09-10
BWK326-01-A,3-20 year,potential,Jody,Call List,2026-09-10
SPX674-01-A,3-20 year,potential,Jody,Call List,2026-09-10
TKH567-01-A,3-20 year,potential,Jody,Call List,2026-09-10
TTK443-01-A,3-20 year,potential,Jody,Call List,2026-09-10
TWB870-01-A,3-20 year,potential,Jody,Call List,2026-09-10
VCD048-01-A,3-20 year,potential,Jody,Call List,2026-09-10
VKK892-01-A,3-20 year,potential,Jody,Call List,2026-09-10
VLK257-01-A,3-20 year,potential,Jody,Call List,2026-09-10
VNY903-01-A,3-20 year,potential,Jody,Call List,2026-09-10
VPN686-01-A,3-20 year,potential,Jody,Call List,2026-09-10
VRH031-01-A,3-20 year,potential,Jody,Call List,2026-09-10
VXC560-01-A,3-20 year,potential,Jody,Call List,2026-09-10
WDT738-01-A,3-20 year,potential,Jody,Call List,2026-09-10
WYG561-01-A,3-20 year,potential,Jody,Call List,2026-09-10
XFJ079-01-A,3-20 year,potential,Jody,Call List,2026-09-10
XLZ929-01-A,3-20 year,potential,Jody,Call List,2026-09-10
XMK732-01-A,3-20 year,potential,Jody,Call List,2026-09-10
XRG155-01-A,3-20 year,potential,Jody,Call List,2026-09-10
XSM651-01-A,3-20 year,potential,Jody,Call List,2026-09-10
XXR770-01-A,3-20 year,potential,Jody,Call List,2026-09-10
YDX636-01-A,3-20 year,potential,Jody,Call List,2026-09-10
YKL878-01-A,3-20 year,potential,Jody,Call List,2026-09-10
YLJ301-01-A,3-20 year,potential,Jody,Call List,2026-09-10
YLV568-01-A,3-20 year,potential,Jody,Call List,2026-09-10
YSF372-01-A,3-20 year,potential,Jody,Call List,2026-09-10
YSS711-01-A,3-20 year,potential,Jody,Call List,2026-09-10
YVL672-01-A,3-20 year,potential,Jody,Call List,2026-09-10
YXC616-01-A,3-20 year,potential,Jody,Call List,2026-09-10
ZBS601-01-A,3-20 year,potential,Jody,Call List,2026-09-10
ZFW242-01-A,3-20 year,potential,Jody,Call List,2026-09-10
ZMC796-01-M,3-20 year,potential,Jody,Call List,2026-09-10
ZMC796-01-N,3-20 year,potential,Jody,Call List,2026-09-10
ZPB972-01-A,3-20 year,potential,Jody,Call List,2026-09-10
ZPF284-01-A,3-20 year,potential,Jody,Call List,2026-09-10
BLK940-01-A,6-35 month,12_23_month,Jody,Ripple,2026-09-10
BPM036-01-A,6-35 month,12_23_month,Jody,Ripple,2026-09-10
BRL402-01-A,6-35 month,12_23_month,Jody,Ripple,2026-09-10
BSM142-01-A,6-35 month,12_23_month,Jody,Ripple,2026-09-10
BVD945-01-A,6-35 month,12_23_month,Jody,Ripple,2026-09-10
BWJ550-01-A,6-35 month,12_23_month,Jody,Ripple,2026-09-10
BXJ770-01-A,6-35 month,12_23_month,Jody,Ripple,2026-09-10
CCC242-01-A,6-35 month,12_23_month,Jody,Ripple,2026-09-10
CJF735-01-A,6-35 month,12_23_month,Jody,Ripple,2026-09-10
CKL621-01-A,6-35 month,12_23_month,Jody,Ripple,2026-09-10
CLC701-01-A,6-35 month,12_23_month,Jody,Ripple,2026-09-10
CPS604-01-A,6-35 month,12_23_month,Jody,Ripple,2026-09-10
CSS863-02-A,6-35 month,12_23_month,Jody,Ripple,2026-09-10
CTT657-01-A,6-35 month,12_23_month,Jody,Ripple,2026-09-10
CVH892-01-A,6-35 month,12_23_month,Jody,Ripple,2026-09-10
CXB725-01-A,6-35 month,12_23_month,Jody,Ripple,2026-09-10
CYS167-01-A,6-35 month,12_23_month,Jody,Ripple,2026-09-10
CZY408-01-A,6-35 month,12_23_month,Jody,Ripple,2026-09-10
DLW793-01-A,6-35 month,12_23_month,Jody,Ripple,2026-09-10
DTQ848-01-A,6-35 month,12_23_month,Jody,Ripple,2026-09-10
FGC147-01-A,6-35 month,12_23_month,Jody,Ripple,2026-09-10
FNC855-01-A,6-35 month,12_23_month,Jody,Ripple,2026-09-10
FQH249-01-A,6-35 month,12_23_month,Jody,Ripple,2026-09-10
GBH901-01-A,6-35 month,12_23_month,Jody,Ripple,2026-09-10
GDJ477-01-A,6-35 month,12_23_month,Jody,Ripple,2026-09-10
GDN788-01-A,6-35 month,12_23_month,Jody,Ripple,2026-09-10
GMB721-01-A,6-35 month,12_23_month,Jody,Ripple,2026-09-10
GRM073-01-A,6-35 month,12_23_month,Jody,Ripple,2026-09-10
GXM057-01-A,6-35 month,12_23_month,Jody,Ripple,2026-09-10
GYL243-01-A,6-35 month,12_23_month,Jody,Ripple,2026-09-10
GZD028-01-A,6-35 month,12_23_month,Jody,Ripple,2026-09-10
GZR716-01-A,6-35 month,12_23_month,Jody,Ripple,2026-09-10
HHW537-01-A,6-35 month,12_23_month,Jody,Ripple,2026-09-10
HRG544-01-A,6-35 month,12_23_month,Jody,Ripple,2026-09-10
JBM041-01-A,6-35 month,12_23_month,Jody,Ripple,2026-09-10
JCX999-01-A,6-35 month,12_23_month,Jody,Ripple,2026-09-10
JFL342-01-A,6-35 month,12_23_month,Jody,Ripple,2026-09-10
JJT668-01-A,6-35 month,12_23_month,Jody,Ripple,2026-09-10
JLN021-01-A,6-35 month,12_23_month,Jody,Ripple,2026-09-10
JNW534-01-A,6-35 month,12_23_month,Jody,Ripple,2026-09-10
JQN133-01-A,6-35 month,12_23_month,Jody,Ripple,2026-09-10
JWP930-01-A,6-35 month,12_23_month,Jody,Ripple,2026-09-10
JXP185-01-A,6-35 month,12_23_month,Jody,Ripple,2026-09-10
JYR948-01-A,6-35 month,12_23_month,Jody,Ripple,2026-09-10
JZC874-01-A,6-35 month,12_23_month,Jody,Ripple,2026-09-10
KJR619-01-A,6-35 month,12_23_month,Jody,Ripple,2026-09-10
KLZ533-01-A,6-35 month,12_23_month,Jody,Ripple,2026-09-10
KRR544-01-A,6-35 month,12_23_month,Jody,Ripple,2026-09-10
KRS023-01-A,6-35 month,12_23_month,Jody,Ripple,2026-09-10
KWV665-01-A,6-35 month,12_23_month,Jody,Ripple,2026-09-10
KXF530-01-A,6-35 month,12_23_month,Jody,Ripple,2026-09-10
LBZ361-01-A,6-35 month,12_23_month,Jody,Ripple,2026-09-10
LHC177-01-A,6-35 month,12_23_month,Jody,Ripple,2026-09-10
LLZ021-01-A,6-35 month,12_23_month,Jody,Ripple,2026-09-10
LNT397-01-A,6-35 month,12_23_month,Jody,Ripple,2026-09-10
LRJ642-01-A,6-35 month,12_23_month,Jody,Ripple,2026-09-10
LTS268-01-A,6-35 month,12_23_month,Jody,Ripple,2026-09-10
LZQ650-01-A,6-35 month,12_23_month,Jody,Ripple,2026-09-10
LZV055-01-A,6-35 month,12_23_month,Jody,Ripple,2026-09-10
MFH339-01-A,6-35 month,12_23_month,Jody,Ripple,2026-09-10
MJZ709-01-A,6-35 month,12_23_month,Jody,Ripple,2026-09-10
MMV961-01-A,6-35 month,12_23_month,Jody,Ripple,2026-09-10
MNR068-01-A,6-35 month,12_23_month,Jody,Ripple,2026-09-10
MVK292-01-A,6-35 month,12_23_month,Jody,Ripple,2026-09-10
NCD314-01-A,6-35 month,12_23_month,Jody,Ripple,2026-09-10
NCG882-01-A,6-35 month,12_23_month,Jody,Ripple,2026-09-10
NDG495-01-A,6-35 month,12_23_month,Jody,Ripple,2026-09-10
NDP128-01-A,6-35 month,12_23_month,Jody,Ripple,2026-09-10
NPM662-01-A,6-35 month,12_23_month,Jody,Ripple,2026-09-10
NSQ870-01-A,6-35 month,12_23_month,Jody,Ripple,2026-09-10
PGM615-01-A,6-35 month,12_23_month,Jody,Ripple,2026-09-10
PHN877-02-A,6-35 month,12_23_month,Jody,Ripple,2026-09-10
PLD055-01-A,6-35 month,12_23_month,Jody,Ripple,2026-09-10
PSQ576-01-A,6-35 month,12_23_month,Jody,Ripple,2026-09-10
PTL466-01-A,6-35 month,12_23_month,Jody,Ripple,2026-09-10
PVP473-01-A,6-35 month,12_23_month,Jody,Ripple,2026-09-10
QHF620-01-A,6-35 month,12_23_month,Jody,Ripple,2026-09-10
QJL577-01-A,6-35 month,12_23_month,Jody,Ripple,2026-09-10
QQL383-01-A,6-35 month,12_23_month,Jody,Ripple,2026-09-10
QVW747-01-A,6-35 month,12_23_month,Jody,Ripple,2026-09-10
RDC147-01-A,6-35 month,12_23_month,Jody,Ripple,2026-09-10
RDK869-01-A,6-35 month,12_23_month,Jody,Ripple,2026-09-10
RDL710-01-A,6-35 month,12_23_month,Jody,Ripple,2026-09-10
RMH180-01-A,6-35 month,12_23_month,Jody,Ripple,2026-09-10
RRB727-01-A,6-35 month,12_23_month,Jody,Ripple,2026-09-10
RZS580-01-A,6-35 month,12_23_month,Jody,Ripple,2026-09-10
RZV201-01-A,6-35 month,12_23_month,Jody,Ripple,2026-09-10
RZY993-01-A,6-35 month,12_23_month,Jody,Ripple,2026-09-10
SBH525-01-A,6-35 month,12_23_month,Jody,Ripple,2026-09-10
SJB279-01-A,6-35 month,12_23_month,Jody,Ripple,2026-09-10
SJH036-01-A,6-35 month,12_23_month,Jody,Ripple,2026-09-10
SMQ889-01-A,6-35 month,12_23_month,Jody,Ripple,2026-09-10
SYW884-01-A,6-35 month,12_23_month,Jody,Ripple,2026-09-10
TDX359-01-A,6-35 month,12_23_month,Jody,Ripple,2026-09-10
TPW315-01-A,6-35 month,12_23_month,Jody,Ripple,2026-09-10
TZB922-01-A,6-35 month,12_23_month,Jody,Ripple,2026-09-10
VDW899-01-A,6-35 month,12_23_month,Jody,Ripple,2026-09-10
VDW899-01-B,6-35 month,12_23_month,Jody,Ripple,2026-09-10
VLQ825-01-A,6-35 month,12_23_month,Jody,Ripple,2026-09-10
VZY119-01-A,6-35 month,12_23_month,Jody,Ripple,2026-09-10
WSG161-01-A,6-35 month,12_23_month,Jody,Ripple,2026-09-10
XFH617-01-A,6-35 month,12_23_month,Jody,Ripple,2026-09-10
XGT144-01-A,6-35 month,12_23_month,Jody,Ripple,2026-09-10
XKQ019-01-A,6-35 month,12_23_month,Jody,Ripple,2026-09-10
XPJ670-01-A,6-35 month,12_23_month,Jody,Ripple,2026-09-10
XSP178-01-A,6-35 month,12_23_month,Jody,Ripple,2026-09-10
XYN414-01-A,6-35 month,12_23_month,Jody,Ripple,2026-09-10
YGQ976-01-A,6-35 month,12_23_month,Jody,Ripple,2026-09-10
YHK945-01-A,6-35 month,12_23_month,Jody,Ripple,2026-09-10
YMF346-01-A,6-35 month,12_23_month,Jody,Ripple,2026-09-10
YMP799-01-A,6-35 month,12_23_month,Jody,Ripple,2026-09-10
YND734-01-A,6-35 month,12_23_month,Jody,Ripple,2026-09-10
YNF452-01-A,6-35 month,12_23_month,Jody,Ripple,2026-09-10
YNF452-01-B,6-35 month,12_23_month,Jody,Ripple,2026-09-10
YPB464-01-A,6-35 month,12_23_month,Jody,Ripple,2026-09-10
YRM458-01-A,6-35 month,12_23_month,Jody,Ripple,2026-09-10
YRM458-01-B,6-35 month,12_23_month,Jody,Ripple,2026-09-10
YXJ085-01-A,6-35 month,12_23_month,Jody,Ripple,2026-09-10
YYB078-01-A,6-35 month,12_23_month,Jody,Ripple,2026-09-10
ZMK813-01-A,6-35 month,12_23_month,Jody,Ripple,2026-09-10
ZVD237-01-A,6-35 month,12_23_month,Jody,Ripple,2026-09-10
WRD249-01-A,6-35 month,6_11_month,Jody,Ripple,2026-09-10
DHY993-01-A,3-20 year,18_20yr,Jolyn,Call List,2026-09-10
GCW956-01-A,3-20 year,18_20yr,Jolyn,Call List,2026-09-10
GTK652-01-A,3-20 year,18_20yr,Jolyn,Call List,2026-09-10
LHD338-01-A,3-20 year,18_20yr,Jolyn,Call List,2026-09-10
LVV584-01-A,3-20 year,18_20yr,Jolyn,Call List,2026-09-10
LYJ011-01-A,3-20 year,18_20yr,Jolyn,Call List,2026-09-10
MSF514-01-A,3-20 year,18_20yr,Jolyn,Call List,2026-09-10
MVH088-01-A,3-20 year,18_20yr,Jolyn,Call List,2026-09-10
NSY520-01-A,3-20 year,18_20yr,Jolyn,Call List,2026-09-10
QPJ289-01-A,3-20 year,18_20yr,Jolyn,Call List,2026-09-10
RGS961-01-A,3-20 year,18_20yr,Jolyn,Call List,2026-09-10
SFL447-01-A,3-20 year,18_20yr,Jolyn,Call List,2026-09-10
ZRX606-01-A,3-20 year,18_20yr,Jolyn,Call List,2026-09-10
HCC059-01-A,3-20 year,potential,Jolyn,Call List,2026-09-10
XTH200-01-A,3-20 year,potential,Jolyn,Call List,2026-09-10
XTV082-01-A,3-20 year,potential,Jolyn,Call List,2026-09-10
ZFG815-01-A,3-20 year,potential,Jolyn,Call List,2026-09-10
BBB555-01-A,3-20 year,3_5yr,Nicole,Call List,2026-09-10
BGL926-01-A,3-20 year,3_5yr,Nicole,Call List,2026-09-10
BHN151-01-A,3-20 year,3_5yr,Nicole,Call List,2026-09-10
BJV814-01-A,3-20 year,3_5yr,Nicole,Call List,2026-09-10
BKG532-01-A,3-20 year,3_5yr,Nicole,Call List,2026-09-10
BKX426-01-A,3-20 year,3_5yr,Nicole,Call List,2026-09-10
BLQ684-01-A,3-20 year,3_5yr,Nicole,Call List,2026-09-10
BNH325-01-A,3-20 year,3_5yr,Nicole,Call List,2026-09-10
BPZ685-01-A,3-20 year,3_5yr,Nicole,Call List,2026-09-10
BQW274-01-A,3-20 year,3_5yr,Nicole,Call List,2026-09-10
BVC213-01-A,3-20 year,3_5yr,Nicole,Call List,2026-09-10
BZP492-01-A,3-20 year,3_5yr,Nicole,Call List,2026-09-10
BZW650-01-A,3-20 year,3_5yr,Nicole,Call List,2026-09-10
CCS971-01-A,3-20 year,3_5yr,Nicole,Call List,2026-09-10
CDC739-01-A,3-20 year,3_5yr,Nicole,Call List,2026-09-10
CGF583-01-A,3-20 year,3_5yr,Nicole,Call List,2026-09-10
CMC548-01-A,3-20 year,3_5yr,Nicole,Call List,2026-09-10
CRB612-01-A,3-20 year,3_5yr,Nicole,Call List,2026-09-10
CSN715-01-A,3-20 year,3_5yr,Nicole,Call List,2026-09-10
CSS945-01-A,3-20 year,3_5yr,Nicole,Call List,2026-09-10
CVS302-01-A,3-20 year,3_5yr,Nicole,Call List,2026-09-10
CXF187-01-A,3-20 year,3_5yr,Nicole,Call List,2026-09-10
CYT370-01-A,3-20 year,3_5yr,Nicole,Call List,2026-09-10
CYW594-01-A,3-20 year,3_5yr,Nicole,Call List,2026-09-10
DBV304-01-A,3-20 year,3_5yr,Nicole,Call List,2026-09-10
DDD700-01-A,3-20 year,3_5yr,Nicole,Call List,2026-09-10
DFB212-01-A,3-20 year,3_5yr,Nicole,Call List,2026-09-10
DHS152-01-A,3-20 year,3_5yr,Nicole,Call List,2026-09-10
DJN821-01-A,3-20 year,3_5yr,Nicole,Call List,2026-09-10
DLC442-01-A,3-20 year,3_5yr,Nicole,Call List,2026-09-10
DNX591-01-A,3-20 year,3_5yr,Nicole,Call List,2026-09-10
DPZ842-01-A,3-20 year,3_5yr,Nicole,Call List,2026-09-10
DVY889-01-A,3-20 year,3_5yr,Nicole,Call List,2026-09-10
DXD675-01-A,3-20 year,3_5yr,Nicole,Call List,2026-09-10
DYN462-01-A,3-20 year,3_5yr,Nicole,Call List,2026-09-10
FCW336-01-A,3-20 year,3_5yr,Nicole,Call List,2026-09-10
FKK329-01-A,3-20 year,3_5yr,Nicole,Call List,2026-09-10
FQL745-01-A,3-20 year,3_5yr,Nicole,Call List,2026-09-10
FQL745-01-M,3-20 year,3_5yr,Nicole,Call List,2026-09-10
FTC406-01-A,3-20 year,3_5yr,Nicole,Call List,2026-09-10
FVN126-01-A,3-20 year,3_5yr,Nicole,Call List,2026-09-10
FVR293-01-A,3-20 year,3_5yr,Nicole,Call List,2026-09-10
FWT291-01-A,3-20 year,3_5yr,Nicole,Call List,2026-09-10
FYC718-01-A,3-20 year,3_5yr,Nicole,Call List,2026-09-10
FYD165-01-A,3-20 year,3_5yr,Nicole,Call List,2026-09-10
FYF019-01-A,3-20 year,3_5yr,Nicole,Call List,2026-09-10
FYN107-01-A,3-20 year,3_5yr,Nicole,Call List,2026-09-10
GCP510-02-A,3-20 year,3_5yr,Nicole,Call List,2026-09-10
GDW843-01-A,3-20 year,3_5yr,Nicole,Call List,2026-09-10
GDY251-01-A,3-20 year,3_5yr,Nicole,Call List,2026-09-10
GFK818-01-A,3-20 year,3_5yr,Nicole,Call List,2026-09-10
GGJ642-01-A,3-20 year,3_5yr,Nicole,Call List,2026-09-10
GHN653-01-A,3-20 year,3_5yr,Nicole,Call List,2026-09-10
GHT947-01-A,3-20 year,3_5yr,Nicole,Call List,2026-09-10
GJB876-01-A,3-20 year,3_5yr,Nicole,Call List,2026-09-10
GJK710-01-A,3-20 year,3_5yr,Nicole,Call List,2026-09-10
GKZ718-01-A,3-20 year,3_5yr,Nicole,Call List,2026-09-10
GRG479-01-A,3-20 year,3_5yr,Nicole,Call List,2026-09-10
GVV323-01-A,3-20 year,3_5yr,Nicole,Call List,2026-09-10
GWH817-01-A,3-20 year,3_5yr,Nicole,Call List,2026-09-10
GZC266-01-A,3-20 year,3_5yr,Nicole,Call List,2026-09-10
HDZ500-01-A,3-20 year,3_5yr,Nicole,Call List,2026-09-10
HHX837-01-A,3-20 year,3_5yr,Nicole,Call List,2026-09-10
HJW210-01-A,3-20 year,3_5yr,Nicole,Call List,2026-09-10
HKQ188-01-A,3-20 year,3_5yr,Nicole,Call List,2026-09-10
HLW497-01-A,3-20 year,3_5yr,Nicole,Call List,2026-09-10
HLZ294-01-A,3-20 year,3_5yr,Nicole,Call List,2026-09-10
HNV345-01-A,3-20 year,3_5yr,Nicole,Call List,2026-09-10
HQL318-01-A,3-20 year,3_5yr,Nicole,Call List,2026-09-10
HSB243-01-A,3-20 year,3_5yr,Nicole,Call List,2026-09-10
HSJ094-01-A,3-20 year,3_5yr,Nicole,Call List,2026-09-10
HSY291-01-A,3-20 year,3_5yr,Nicole,Call List,2026-09-10
HTW595-01-A,3-20 year,3_5yr,Nicole,Call List,2026-09-10
HXK737-01-A,3-20 year,3_5yr,Nicole,Call List,2026-09-10
HYF628-01-A,3-20 year,3_5yr,Nicole,Call List,2026-09-10
HYN340-01-A,3-20 year,3_5yr,Nicole,Call List,2026-09-10
JDH761-01-A,3-20 year,3_5yr,Nicole,Call List,2026-09-10
JFS363-01-A,3-20 year,3_5yr,Nicole,Call List,2026-09-10
JFS363-01-N,3-20 year,3_5yr,Nicole,Call List,2026-09-10
JHV440-01-A,3-20 year,3_5yr,Nicole,Call List,2026-09-10
JJK068-01-A,3-20 year,3_5yr,Nicole,Call List,2026-09-10
JKF478-01-A,3-20 year,3_5yr,Nicole,Call List,2026-09-10
JLV088-01-A,3-20 year,3_5yr,Nicole,Call List,2026-09-10
JMJ470-01-A,3-20 year,3_5yr,Nicole,Call List,2026-09-10
JNM411-01-A,3-20 year,3_5yr,Nicole,Call List,2026-09-10
JRJ709-01-A,3-20 year,3_5yr,Nicole,Call List,2026-09-10
JTV110-01-A,3-20 year,3_5yr,Nicole,Call List,2026-09-10
JVW695-01-A,3-20 year,3_5yr,Nicole,Call List,2026-09-10
JWB772-01-A,3-20 year,3_5yr,Nicole,Call List,2026-09-10
JYP178-01-A,3-20 year,3_5yr,Nicole,Call List,2026-09-10
JYP178-01-N,3-20 year,3_5yr,Nicole,Call List,2026-09-10
JZP660-01-A,3-20 year,3_5yr,Nicole,Call List,2026-09-10
KBQ321-01-A,3-20 year,3_5yr,Nicole,Call List,2026-09-10
KCV983-01-A,3-20 year,3_5yr,Nicole,Call List,2026-09-10
KFH643-01-A,3-20 year,3_5yr,Nicole,Call List,2026-09-10
KJL977-01-A,3-20 year,3_5yr,Nicole,Call List,2026-09-10
KJR698-01-A,3-20 year,3_5yr,Nicole,Call List,2026-09-10
KLK075-01-A,3-20 year,3_5yr,Nicole,Call List,2026-09-10
KNB361-01-A,3-20 year,3_5yr,Nicole,Call List,2026-09-10
KRH534-01-A,3-20 year,3_5yr,Nicole,Call List,2026-09-10
KYL401-01-A,3-20 year,3_5yr,Nicole,Call List,2026-09-10
LHH651-01-A,3-20 year,3_5yr,Nicole,Call List,2026-09-10
LHM354-01-A,3-20 year,3_5yr,Nicole,Call List,2026-09-10
LMR839-01-A,3-20 year,3_5yr,Nicole,Call List,2026-09-10
LNP424-01-A,3-20 year,3_5yr,Nicole,Call List,2026-09-10
LPT526-01-A,3-20 year,3_5yr,Nicole,Call List,2026-09-10
LQG249-01-A,3-20 year,3_5yr,Nicole,Call List,2026-09-10
LRS883-01-A,3-20 year,3_5yr,Nicole,Call List,2026-09-10
LSK283-01-A,3-20 year,3_5yr,Nicole,Call List,2026-09-10
LSZ581-01-A,3-20 year,3_5yr,Nicole,Call List,2026-09-10
LTR526-01-A,3-20 year,3_5yr,Nicole,Call List,2026-09-10
LXN959-01-A,3-20 year,3_5yr,Nicole,Call List,2026-09-10
LXZ862-01-A,3-20 year,3_5yr,Nicole,Call List,2026-09-10
LYC422-01-A,3-20 year,3_5yr,Nicole,Call List,2026-09-10
LZJ787-01-A,3-20 year,3_5yr,Nicole,Call List,2026-09-10
MBB404-01-A,3-20 year,3_5yr,Nicole,Call List,2026-09-10
MBC594-01-A,3-20 year,3_5yr,Nicole,Call List,2026-09-10
MBS013-01-A,3-20 year,3_5yr,Nicole,Call List,2026-09-10
MFH967-01-A,3-20 year,3_5yr,Nicole,Call List,2026-09-10
MJR181-01-A,3-20 year,3_5yr,Nicole,Call List,2026-09-10
MLW298-01-A,3-20 year,3_5yr,Nicole,Call List,2026-09-10
MMK311-01-A,3-20 year,3_5yr,Nicole,Call List,2026-09-10
MMK311-01-N,3-20 year,3_5yr,Nicole,Call List,2026-09-10
MMK829-01-A,3-20 year,3_5yr,Nicole,Call List,2026-09-10
MND976-01-A,3-20 year,3_5yr,Nicole,Call List,2026-09-10
MPX757-01-A,3-20 year,3_5yr,Nicole,Call List,2026-09-10
MPX858-01-A,3-20 year,3_5yr,Nicole,Call List,2026-09-10
MYN399-01-A,3-20 year,3_5yr,Nicole,Call List,2026-09-10
NDX702-01-A,3-20 year,3_5yr,Nicole,Call List,2026-09-10
NJJ317-01-A,3-20 year,3_5yr,Nicole,Call List,2026-09-10
NMM502-01-A,3-20 year,3_5yr,Nicole,Call List,2026-09-10
NMT952-01-A,3-20 year,3_5yr,Nicole,Call List,2026-09-10
NMV066-01-A,3-20 year,3_5yr,Nicole,Call List,2026-09-10
NNM301-01-A,3-20 year,3_5yr,Nicole,Call List,2026-09-10
NSY389-01-A,3-20 year,3_5yr,Nicole,Call List,2026-09-10
NVR913-01-A,3-20 year,3_5yr,Nicole,Call List,2026-09-10
NZS903-01-A,3-20 year,3_5yr,Nicole,Call List,2026-09-10
NZV480-01-A,3-20 year,3_5yr,Nicole,Call List,2026-09-10
PFD674-01-A,3-20 year,3_5yr,Nicole,Call List,2026-09-10
PGQ393-01-A,3-20 year,3_5yr,Nicole,Call List,2026-09-10
PJV833-01-A,3-20 year,3_5yr,Nicole,Call List,2026-09-10
PJW576-01-A,3-20 year,3_5yr,Nicole,Call List,2026-09-10
PKM194-01-A,3-20 year,3_5yr,Nicole,Call List,2026-09-10
PPK451-01-A,3-20 year,3_5yr,Nicole,Call List,2026-09-10
PXZ071-01-A,3-20 year,3_5yr,Nicole,Call List,2026-09-10
PYK212-01-A,3-20 year,3_5yr,Nicole,Call List,2026-09-10
PYM198-01-A,3-20 year,3_5yr,Nicole,Call List,2026-09-10
PYS199-01-A,3-20 year,3_5yr,Nicole,Call List,2026-09-10
QCQ304-01-A,3-20 year,3_5yr,Nicole,Call List,2026-09-10
QGD233-01-A,3-20 year,3_5yr,Nicole,Call List,2026-09-10
QGX254-01-A,3-20 year,3_5yr,Nicole,Call List,2026-09-10
QJZ096-01-A,3-20 year,3_5yr,Nicole,Call List,2026-09-10
QLS775-01-A,3-20 year,3_5yr,Nicole,Call List,2026-09-10
QMF776-01-A,3-20 year,3_5yr,Nicole,Call List,2026-09-10
QMG495-01-A,3-20 year,3_5yr,Nicole,Call List,2026-09-10
QNB666-01-A,3-20 year,3_5yr,Nicole,Call List,2026-09-10
QPF716-01-A,3-20 year,3_5yr,Nicole,Call List,2026-09-10
QQF400-01-A,3-20 year,3_5yr,Nicole,Call List,2026-09-10
QSP854-01-A,3-20 year,3_5yr,Nicole,Call List,2026-09-10
QTF710-01-A,3-20 year,3_5yr,Nicole,Call List,2026-09-10
QTN450-01-A,3-20 year,3_5yr,Nicole,Call List,2026-09-10
QWW532-01-A,3-20 year,3_5yr,Nicole,Call List,2026-09-10
QYD925-01-A,3-20 year,3_5yr,Nicole,Call List,2026-09-10
RCJ118-01-A,3-20 year,3_5yr,Nicole,Call List,2026-09-10
RHT150-01-A,3-20 year,3_5yr,Nicole,Call List,2026-09-10
RQS085-01-A,3-20 year,3_5yr,Nicole,Call List,2026-09-10
RQY432-01-A,3-20 year,3_5yr,Nicole,Call List,2026-09-10
RWP288-01-A,3-20 year,3_5yr,Nicole,Call List,2026-09-10
RYB389-01-A,3-20 year,3_5yr,Nicole,Call List,2026-09-10
RYB389-01-N,3-20 year,3_5yr,Nicole,Call List,2026-09-10
SKD083-01-A,3-20 year,3_5yr,Nicole,Call List,2026-09-10
SLS348-01-A,3-20 year,3_5yr,Nicole,Call List,2026-09-10
SPL344-01-A,3-20 year,3_5yr,Nicole,Call List,2026-09-10
SRC249-01-A,3-20 year,3_5yr,Nicole,Call List,2026-09-10
STZ858-01-A,3-20 year,3_5yr,Nicole,Call List,2026-09-10
SVH828-01-A,3-20 year,3_5yr,Nicole,Call List,2026-09-10
SWX990-01-A,3-20 year,3_5yr,Nicole,Call List,2026-09-10
SXZ167-01-A,3-20 year,3_5yr,Nicole,Call List,2026-09-10
TCG434-01-A,3-20 year,3_5yr,Nicole,Call List,2026-09-10
TCH588-01-A,3-20 year,3_5yr,Nicole,Call List,2026-09-10
TCS680-01-A,3-20 year,3_5yr,Nicole,Call List,2026-09-10
TGC340-01-A,3-20 year,3_5yr,Nicole,Call List,2026-09-10
TGG591-01-A,3-20 year,3_5yr,Nicole,Call List,2026-09-10
THH375-01-A,3-20 year,3_5yr,Nicole,Call List,2026-09-10
TKF822-01-A,3-20 year,3_5yr,Nicole,Call List,2026-09-10
TKT640-01-A,3-20 year,3_5yr,Nicole,Call List,2026-09-10
TMC569-01-A,3-20 year,3_5yr,Nicole,Call List,2026-09-10
TMD325-01-A,3-20 year,3_5yr,Nicole,Call List,2026-09-10
TQW993-01-A,3-20 year,3_5yr,Nicole,Call List,2026-09-10
TSR068-01-A,3-20 year,3_5yr,Nicole,Call List,2026-09-10
TVF938-01-A,3-20 year,3_5yr,Nicole,Call List,2026-09-10
TXK539-01-A,3-20 year,3_5yr,Nicole,Call List,2026-09-10
TXS292-01-A,3-20 year,3_5yr,Nicole,Call List,2026-09-10
TZR465-01-A,3-20 year,3_5yr,Nicole,Call List,2026-09-10
TZR553-01-A,3-20 year,3_5yr,Nicole,Call List,2026-09-10
VBC946-01-A,3-20 year,3_5yr,Nicole,Call List,2026-09-10
VCL006-01-A,3-20 year,3_5yr,Nicole,Call List,2026-09-10
VCT498-01-A,3-20 year,3_5yr,Nicole,Call List,2026-09-10
VCY263-01-A,3-20 year,3_5yr,Nicole,Call List,2026-09-10
VDF655-01-A,3-20 year,3_5yr,Nicole,Call List,2026-09-10
VDT886-01-A,3-20 year,3_5yr,Nicole,Call List,2026-09-10
VDW156-01-A,3-20 year,3_5yr,Nicole,Call List,2026-09-10
VFY142-01-A,3-20 year,3_5yr,Nicole,Call List,2026-09-10
VKF111-01-A,3-20 year,3_5yr,Nicole,Call List,2026-09-10
VKG640-01-A,3-20 year,3_5yr,Nicole,Call List,2026-09-10
VKV453-01-A,3-20 year,3_5yr,Nicole,Call List,2026-09-10
VLD311-01-A,3-20 year,3_5yr,Nicole,Call List,2026-09-10
VLZ486-01-A,3-20 year,3_5yr,Nicole,Call List,2026-09-10
VNC365-01-A,3-20 year,3_5yr,Nicole,Call List,2026-09-10
VPM317-01-A,3-20 year,3_5yr,Nicole,Call List,2026-09-10
VQF365-01-A,3-20 year,3_5yr,Nicole,Call List,2026-09-10
VRN902-01-A,3-20 year,3_5yr,Nicole,Call List,2026-09-10
VSD269-01-A,3-20 year,3_5yr,Nicole,Call List,2026-09-10
VVL844-01-A,3-20 year,3_5yr,Nicole,Call List,2026-09-10
VWX418-01-A,3-20 year,3_5yr,Nicole,Call List,2026-09-10
WDC372-01-A,3-20 year,3_5yr,Nicole,Call List,2026-09-10
WDM136-01-A,3-20 year,3_5yr,Nicole,Call List,2026-09-10
WFQ698-01-A,3-20 year,3_5yr,Nicole,Call List,2026-09-10
WGH698-01-A,3-20 year,3_5yr,Nicole,Call List,2026-09-10
WKW938-01-A,3-20 year,3_5yr,Nicole,Call List,2026-09-10
WLM620-01-A,3-20 year,3_5yr,Nicole,Call List,2026-09-10
WMM065-01-A,3-20 year,3_5yr,Nicole,Call List,2026-09-10
WSX337-01-A,3-20 year,3_5yr,Nicole,Call List,2026-09-10
XCF121-01-A,3-20 year,3_5yr,Nicole,Call List,2026-09-10
XCT053-01-A,3-20 year,3_5yr,Nicole,Call List,2026-09-10
XDS116-01-A,3-20 year,3_5yr,Nicole,Call List,2026-09-10
XGT908-01-A,3-20 year,3_5yr,Nicole,Call List,2026-09-10
XJC162-01-A,3-20 year,3_5yr,Nicole,Call List,2026-09-10
XKV703-01-A,3-20 year,3_5yr,Nicole,Call List,2026-09-10
XMR094-01-A,3-20 year,3_5yr,Nicole,Call List,2026-09-10
XNF114-01-A,3-20 year,3_5yr,Nicole,Call List,2026-09-10
XSM261-01-A,3-20 year,3_5yr,Nicole,Call List,2026-09-10
XSQ553-01-A,3-20 year,3_5yr,Nicole,Call List,2026-09-10
XTR824-01-A,3-20 year,3_5yr,Nicole,Call List,2026-09-10
XXC335-01-A,3-20 year,3_5yr,Nicole,Call List,2026-09-10
XXQ539-01-A,3-20 year,3_5yr,Nicole,Call List,2026-09-10
XZN379-01-A,3-20 year,3_5yr,Nicole,Call List,2026-09-10
YCX311-01-A,3-20 year,3_5yr,Nicole,Call List,2026-09-10
YDD017-01-A,3-20 year,3_5yr,Nicole,Call List,2026-09-10
YDW028-01-A,3-20 year,3_5yr,Nicole,Call List,2026-09-10
YFC067-01-A,3-20 year,3_5yr,Nicole,Call List,2026-09-10
YGB645-01-A,3-20 year,3_5yr,Nicole,Call List,2026-09-10
YML925-01-A,3-20 year,3_5yr,Nicole,Call List,2026-09-10
YMS783-01-A,3-20 year,3_5yr,Nicole,Call List,2026-09-10
YNQ580-01-A,3-20 year,3_5yr,Nicole,Call List,2026-09-10
YQL844-01-A,3-20 year,3_5yr,Nicole,Call List,2026-09-10
YRX265-01-A,3-20 year,3_5yr,Nicole,Call List,2026-09-10
YTT025-01-A,3-20 year,3_5yr,Nicole,Call List,2026-09-10
YWZ475-01-A,3-20 year,3_5yr,Nicole,Call List,2026-09-10
YXM745-01-A,3-20 year,3_5yr,Nicole,Call List,2026-09-10
YXX723-01-A,3-20 year,3_5yr,Nicole,Call List,2026-09-10
ZCR636-01-A,3-20 year,3_5yr,Nicole,Call List,2026-09-10
ZFP512-01-A,3-20 year,3_5yr,Nicole,Call List,2026-09-10
ZGQ068-01-A,3-20 year,3_5yr,Nicole,Call List,2026-09-10
ZHX342-01-A,3-20 year,3_5yr,Nicole,Call List,2026-09-10
ZJF967-01-A,3-20 year,3_5yr,Nicole,Call List,2026-09-10
ZKX281-01-A,3-20 year,3_5yr,Nicole,Call List,2026-09-10
ZRD863-01-A,3-20 year,3_5yr,Nicole,Call List,2026-09-10
ZRF252-01-A,3-20 year,3_5yr,Nicole,Call List,2026-09-10
ZTL361-01-A,3-20 year,3_5yr,Nicole,Call List,2026-09-10
ZVQ878-01-A,3-20 year,3_5yr,Nicole,Call List,2026-09-10
BBS494-01-A,3-20 year,potential,Nicole,Call List,2026-09-10
BBX981-01-A,3-20 year,potential,Nicole,Call List,2026-09-10
BHJ759-01-A,3-20 year,potential,Nicole,Call List,2026-09-10
BPQ270-01-A,3-20 year,potential,Nicole,Call List,2026-09-10
BQK029-01-A,3-20 year,potential,Nicole,Call List,2026-09-10
CQY789-01-A,3-20 year,potential,Nicole,Call List,2026-09-10
CSK716-01-A,3-20 year,potential,Nicole,Call List,2026-09-10
CZX247-01-A,3-20 year,potential,Nicole,Call List,2026-09-10
DDF581-01-A,3-20 year,potential,Nicole,Call List,2026-09-10
DHH526-01-A,3-20 year,potential,Nicole,Call List,2026-09-10
FKJ961-01-A,3-20 year,potential,Nicole,Call List,2026-09-10
FMC953-01-A,3-20 year,potential,Nicole,Call List,2026-09-10
FVG572-01-A,3-20 year,potential,Nicole,Call List,2026-09-10
FVG772-01-A,3-20 year,potential,Nicole,Call List,2026-09-10
FVG772-01-N,3-20 year,potential,Nicole,Call List,2026-09-10
GHF280-01-A,3-20 year,potential,Nicole,Call List,2026-09-10
GXN388-01-A,3-20 year,potential,Nicole,Call List,2026-09-10
HFR891-01-A,3-20 year,potential,Nicole,Call List,2026-09-10
HFR891-01-N,3-20 year,potential,Nicole,Call List,2026-09-10
HFT023-01-A,3-20 year,potential,Nicole,Call List,2026-09-10
HGR753-01-A,3-20 year,potential,Nicole,Call List,2026-09-10
HVB288-01-A,3-20 year,potential,Nicole,Call List,2026-09-10
HWS510-01-A,3-20 year,potential,Nicole,Call List,2026-09-10
HYH412-01-A,3-20 year,potential,Nicole,Call List,2026-09-10
HZM174-01-A,3-20 year,potential,Nicole,Call List,2026-09-10
JFG065-01-A,3-20 year,potential,Nicole,Call List,2026-09-10
JHY914-01-A,3-20 year,potential,Nicole,Call List,2026-09-10
JNL946-01-A,3-20 year,potential,Nicole,Call List,2026-09-10
JPX531-01-A,3-20 year,potential,Nicole,Call List,2026-09-10
JTM922-01-A,3-20 year,potential,Nicole,Call List,2026-09-10
KFC050-01-A,3-20 year,potential,Nicole,Call List,2026-09-10
KQD426-01-A,3-20 year,potential,Nicole,Call List,2026-09-10
KQM140-01-A,3-20 year,potential,Nicole,Call List,2026-09-10
KWL832-01-A,3-20 year,potential,Nicole,Call List,2026-09-10
LFW850-01-A,3-20 year,potential,Nicole,Call List,2026-09-10
LGP636-01-A,3-20 year,potential,Nicole,Call List,2026-09-10
LJD486-01-A,3-20 year,potential,Nicole,Call List,2026-09-10
LJD696-01-A,3-20 year,potential,Nicole,Call List,2026-09-10
LRZ988-01-A,3-20 year,potential,Nicole,Call List,2026-09-10
LSZ884-01-A,3-20 year,potential,Nicole,Call List,2026-09-10
LWJ992-01-A,3-20 year,potential,Nicole,Call List,2026-09-10
MCH579-01-A,3-20 year,potential,Nicole,Call List,2026-09-10
MLG277-01-A,3-20 year,potential,Nicole,Call List,2026-09-10
MMJ680-01-A,3-20 year,potential,Nicole,Call List,2026-09-10
MMQ065-01-A,3-20 year,potential,Nicole,Call List,2026-09-10
MPG530-01-A,3-20 year,potential,Nicole,Call List,2026-09-10
MWW431-01-A,3-20 year,potential,Nicole,Call List,2026-09-10
MXJ950-01-A,3-20 year,potential,Nicole,Call List,2026-09-10
MZB982-01-A,3-20 year,potential,Nicole,Call List,2026-09-10
NBF593-01-A,3-20 year,potential,Nicole,Call List,2026-09-10
NDF394-01-A,3-20 year,potential,Nicole,Call List,2026-09-10
NJS198-01-A,3-20 year,potential,Nicole,Call List,2026-09-10
NJW296-01-A,3-20 year,potential,Nicole,Call List,2026-09-10
NKQ202-01-A,3-20 year,potential,Nicole,Call List,2026-09-10
PCF029-01-A,3-20 year,potential,Nicole,Call List,2026-09-10
PFJ108-01-A,3-20 year,potential,Nicole,Call List,2026-09-10
PHZ636-01-A,3-20 year,potential,Nicole,Call List,2026-09-10
PJV818-01-A,3-20 year,potential,Nicole,Call List,2026-09-10
PKS896-01-A,3-20 year,potential,Nicole,Call List,2026-09-10
PLT854-01-A,3-20 year,potential,Nicole,Call List,2026-09-10
PML611-01-A,3-20 year,potential,Nicole,Call List,2026-09-10
PSK314-01-A,3-20 year,potential,Nicole,Call List,2026-09-10
PWH961-01-A,3-20 year,potential,Nicole,Call List,2026-09-10
PYC246-01-A,3-20 year,potential,Nicole,Call List,2026-09-10
PZP220-01-A,3-20 year,potential,Nicole,Call List,2026-09-10
QGJ874-01-A,3-20 year,potential,Nicole,Call List,2026-09-10
QHS933-01-A,3-20 year,potential,Nicole,Call List,2026-09-10
QKY801-01-A,3-20 year,potential,Nicole,Call List,2026-09-10
QQF061-01-A,3-20 year,potential,Nicole,Call List,2026-09-10
QSC215-01-A,3-20 year,potential,Nicole,Call List,2026-09-10
RGP420-01-A,3-20 year,potential,Nicole,Call List,2026-09-10
RLB023-01-A,3-20 year,potential,Nicole,Call List,2026-09-10
RLQ120-01-A,3-20 year,potential,Nicole,Call List,2026-09-10
RZR609-01-A,3-20 year,potential,Nicole,Call List,2026-09-10
SNC830-01-A,3-20 year,potential,Nicole,Call List,2026-09-10
SND172-01-A,3-20 year,potential,Nicole,Call List,2026-09-10
SQP406-01-A,3-20 year,potential,Nicole,Call List,2026-09-10
SRT893-01-A,3-20 year,potential,Nicole,Call List,2026-09-10
TGT068-01-A,3-20 year,potential,Nicole,Call List,2026-09-10
TJN635-01-A,3-20 year,potential,Nicole,Call List,2026-09-10
TKX611-01-A,3-20 year,potential,Nicole,Call List,2026-09-10
TLX734-01-A,3-20 year,potential,Nicole,Call List,2026-09-10
TVZ168-01-A,3-20 year,potential,Nicole,Call List,2026-09-10
TZC873-01-A,3-20 year,potential,Nicole,Call List,2026-09-10
VGK107-01-A,3-20 year,potential,Nicole,Call List,2026-09-10
VJH812-01-A,3-20 year,potential,Nicole,Call List,2026-09-10
VRK247-01-A,3-20 year,potential,Nicole,Call List,2026-09-10
VRZ404-01-A,3-20 year,potential,Nicole,Call List,2026-09-10
VVJ565-01-A,3-20 year,potential,Nicole,Call List,2026-09-10
VWT853-01-A,3-20 year,potential,Nicole,Call List,2026-09-10
VZC888-01-A,3-20 year,potential,Nicole,Call List,2026-09-10
WCZ411-01-A,3-20 year,potential,Nicole,Call List,2026-09-10
WQL709-01-A,3-20 year,potential,Nicole,Call List,2026-09-10
WWS790-01-A,3-20 year,potential,Nicole,Call List,2026-09-10
XDS591-01-A,3-20 year,potential,Nicole,Call List,2026-09-10
XFC529-01-A,3-20 year,potential,Nicole,Call List,2026-09-10
XMZ967-01-A,3-20 year,potential,Nicole,Call List,2026-09-10
XNX016-01-A,3-20 year,potential,Nicole,Call List,2026-09-10
XRJ821-01-A,3-20 year,potential,Nicole,Call List,2026-09-10
XTM558-01-A,3-20 year,potential,Nicole,Call List,2026-09-10
YGY528-01-A,3-20 year,potential,Nicole,Call List,2026-09-10
YMT640-01-A,3-20 year,potential,Nicole,Call List,2026-09-10
YRR928-01-A,3-20 year,potential,Nicole,Call List,2026-09-10
YSL869-01-A,3-20 year,potential,Nicole,Call List,2026-09-10
YSY780-01-A,3-20 year,potential,Nicole,Call List,2026-09-10
ZNG656-01-A,3-20 year,potential,Nicole,Call List,2026-09-10
ZTS569-01-A,3-20 year,potential,Nicole,Call List,2026-09-10
ZVN905-01-A,3-20 year,potential,Nicole,Call List,2026-09-10
ZWG279-01-A,3-20 year,potential,Nicole,Call List,2026-09-10
ZXB359-01-A,3-20 year,potential,Nicole,Call List,2026-09-10
BBS494-01-A,6-35 month,potential,Nicole,Ripple,2026-09-10
BPQ270-01-A,6-35 month,potential,Nicole,Ripple,2026-09-10
CZX247-01-A,6-35 month,potential,Nicole,Ripple,2026-09-10
DDF581-01-A,6-35 month,potential,Nicole,Ripple,2026-09-10
DHH526-01-A,6-35 month,potential,Nicole,Ripple,2026-09-10
FKJ961-01-A,6-35 month,potential,Nicole,Ripple,2026-09-10
FVG772-01-A,6-35 month,potential,Nicole,Ripple,2026-09-10
FVG772-01-N,6-35 month,potential,Nicole,Ripple,2026-09-10
GJB876-01-A,6-35 month,potential,Nicole,Ripple,2026-09-10
GXN388-01-A,6-35 month,potential,Nicole,Ripple,2026-09-10
HFT023-01-A,6-35 month,potential,Nicole,Ripple,2026-09-10
HVB288-01-A,6-35 month,potential,Nicole,Ripple,2026-09-10
HYH412-01-A,6-35 month,potential,Nicole,Ripple,2026-09-10
HZM174-01-A,6-35 month,potential,Nicole,Ripple,2026-09-10
JNL946-01-A,6-35 month,potential,Nicole,Ripple,2026-09-10
JTM922-01-A,6-35 month,potential,Nicole,Ripple,2026-09-10
KQD426-01-A,6-35 month,potential,Nicole,Ripple,2026-09-10
KQM140-01-A,6-35 month,potential,Nicole,Ripple,2026-09-10
KWL832-01-A,6-35 month,potential,Nicole,Ripple,2026-09-10
LFW850-01-A,6-35 month,potential,Nicole,Ripple,2026-09-10
LJD486-01-A,6-35 month,potential,Nicole,Ripple,2026-09-10
MLG277-01-A,6-35 month,potential,Nicole,Ripple,2026-09-10
MMJ680-01-A,6-35 month,potential,Nicole,Ripple,2026-09-10
MMQ065-01-A,6-35 month,potential,Nicole,Ripple,2026-09-10
MZB982-01-A,6-35 month,potential,Nicole,Ripple,2026-09-10
NBF593-01-A,6-35 month,potential,Nicole,Ripple,2026-09-10
NJW296-01-A,6-35 month,potential,Nicole,Ripple,2026-09-10
NKQ202-01-A,6-35 month,potential,Nicole,Ripple,2026-09-10
PCF029-01-A,6-35 month,potential,Nicole,Ripple,2026-09-10
PFJ108-01-A,6-35 month,potential,Nicole,Ripple,2026-09-10
PJV818-01-A,6-35 month,potential,Nicole,Ripple,2026-09-10
PLT854-01-A,6-35 month,potential,Nicole,Ripple,2026-09-10
PZP220-01-A,6-35 month,potential,Nicole,Ripple,2026-09-10
QHS933-01-A,6-35 month,potential,Nicole,Ripple,2026-09-10
RGP420-01-A,6-35 month,potential,Nicole,Ripple,2026-09-10
RZR609-01-A,6-35 month,potential,Nicole,Ripple,2026-09-10
SND172-01-A,6-35 month,potential,Nicole,Ripple,2026-09-10
SQP406-01-A,6-35 month,potential,Nicole,Ripple,2026-09-10
TGT068-01-A,6-35 month,potential,Nicole,Ripple,2026-09-10
TJN635-01-A,6-35 month,potential,Nicole,Ripple,2026-09-10
TKX611-01-A,6-35 month,potential,Nicole,Ripple,2026-09-10
TVZ168-01-A,6-35 month,potential,Nicole,Ripple,2026-09-10
TZC873-01-A,6-35 month,potential,Nicole,Ripple,2026-09-10
VGK107-01-A,6-35 month,potential,Nicole,Ripple,2026-09-10
VJH812-01-A,6-35 month,potential,Nicole,Ripple,2026-09-10
VRZ404-01-A,6-35 month,potential,Nicole,Ripple,2026-09-10
VWT853-01-A,6-35 month,potential,Nicole,Ripple,2026-09-10
VZC888-01-A,6-35 month,potential,Nicole,Ripple,2026-09-10
WWS790-01-A,6-35 month,potential,Nicole,Ripple,2026-09-10
XFC529-01-A,6-35 month,potential,Nicole,Ripple,2026-09-10
XMZ967-01-A,6-35 month,potential,Nicole,Ripple,2026-09-10
XRJ821-01-A,6-35 month,potential,Nicole,Ripple,2026-09-10
XTM558-01-A,6-35 month,potential,Nicole,Ripple,2026-09-10
YSL869-01-A,6-35 month,potential,Nicole,Ripple,2026-09-10
YVD652-01-A,6-35 month,potential,Nicole,Ripple,2026-09-10
ZCR636-01-A,6-35 month,potential,Nicole,Ripple,2026-09-10
ZTS569-01-A,6-35 month,potential,Nicole,Ripple,2026-09-10
ZVN905-01-A,6-35 month,potential,Nicole,Ripple,2026-09-10
BBD445-01-A,3-20 year,6_10yr,Toye,Call List,2026-09-10
BGB558-01-A,3-20 year,6_10yr,Toye,Call List,2026-09-10
BJH083-01-A,3-20 year,6_10yr,Toye,Call List,2026-09-10
BKK569-01-A,3-20 year,6_10yr,Toye,Call List,2026-09-10
CKH175-01-A,3-20 year,6_10yr,Toye,Call List,2026-09-10
CKV256-01-A,3-20 year,6_10yr,Toye,Call List,2026-09-10
CLP827-01-A,3-20 year,6_10yr,Toye,Call List,2026-09-10
CLX467-01-A,3-20 year,6_10yr,Toye,Call List,2026-09-10
CNB505-01-A,3-20 year,6_10yr,Toye,Call List,2026-09-10
CNC205-01-A,3-20 year,6_10yr,Toye,Call List,2026-09-10
CPH213-01-A,3-20 year,6_10yr,Toye,Call List,2026-09-10
CRJ273-01-A,3-20 year,6_10yr,Toye,Call List,2026-09-10
CSC443-01-A,3-20 year,6_10yr,Toye,Call List,2026-09-10
CSQ415-01-A,3-20 year,6_10yr,Toye,Call List,2026-09-10
CSS863-01-A,3-20 year,6_10yr,Toye,Call List,2026-09-10
CTD272-01-A,3-20 year,6_10yr,Toye,Call List,2026-09-10
CVD069-01-A,3-20 year,6_10yr,Toye,Call List,2026-09-10
CVW990-01-A,3-20 year,6_10yr,Toye,Call List,2026-09-10
CWR588-01-A,3-20 year,6_10yr,Toye,Call List,2026-09-10
CXM978-01-A,3-20 year,6_10yr,Toye,Call List,2026-09-10
CXR904-01-A,3-20 year,6_10yr,Toye,Call List,2026-09-10
CZX484-01-A,3-20 year,6_10yr,Toye,Call List,2026-09-10
DCC035-01-A,3-20 year,6_10yr,Toye,Call List,2026-09-10
DCG792-01-A,3-20 year,6_10yr,Toye,Call List,2026-09-10
DDC920-01-A,3-20 year,6_10yr,Toye,Call List,2026-09-10
DGF778-01-A,3-20 year,6_10yr,Toye,Call List,2026-09-10
DHJ682-01-A,3-20 year,6_10yr,Toye,Call List,2026-09-10
DJK313-01-A,3-20 year,6_10yr,Toye,Call List,2026-09-10
DJW803-01-A,3-20 year,6_10yr,Toye,Call List,2026-09-10
DKK048-01-A,3-20 year,6_10yr,Toye,Call List,2026-09-10
DKQ647-01-A,3-20 year,6_10yr,Toye,Call List,2026-09-10
DNB526-01-A,3-20 year,6_10yr,Toye,Call List,2026-09-10
DNV671-01-A,3-20 year,6_10yr,Toye,Call List,2026-09-10
DNW140-01-A,3-20 year,6_10yr,Toye,Call List,2026-09-10
DPG728-01-A,3-20 year,6_10yr,Toye,Call List,2026-09-10
DQZ583-01-A,3-20 year,6_10yr,Toye,Call List,2026-09-10
DSN848-01-A,3-20 year,6_10yr,Toye,Call List,2026-09-10
DVD480-01-A,3-20 year,6_10yr,Toye,Call List,2026-09-10
DVH471-01-A,3-20 year,6_10yr,Toye,Call List,2026-09-10
DVX295-01-A,3-20 year,6_10yr,Toye,Call List,2026-09-10
DWB641-01-A,3-20 year,6_10yr,Toye,Call List,2026-09-10
DWJ555-01-A,3-20 year,6_10yr,Toye,Call List,2026-09-10
FCQ335-01-A,3-20 year,6_10yr,Toye,Call List,2026-09-10
FFM260-01-A,3-20 year,6_10yr,Toye,Call List,2026-09-10
FFM865-01-A,3-20 year,6_10yr,Toye,Call List,2026-09-10
FHM866-01-A,3-20 year,6_10yr,Toye,Call List,2026-09-10
FNF959-01-A,3-20 year,6_10yr,Toye,Call List,2026-09-10
FPF111-01-A,3-20 year,6_10yr,Toye,Call List,2026-09-10
FSP032-01-A,3-20 year,6_10yr,Toye,Call List,2026-09-10
FVJ218-01-A,3-20 year,6_10yr,Toye,Call List,2026-09-10
FWL830-01-A,3-20 year,6_10yr,Toye,Call List,2026-09-10
FXT814-01-A,3-20 year,6_10yr,Toye,Call List,2026-09-10
FZH553-01-A,3-20 year,6_10yr,Toye,Call List,2026-09-10
GBB029-01-A,3-20 year,6_10yr,Toye,Call List,2026-09-10
GBC514-01-A,3-20 year,6_10yr,Toye,Call List,2026-09-10
GCZ225-01-A,3-20 year,6_10yr,Toye,Call List,2026-09-10
GDZ431-01-A,3-20 year,6_10yr,Toye,Call List,2026-09-10
GFP154-01-A,3-20 year,6_10yr,Toye,Call List,2026-09-10
GHM362-01-A,3-20 year,6_10yr,Toye,Call List,2026-09-10
GHR496-01-A,3-20 year,6_10yr,Toye,Call List,2026-09-10
GJZ108-01-A,3-20 year,6_10yr,Toye,Call List,2026-09-10
GLF779-01-A,3-20 year,6_10yr,Toye,Call List,2026-09-10
GLW750-01-A,3-20 year,6_10yr,Toye,Call List,2026-09-10
GMK178-01-A,3-20 year,6_10yr,Toye,Call List,2026-09-10
GNL964-01-A,3-20 year,6_10yr,Toye,Call List,2026-09-10
GNX879-01-A,3-20 year,6_10yr,Toye,Call List,2026-09-10
GPB696-01-A,3-20 year,6_10yr,Toye,Call List,2026-09-10
GQT206-01-A,3-20 year,6_10yr,Toye,Call List,2026-09-10
GSC827-01-A,3-20 year,6_10yr,Toye,Call List,2026-09-10
GTQ632-01-A,3-20 year,6_10yr,Toye,Call List,2026-09-10
GVD078-01-A,3-20 year,6_10yr,Toye,Call List,2026-09-10
GVZ320-01-A,3-20 year,6_10yr,Toye,Call List,2026-09-10
GWS157-01-A,3-20 year,6_10yr,Toye,Call List,2026-09-10
GYQ941-01-A,3-20 year,6_10yr,Toye,Call List,2026-09-10
HBN403-01-A,3-20 year,6_10yr,Toye,Call List,2026-09-10
HCG894-01-A,3-20 year,6_10yr,Toye,Call List,2026-09-10
HCV991-01-A,3-20 year,6_10yr,Toye,Call List,2026-09-10
HCW768-01-A,3-20 year,6_10yr,Toye,Call List,2026-09-10
HHL079-01-A,3-20 year,6_10yr,Toye,Call List,2026-09-10
HJC838-01-A,3-20 year,6_10yr,Toye,Call List,2026-09-10
HJM928-01-A,3-20 year,6_10yr,Toye,Call List,2026-09-10
HKY684-01-A,3-20 year,6_10yr,Toye,Call List,2026-09-10
HMP017-01-A,3-20 year,6_10yr,Toye,Call List,2026-09-10
HQX076-01-A,3-20 year,6_10yr,Toye,Call List,2026-09-10
HQY396-01-A,3-20 year,6_10yr,Toye,Call List,2026-09-10
HRL028-01-A,3-20 year,6_10yr,Toye,Call List,2026-09-10
HRV745-01-A,3-20 year,6_10yr,Toye,Call List,2026-09-10
HSD339-01-A,3-20 year,6_10yr,Toye,Call List,2026-09-10
HSX501-01-A,3-20 year,6_10yr,Toye,Call List,2026-09-10
HXN482-01-A,3-20 year,6_10yr,Toye,Call List,2026-09-10
HYR589-01-A,3-20 year,6_10yr,Toye,Call List,2026-09-10
HZK356-01-A,3-20 year,6_10yr,Toye,Call List,2026-09-10
JFG039-01-A,3-20 year,6_10yr,Toye,Call List,2026-09-10
JFP288-01-A,3-20 year,6_10yr,Toye,Call List,2026-09-10
JGN520-01-A,3-20 year,6_10yr,Toye,Call List,2026-09-10
JJP133-01-A,3-20 year,6_10yr,Toye,Call List,2026-09-10
JJV437-01-A,3-20 year,6_10yr,Toye,Call List,2026-09-10
JKL486-01-A,3-20 year,6_10yr,Toye,Call List,2026-09-10
JKZ989-01-A,3-20 year,6_10yr,Toye,Call List,2026-09-10
JNB114-01-M,3-20 year,6_10yr,Toye,Call List,2026-09-10
JNB114-01-N,3-20 year,6_10yr,Toye,Call List,2026-09-10
JPZ424-01-A,3-20 year,6_10yr,Toye,Call List,2026-09-10
JRR728-01-A,3-20 year,6_10yr,Toye,Call List,2026-09-10
JSL354-01-A,3-20 year,6_10yr,Toye,Call List,2026-09-10
JSS418-01-A,3-20 year,6_10yr,Toye,Call List,2026-09-10
JSV719-01-A,3-20 year,6_10yr,Toye,Call List,2026-09-10
JTH938-01-A,3-20 year,6_10yr,Toye,Call List,2026-09-10
JVR784-01-A,3-20 year,6_10yr,Toye,Call List,2026-09-10
JVV990-01-A,3-20 year,6_10yr,Toye,Call List,2026-09-10
JWD232-01-A,3-20 year,6_10yr,Toye,Call List,2026-09-10
JWF036-01-M,3-20 year,6_10yr,Toye,Call List,2026-09-10
JWF036-01-N,3-20 year,6_10yr,Toye,Call List,2026-09-10
JWJ589-01-A,3-20 year,6_10yr,Toye,Call List,2026-09-10
JWP176-01-A,3-20 year,6_10yr,Toye,Call List,2026-09-10
JYK203-01-A,3-20 year,6_10yr,Toye,Call List,2026-09-10
JYP576-02-A,3-20 year,6_10yr,Toye,Call List,2026-09-10
JZM106-01-A,3-20 year,6_10yr,Toye,Call List,2026-09-10
KBJ755-01-A,3-20 year,6_10yr,Toye,Call List,2026-09-10
KCB732-01-A,3-20 year,6_10yr,Toye,Call List,2026-09-10
KCT927-01-A,3-20 year,6_10yr,Toye,Call List,2026-09-10
KDH192-01-A,3-20 year,6_10yr,Toye,Call List,2026-09-10
KDN612-01-A,3-20 year,6_10yr,Toye,Call List,2026-09-10
KDX993-01-A,3-20 year,6_10yr,Toye,Call List,2026-09-10
KFM128-01-A,3-20 year,6_10yr,Toye,Call List,2026-09-10
KGL651-01-A,3-20 year,6_10yr,Toye,Call List,2026-09-10
KKR431-01-A,3-20 year,6_10yr,Toye,Call List,2026-09-10
KKT953-01-A,3-20 year,6_10yr,Toye,Call List,2026-09-10
KKW154-01-A,3-20 year,6_10yr,Toye,Call List,2026-09-10
KMT190-01-A,3-20 year,6_10yr,Toye,Call List,2026-09-10
KNP833-01-A,3-20 year,6_10yr,Toye,Call List,2026-09-10
KRC117-01-A,3-20 year,6_10yr,Toye,Call List,2026-09-10
KSB861-01-A,3-20 year,6_10yr,Toye,Call List,2026-09-10
KSZ066-01-A,3-20 year,6_10yr,Toye,Call List,2026-09-10
KVC670-01-A,3-20 year,6_10yr,Toye,Call List,2026-09-10
KXD326-01-A,3-20 year,6_10yr,Toye,Call List,2026-09-10
KXH001-01-A,3-20 year,6_10yr,Toye,Call List,2026-09-10
KYC268-01-A,3-20 year,6_10yr,Toye,Call List,2026-09-10
KZP212-01-A,3-20 year,6_10yr,Toye,Call List,2026-09-10
LBG473-01-A,3-20 year,6_10yr,Toye,Call List,2026-09-10
LCR073-01-A,3-20 year,6_10yr,Toye,Call List,2026-09-10
LDR942-01-A,3-20 year,6_10yr,Toye,Call List,2026-09-10
LGF333-01-A,3-20 year,6_10yr,Toye,Call List,2026-09-10
LHC128-01-A,3-20 year,6_10yr,Toye,Call List,2026-09-10
LJF332-01-A,3-20 year,6_10yr,Toye,Call List,2026-09-10
LJF586-01-A,3-20 year,6_10yr,Toye,Call List,2026-09-10
LKZ423-01-A,3-20 year,6_10yr,Toye,Call List,2026-09-10
LMQ766-01-A,3-20 year,6_10yr,Toye,Call List,2026-09-10
LNJ895-01-A,3-20 year,6_10yr,Toye,Call List,2026-09-10
LNN293-01-A,3-20 year,6_10yr,Toye,Call List,2026-09-10
LPG974-01-A,3-20 year,6_10yr,Toye,Call List,2026-09-10
LRY608-01-A,3-20 year,6_10yr,Toye,Call List,2026-09-10
LWN054-01-M,3-20 year,6_10yr,Toye,Call List,2026-09-10
LXZ510-01-A,3-20 year,6_10yr,Toye,Call List,2026-09-10
LYY018-01-A,3-20 year,6_10yr,Toye,Call List,2026-09-10
MCC047-01-A,3-20 year,6_10yr,Toye,Call List,2026-09-10
MFH216-01-A,3-20 year,6_10yr,Toye,Call List,2026-09-10
MGR560-01-A,3-20 year,6_10yr,Toye,Call List,2026-09-10
MHS537-01-A,3-20 year,6_10yr,Toye,Call List,2026-09-10
MMH530-01-A,3-20 year,6_10yr,Toye,Call List,2026-09-10
MMN454-01-A,3-20 year,6_10yr,Toye,Call List,2026-09-10
MMY625-01-A,3-20 year,6_10yr,Toye,Call List,2026-09-10
MPP246-01-A,3-20 year,6_10yr,Toye,Call List,2026-09-10
MPT661-01-A,3-20 year,6_10yr,Toye,Call List,2026-09-10
MQF285-01-A,3-20 year,6_10yr,Toye,Call List,2026-09-10
MRX335-01-A,3-20 year,6_10yr,Toye,Call List,2026-09-10
MYL231-01-A,3-20 year,6_10yr,Toye,Call List,2026-09-10
NBM719-01-A,3-20 year,6_10yr,Toye,Call List,2026-09-10
NDP526-01-A,3-20 year,6_10yr,Toye,Call List,2026-09-10
NFF107-01-A,3-20 year,6_10yr,Toye,Call List,2026-09-10
NGD113-01-A,3-20 year,6_10yr,Toye,Call List,2026-09-10
NLF384-01-A,3-20 year,6_10yr,Toye,Call List,2026-09-10
NNF727-01-A,3-20 year,6_10yr,Toye,Call List,2026-09-10
NNM264-01-A,3-20 year,6_10yr,Toye,Call List,2026-09-10
NPD652-01-A,3-20 year,6_10yr,Toye,Call List,2026-09-10
NPG011-01-A,3-20 year,6_10yr,Toye,Call List,2026-09-10
NQS089-01-A,3-20 year,6_10yr,Toye,Call List,2026-09-10
NSS334-01-A,3-20 year,6_10yr,Toye,Call List,2026-09-10
NTZ108-01-A,3-20 year,6_10yr,Toye,Call List,2026-09-10
NZH802-01-A,3-20 year,6_10yr,Toye,Call List,2026-09-10
NZV696-01-A,3-20 year,6_10yr,Toye,Call List,2026-09-10
PBC879-01-A,3-20 year,6_10yr,Toye,Call List,2026-09-10
PCG681-01-A,3-20 year,6_10yr,Toye,Call List,2026-09-10
PGR594-01-A,3-20 year,6_10yr,Toye,Call List,2026-09-10
PHN877-01-A,3-20 year,6_10yr,Toye,Call List,2026-09-10
PHT362-01-A,3-20 year,6_10yr,Toye,Call List,2026-09-10
PPJ846-01-A,3-20 year,6_10yr,Toye,Call List,2026-09-10
PPM461-01-A,3-20 year,6_10yr,Toye,Call List,2026-09-10
PRD929-01-A,3-20 year,6_10yr,Toye,Call List,2026-09-10
PRH159-01-A,3-20 year,6_10yr,Toye,Call List,2026-09-10
PRZ511-01-A,3-20 year,6_10yr,Toye,Call List,2026-09-10
PTF351-01-A,3-20 year,6_10yr,Toye,Call List,2026-09-10
PVJ790-01-A,3-20 year,6_10yr,Toye,Call List,2026-09-10
PZH655-01-A,3-20 year,6_10yr,Toye,Call List,2026-09-10
QDX581-01-A,3-20 year,6_10yr,Toye,Call List,2026-09-10
QFS247-01-A,3-20 year,6_10yr,Toye,Call List,2026-09-10
QFY319-01-M,3-20 year,6_10yr,Toye,Call List,2026-09-10
QFY319-01-N,3-20 year,6_10yr,Toye,Call List,2026-09-10
QGL340-01-A,3-20 year,6_10yr,Toye,Call List,2026-09-10
QHG535-01-A,3-20 year,6_10yr,Toye,Call List,2026-09-10
QKD202-02-A,3-20 year,6_10yr,Toye,Call List,2026-09-10
QKS362-01-A,3-20 year,6_10yr,Toye,Call List,2026-09-10
QNG566-01-A,3-20 year,6_10yr,Toye,Call List,2026-09-10
QNX355-01-A,3-20 year,6_10yr,Toye,Call List,2026-09-10
QNX355-01-N,3-20 year,6_10yr,Toye,Call List,2026-09-10
QQS037-01-A,3-20 year,6_10yr,Toye,Call List,2026-09-10
QRK467-01-M,3-20 year,6_10yr,Toye,Call List,2026-09-10
QRK467-01-N,3-20 year,6_10yr,Toye,Call List,2026-09-10
QTQ022-01-A,3-20 year,6_10yr,Toye,Call List,2026-09-10
QZD360-01-A,3-20 year,6_10yr,Toye,Call List,2026-09-10
RCH363-01-A,3-20 year,6_10yr,Toye,Call List,2026-09-10
RDX008-01-A,3-20 year,6_10yr,Toye,Call List,2026-09-10
RFH084-01-A,3-20 year,6_10yr,Toye,Call List,2026-09-10
RGC782-01-A,3-20 year,6_10yr,Toye,Call List,2026-09-10
RGQ821-01-A,3-20 year,6_10yr,Toye,Call List,2026-09-10
RHJ981-01-A,3-20 year,6_10yr,Toye,Call List,2026-09-10
RJV872-01-A,3-20 year,6_10yr,Toye,Call List,2026-09-10
RNB656-01-A,3-20 year,6_10yr,Toye,Call List,2026-09-10
RNQ476-01-A,3-20 year,6_10yr,Toye,Call List,2026-09-10
RPS818-01-A,3-20 year,6_10yr,Toye,Call List,2026-09-10
RVT795-01-A,3-20 year,6_10yr,Toye,Call List,2026-09-10
RWN229-01-A,3-20 year,6_10yr,Toye,Call List,2026-09-10
RWP821-01-A,3-20 year,6_10yr,Toye,Call List,2026-09-10
RYF448-01-A,3-20 year,6_10yr,Toye,Call List,2026-09-10
SBB001-01-A,3-20 year,6_10yr,Toye,Call List,2026-09-10
SBB700-01-A,3-20 year,6_10yr,Toye,Call List,2026-09-10
SBY066-01-A,3-20 year,6_10yr,Toye,Call List,2026-09-10
SCD052-01-A,3-20 year,6_10yr,Toye,Call List,2026-09-10
SJM969-01-A,3-20 year,6_10yr,Toye,Call List,2026-09-10
SMJ584-01-A,3-20 year,6_10yr,Toye,Call List,2026-09-10
SPH896-01-A,3-20 year,6_10yr,Toye,Call List,2026-09-10
TCJ679-01-A,3-20 year,6_10yr,Toye,Call List,2026-09-10
TDC851-01-A,3-20 year,6_10yr,Toye,Call List,2026-09-10
TDS587-01-A,3-20 year,6_10yr,Toye,Call List,2026-09-10
TKF056-01-A,3-20 year,6_10yr,Toye,Call List,2026-09-10
TPN036-01-A,3-20 year,6_10yr,Toye,Call List,2026-09-10
TZM355-01-A,3-20 year,6_10yr,Toye,Call List,2026-09-10
VBB402-01-A,3-20 year,6_10yr,Toye,Call List,2026-09-10
VKK224-01-A,3-20 year,6_10yr,Toye,Call List,2026-09-10
VWP009-01-A,3-20 year,6_10yr,Toye,Call List,2026-09-10
VXF127-01-A,3-20 year,6_10yr,Toye,Call List,2026-09-10
VZS882-01-A,3-20 year,6_10yr,Toye,Call List,2026-09-10
WFB144-01-A,3-20 year,6_10yr,Toye,Call List,2026-09-10
WKM224-01-A,3-20 year,6_10yr,Toye,Call List,2026-09-10
WSS749-01-A,3-20 year,6_10yr,Toye,Call List,2026-09-10
WXH022-01-A,3-20 year,6_10yr,Toye,Call List,2026-09-10
WZT929-01-A,3-20 year,6_10yr,Toye,Call List,2026-09-10
XCN911-01-A,3-20 year,6_10yr,Toye,Call List,2026-09-10
XGC495-01-A,3-20 year,6_10yr,Toye,Call List,2026-09-10
YRR036-01-A,3-20 year,6_10yr,Toye,Call List,2026-09-10
YTY353-01-A,3-20 year,6_10yr,Toye,Call List,2026-09-10
YWZ529-01-A,3-20 year,6_10yr,Toye,Call List,2026-09-10
ZJC165-01-A,3-20 year,6_10yr,Toye,Call List,2026-09-10
ZLB466-01-A,3-20 year,6_10yr,Toye,Call List,2026-09-10
BDN943-01-A,3-20 year,potential,Toye,Call List,2026-09-10
BGN085-01-A,3-20 year,potential,Toye,Call List,2026-09-10
BGN675-01-A,3-20 year,potential,Toye,Call List,2026-09-10
BLQ170-01-A,3-20 year,potential,Toye,Call List,2026-09-10
CNJ877-01-A,3-20 year,potential,Toye,Call List,2026-09-10
CTB190-01-A,3-20 year,potential,Toye,Call List,2026-09-10
CVW352-01-A,3-20 year,potential,Toye,Call List,2026-09-10
CVY327-01-A,3-20 year,potential,Toye,Call List,2026-09-10
DBH880-01-A,3-20 year,potential,Toye,Call List,2026-09-10
DGR239-01-A,3-20 year,potential,Toye,Call List,2026-09-10
DHX100-01-A,3-20 year,potential,Toye,Call List,2026-09-10
DJV276-01-A,3-20 year,potential,Toye,Call List,2026-09-10
DKV284-01-A,3-20 year,potential,Toye,Call List,2026-09-10
DMR727-01-M,3-20 year,potential,Toye,Call List,2026-09-10
DMR727-01-N,3-20 year,potential,Toye,Call List,2026-09-10
DXC940-01-A,3-20 year,potential,Toye,Call List,2026-09-10
FDB213-01-A,3-20 year,potential,Toye,Call List,2026-09-10
FDS796-01-A,3-20 year,potential,Toye,Call List,2026-09-10
FYC899-01-A,3-20 year,potential,Toye,Call List,2026-09-10
GBN737-01-A,3-20 year,potential,Toye,Call List,2026-09-10
GBN847-01-A,3-20 year,potential,Toye,Call List,2026-09-10
GCT336-01-A,3-20 year,potential,Toye,Call List,2026-09-10
GDC233-01-A,3-20 year,potential,Toye,Call List,2026-09-10
GDL520-01-A,3-20 year,potential,Toye,Call List,2026-09-10
GHC234-01-A,3-20 year,potential,Toye,Call List,2026-09-10
GLZ418-01-A,3-20 year,potential,Toye,Call List,2026-09-10
GLZ418-01-N,3-20 year,potential,Toye,Call List,2026-09-10
GSS745-01-A,3-20 year,potential,Toye,Call List,2026-09-10
GSS927-01-M,3-20 year,potential,Toye,Call List,2026-09-10
GSS927-01-N,3-20 year,potential,Toye,Call List,2026-09-10
GTV387-01-A,3-20 year,potential,Toye,Call List,2026-09-10
GVZ238-01-A,3-20 year,potential,Toye,Call List,2026-09-10
GWM598-01-A,3-20 year,potential,Toye,Call List,2026-09-10
GZP279-01-A,3-20 year,potential,Toye,Call List,2026-09-10
HFH370-01-A,3-20 year,potential,Toye,Call List,2026-09-10
HPD542-01-A,3-20 year,potential,Toye,Call List,2026-09-10
HSG314-01-A,3-20 year,potential,Toye,Call List,2026-09-10
HVJ715-01-A,3-20 year,potential,Toye,Call List,2026-09-10
JBM032-01-A,3-20 year,potential,Toye,Call List,2026-09-10
JHX619-01-A,3-20 year,potential,Toye,Call List,2026-09-10
JKT846-01-A,3-20 year,potential,Toye,Call List,2026-09-10
JLM760-01-A,3-20 year,potential,Toye,Call List,2026-09-10
JLY700-01-A,3-20 year,potential,Toye,Call List,2026-09-10
JTH529-01-A,3-20 year,potential,Toye,Call List,2026-09-10
JWV093-01-A,3-20 year,potential,Toye,Call List,2026-09-10
KBR593-01-A,3-20 year,potential,Toye,Call List,2026-09-10
KGJ856-01-A,3-20 year,potential,Toye,Call List,2026-09-10
KGZ202-01-A,3-20 year,potential,Toye,Call List,2026-09-10
KHX530-01-A,3-20 year,potential,Toye,Call List,2026-09-10
KJJ524-01-M,3-20 year,potential,Toye,Call List,2026-09-10
KJJ524-01-N,3-20 year,potential,Toye,Call List,2026-09-10
KRT349-01-A,3-20 year,potential,Toye,Call List,2026-09-10
KXM125-01-A,3-20 year,potential,Toye,Call List,2026-09-10
LBM322-01-A,3-20 year,potential,Toye,Call List,2026-09-10
LDF455-01-A,3-20 year,potential,Toye,Call List,2026-09-10
LFM300-01-A,3-20 year,potential,Toye,Call List,2026-09-10
LHN913-01-A,3-20 year,potential,Toye,Call List,2026-09-10
LKY181-01-A,3-20 year,potential,Toye,Call List,2026-09-10
LNQ977-01-A,3-20 year,potential,Toye,Call List,2026-09-10
LQV943-01-A,3-20 year,potential,Toye,Call List,2026-09-10
LSG800-01-A,3-20 year,potential,Toye,Call List,2026-09-10
LWQ253-01-A,3-20 year,potential,Toye,Call List,2026-09-10
LZF826-01-A,3-20 year,potential,Toye,Call List,2026-09-10
MBD610-01-A,3-20 year,potential,Toye,Call List,2026-09-10
MCK491-01-A,3-20 year,potential,Toye,Call List,2026-09-10
MDH924-01-A,3-20 year,potential,Toye,Call List,2026-09-10
MDJ869-01-A,3-20 year,potential,Toye,Call List,2026-09-10
MLB799-01-A,3-20 year,potential,Toye,Call List,2026-09-10
MMN084-01-A,3-20 year,potential,Toye,Call List,2026-09-10
MNT928-01-A,3-20 year,potential,Toye,Call List,2026-09-10
MPB969-01-A,3-20 year,potential,Toye,Call List,2026-09-10
MPQ705-01-A,3-20 year,potential,Toye,Call List,2026-09-10
MPS476-01-A,3-20 year,potential,Toye,Call List,2026-09-10
MSY822-01-A,3-20 year,potential,Toye,Call List,2026-09-10
MVC857-01-A,3-20 year,potential,Toye,Call List,2026-09-10
NGG134-01-N,3-20 year,potential,Toye,Call List,2026-09-10
NKJ118-01-A,3-20 year,potential,Toye,Call List,2026-09-10
NMN462-01-A,3-20 year,potential,Toye,Call List,2026-09-10
NRK487-01-A,3-20 year,potential,Toye,Call List,2026-09-10
NTG064-01-A,3-20 year,potential,Toye,Call List,2026-09-10
NZV016-01-A,3-20 year,potential,Toye,Call List,2026-09-10
PKH666-01-A,3-20 year,potential,Toye,Call List,2026-09-10
PPC906-01-A,3-20 year,potential,Toye,Call List,2026-09-10
PPK047-01-A,3-20 year,potential,Toye,Call List,2026-09-10
PPV210-01-A,3-20 year,potential,Toye,Call List,2026-09-10
PTT116-01-A,3-20 year,potential,Toye,Call List,2026-09-10
PXR276-01-A,3-20 year,potential,Toye,Call List,2026-09-10
PYC005-01-A,3-20 year,potential,Toye,Call List,2026-09-10
QYQ453-01-A,3-20 year,potential,Toye,Call List,2026-09-10
QYX215-01-A,3-20 year,potential,Toye,Call List,2026-09-10
QZD124-01-A,3-20 year,potential,Toye,Call List,2026-09-10
RBJ451-01-A,3-20 year,potential,Toye,Call List,2026-09-10
RFV406-01-A,3-20 year,potential,Toye,Call List,2026-09-10
RGJ803-01-A,3-20 year,potential,Toye,Call List,2026-09-10
RHM011-01-A,3-20 year,potential,Toye,Call List,2026-09-10
RKV062-01-A,3-20 year,potential,Toye,Call List,2026-09-10
RMV727-01-A,3-20 year,potential,Toye,Call List,2026-09-10
RYJ483-01-A,3-20 year,potential,Toye,Call List,2026-09-10
SBY793-01-A,3-20 year,potential,Toye,Call List,2026-09-10
SHC658-01-A,3-20 year,potential,Toye,Call List,2026-09-10
SLP742-01-A,3-20 year,potential,Toye,Call List,2026-09-10
SMW687-01-A,3-20 year,potential,Toye,Call List,2026-09-10
STG473-01-A,3-20 year,potential,Toye,Call List,2026-09-10
SVC604-01-A,3-20 year,potential,Toye,Call List,2026-09-10
TVD275-01-A,3-20 year,potential,Toye,Call List,2026-09-10
STT571-01-A,3-20 year,potential,Unassigned,Call List,2026-09-10
VKD996-01-A,6-35 month,12_23_month,Unassigned,Ripple,2026-09-10
BHB279-01-A,6-35 month,6_11_month,Unassigned,Ripple,2026-09-10
BNJ340-01-A,6-35 month,6_11_month,Unassigned,Ripple,2026-09-10
BZW702-01-A,6-35 month,6_11_month,Unassigned,Ripple,2026-09-10
CKJ511-01-A,6-35 month,6_11_month,Unassigned,Ripple,2026-09-10
CKX033-01-A,6-35 month,6_11_month,Unassigned,Ripple,2026-09-10
CNJ952-01-A,6-35 month,6_11_month,Unassigned,Ripple,2026-09-10
CNJ952-01-B,6-35 month,6_11_month,Unassigned,Ripple,2026-09-10
CPP633-01-A,6-35 month,6_11_month,Unassigned,Ripple,2026-09-10
CZK707-01-A,6-35 month,6_11_month,Unassigned,Ripple,2026-09-10
CZY180-01-A,6-35 month,6_11_month,Unassigned,Ripple,2026-09-10
DRG492-01-A,6-35 month,6_11_month,Unassigned,Ripple,2026-09-10
FBF788-01-A,6-35 month,6_11_month,Unassigned,Ripple,2026-09-10
FGL622-01-A,6-35 month,6_11_month,Unassigned,Ripple,2026-09-10
FQF816-01-A,6-35 month,6_11_month,Unassigned,Ripple,2026-09-10
GGF358-01-A,6-35 month,6_11_month,Unassigned,Ripple,2026-09-10
GHD547-01-A,6-35 month,6_11_month,Unassigned,Ripple,2026-09-10
GNX561-01-A,6-35 month,6_11_month,Unassigned,Ripple,2026-09-10
HKN599-01-A,6-35 month,6_11_month,Unassigned,Ripple,2026-09-10
HPX087-01-A,6-35 month,6_11_month,Unassigned,Ripple,2026-09-10
HWV734-01-A,6-35 month,6_11_month,Unassigned,Ripple,2026-09-10
JBV363-01-A,6-35 month,6_11_month,Unassigned,Ripple,2026-09-10
KBB279-01-A,6-35 month,6_11_month,Unassigned,Ripple,2026-09-10
KFX637-01-A,6-35 month,6_11_month,Unassigned,Ripple,2026-09-10
KGN694-01-A,6-35 month,6_11_month,Unassigned,Ripple,2026-09-10
KKK768-01-A,6-35 month,6_11_month,Unassigned,Ripple,2026-09-10
KML208-01-A,6-35 month,6_11_month,Unassigned,Ripple,2026-09-10
KPV524-01-A,6-35 month,6_11_month,Unassigned,Ripple,2026-09-10
LGG437-01-A,6-35 month,6_11_month,Unassigned,Ripple,2026-09-10
LGZ547-01-A,6-35 month,6_11_month,Unassigned,Ripple,2026-09-10
LVK846-01-A,6-35 month,6_11_month,Unassigned,Ripple,2026-09-10
MJX352-01-A,6-35 month,6_11_month,Unassigned,Ripple,2026-09-10
NWN510-01-A,6-35 month,6_11_month,Unassigned,Ripple,2026-09-10
Needs 3.01 Consent for ECHO Registration,6-35 month,6_11_month,Unassigned,Ripple,2026-09-10
Needs 3.01 Consent to register,6-35 month,6_11_month,Unassigned,Ripple,2026-09-10
PGR160-01-A,6-35 month,6_11_month,Unassigned,Ripple,2026-09-10
PPF902-01-A,6-35 month,6_11_month,Unassigned,Ripple,2026-09-10
PPF902-01-B,6-35 month,6_11_month,Unassigned,Ripple,2026-09-10
PZJ271-01-A,6-35 month,6_11_month,Unassigned,Ripple,2026-09-10
QDZ468-01-A,6-35 month,6_11_month,Unassigned,Ripple,2026-09-10
QHL554-01-A,6-35 month,6_11_month,Unassigned,Ripple,2026-09-10
QTD282-01-A,6-35 month,6_11_month,Unassigned,Ripple,2026-09-10
QTD282-01-B,6-35 month,6_11_month,Unassigned,Ripple,2026-09-10
RSZ202-01-A,6-35 month,6_11_month,Unassigned,Ripple,2026-09-10
SLF955-01-A,6-35 month,6_11_month,Unassigned,Ripple,2026-09-10
SMB785-01-A,6-35 month,6_11_month,Unassigned,Ripple,2026-09-10
SMZ551-01-A,6-35 month,6_11_month,Unassigned,Ripple,2026-09-10
SWX219-01-A,6-35 month,6_11_month,Unassigned,Ripple,2026-09-10
THQ829-01-A,6-35 month,6_11_month,Unassigned,Ripple,2026-09-10
TJJ345-01-A,6-35 month,6_11_month,Unassigned,Ripple,2026-09-10
TKN820-01-A,6-35 month,6_11_month,Unassigned,Ripple,2026-09-10
VCJ373-01-A,6-35 month,6_11_month,Unassigned,Ripple,2026-09-10
XRB073-01-A,6-35 month,6_11_month,Unassigned,Ripple,2026-09-10
XXW266-01-A,6-35 month,6_11_month,Unassigned,Ripple,2026-09-10
YJQ442-01-A,6-35 month,6_11_month,Unassigned,Ripple,2026-09-10
YRC466-01-A,6-35 month,6_11_month,Unassigned,Ripple,2026-09-10
ZBM618-01-A,6-35 month,6_11_month,Unassigned,Ripple,2026-09-10
ZCS109-01-A,6-35 month,6_11_month,Unassigned,Ripple,2026-09-10
ZGC044-01-A,6-35 month,6_11_month,Unassigned,Ripple,2026-09-10
ZKL165-01-A,6-35 month,6_11_month,Unassigned,Ripple,2026-09-10
ZLX499-01-A,6-35 month,6_11_month,Unassigned,Ripple,2026-09-10
ZQN091-01-A,6-35 month,6_11_month,Unassigned,Ripple,2026-09-10
