globalId,customId,echo_id,PIN,globalId_raw,customId_raw,id_swapped,id_moved_to_custom,statusId,consent_date,dmc_enroll,estduedate,actigraphy,event.household_water.completedDate,pn1_survey,pn1_anthro,cordblood,pn1_urine,pn1_blood,pn2_survey,pn2_anthro,pn2_urine,pn2_blood,child_dob,mmra,pregnancy_loss
VQH840-01-A (416),4755F1,,,VQH840-01-A (416),4755F1,FALSE,FALSE,0-5 Month Complete,,,,,,,,,,,,,,,,,
FKT089-01-A (251),4463F1,,,FKT089-01-A (251),4463F1,FALSE,FALSE,0-5 Month Complete,,,,,,,,,,,,,,,,,
WWW781-01-A (274),4756F1,,,WWW781-01-A (274),4756F1,FALSE,FALSE,0-5 Month Complete,,,,,,,,,,,,,,,,,
LSH641-01-0 (541),4149P1,LSH641-01-0,541,4149P1,LSH641-01-0 (541),TRUE,FALSE,Prenatal Complete,2025-03-28,2025-03-28,2025-11-07,2025-04-13,,2025-03-28,2025-03-28,,,,2025-08-22,2025-08-22,2025-08-22,,2025-10-22,,
XFP756-01-A (581),4182F1,,,XFP756-01-A (581),4182F1,FALSE,FALSE,0-5 Month Detroit,,,,,,,,,,,,,,,,,
TZB922-01-0 (904),4431P1,TZB922-01-0,904,4431P1,TZB922-01-0 (904),TRUE,FALSE,Prenatal Complete,2024-08-26,,2025-03-26,,,2024-08-26,2024-08-26,,2024-08-26,2024-08-26,2025-01-02,2025-01-14,2025-01-14,2025-01-14,2025-02-11,,
BWJ550-02-0 (409),4524P1,BWJ550-02-0,409,4524P1,BWJ550-02-0 (409),TRUE,FALSE,Flint,2026-10-07,,2027-03-29,,,,,,,,,,,,,,
FGD590-01-A (492),4151F1,,,FGD590-01-A (492),4151F1,FALSE,FALSE,0-5 Month Complete,,,,,,,,,,,,,,,,,
KXF530-01-A (186),4421F1,,,KXF530-01-A (186),4421F1,FALSE,FALSE,0-5 Month Complete,,,,,,,,,,,,,,,,,
WSG161-01-0 (772),4738P1,WSG161-01-0,772,4738P1,WSG161-01-0 (772),TRUE,FALSE,Prenatal Complete,2024-09-17,,2025-03-07,,,2024-09-17,2024-09-17,,2024-09-19,2024-09-19,2025-01-15,2025-01-15,2025-01-15,2025-01-15,2025-02-28,,
FLN684-01-0 (541),4176P1,FLN684-01-0,541,4176P1,FLN684-01-0 (541),TRUE,FALSE,Prenatal Complete,2025-12-04,2025-12-04,2026-05-03,2025-12-20,,2025-12-04,2025-12-04,,2025-12-04,2026-01-08,2026-04-15,2026-03-05,2026-03-05,2026-03-26,2026-04-30,,
KDC458-01-A (624),4173F1,,,KDC458-01-A (624),4173F1,FALSE,FALSE,0-5 Month Complete,,,,,,,,,,,,,,,,,
KRK077-01-B (285),4767F2,,,KRK077-01-B (285),4767F2,FALSE,FALSE,0-5 Month Complete,,,,,,,,,,,,,,,,,
WSG161-01-A (350),4738F1,,,WSG161-01-A (350),4738F1,FALSE,FALSE,0-5 Month Complete,,,,,,,,,,,,,,,,,
JBM041-01-A (459),4736F1,,,JBM041-01-A (459),4736F1,FALSE,FALSE,0-5 Month Complete,,,,,,,,,,,,,,,,,
NCX421-01-A (153),4194F1,,,NCX421-01-A (153),4194F1,FALSE,FALSE,0-5 Month Detroit,,,,,,,,,,,,,,,,,
WDZ858-01-0 (333),4802P1,WDZ858-01-0,333,4802P1,WDZ858-01-0 (333),TRUE,FALSE,Prenatal Complete,2025-11-05,,2026-04-17,2025-11-24,,2025-11-19,2025-11-05,,2025-11-05,2025-11-05,2026-02-11,2026-02-11,2026-02-11,2026-02-11,2026-04-24,,
THG098-01-0 (607),4836P1,THG098-01-0,607,4836P1,THG098-01-0 (607),TRUE,FALSE,Traverse City,2026-07-21,,2026-12-10,2026-08-05,2026-10-07,2026-07-21,2026-07-21,,2026-08-06,2026-08-06,2026-09-23,2026-10-07,2026-10-07,2026-10-07,,,
NDG495-02-0 (343),4784P1,NDG495-02-0,343,4784P1,NDG495-02-0 (343),TRUE,FALSE,Prenatal Complete,2025-09-16,,2026-02-25,2025-10-02,,2025-09-16,2025-09-16,,2025-09-24,2025-09-24,2025-12-04,2025-12-04,2025-12-17,2025-12-17,2026-03-04,,
RDL710-02-0 (310),4175P1,RDL710-02-0,310,4175P1,RDL710-02-0 (310),TRUE,FALSE,Pregnancy Loss,2025-11-18,2025-11-18,2026-06-14,,,2025-11-18,2025-11-18,,2025-11-18,2025-11-21,,,,,,,
TTZ628-01-0 (597),4804P1,TTZ628-01-0,597,4804P1,TTZ628-01-0 (597),TRUE,FALSE,Traverse City,2025-11-12,,2026-04-04,2025-11-28,,,2025-11-12,,,,,,,,2026-04-11,,
RDC147-01-0 (112),4739P1,RDC147-01-0,112,4739P1,RDC147-01-0 (112),TRUE,FALSE,Prenatal Complete,2024-09-17,,2025-02-14,,,2024-09-19,2024-09-17,,2024-10-14,2024-10-14,2024-12-05,2024-12-05,2024-12-05,2024-12-05,2025-02-06,,
HKN599-01-0 (739),4158P1,HKN599-01-0,739,4158P1,HKN599-01-0 (739),TRUE,FALSE,Prenatal Complete,2025-07-11,2025-07-11,2026-01-04,2025-07-27,,2025-07-11,2025-07-11,,2025-07-11,2025-08-01,2025-12-21,2025-10-31,2025-10-31,2025-10-31,2025-12-18,,
JJT668-01-0 (871),4735P1,JJT668-01-0,871,4735P1,JJT668-01-0 (871),TRUE,FALSE,Prenatal Complete,2024-08-30,,2025-03-29,,,2024-08-30,2024-08-30,,2024-09-12,2024-09-12,2025-01-15,2025-01-16,2025-01-16,2025-01-16,2025-03-16,,
ZBM618-01-A (317),4465F1,,,ZBM618-01-A (317),4465F1,FALSE,FALSE,0-5 Month Complete,,,,,,,,,,,,,,,,,
VCJ373-01-A (153),4774F1,,,VCJ373-01-A (153),4774F1,FALSE,FALSE,0-5 Month Complete,,,,,,,,,,,,,,,,,
MFY505-01-0 (673),4754P1,MFY505-01-0,673,4754P1,MFY505-01-0 (673),TRUE,FALSE,Prenatal Complete,2025-04-22,,2025-11-05,2025-05-10,,2025-04-28,2025-04-22,,2025-04-30,2025-04-30,2025-08-22,2025-08-26,2025-08-26,2025-08-26,2025-10-24,,
SLP320-01-0 (607),4833P1,SLP320-01-0,607,4833P1,SLP320-01-0 (607),TRUE,FALSE,Traverse City,2026-07-07,,2026-12-07,2026-07-23,2026-09-23,2026-07-23,2026-07-07,,,,,2026-09-23,2026-09-23,2026-09-23,,,
JZC874-01-0 (805),4403P1,JZC874-01-0,805,4403P1,JZC874-01-0 (805),TRUE,FALSE,Prenatal Complete,2024-04-22,,2024-11-29,,,2024-04-24,2024-04-22,,,2024-04-22,2024-10-30,2024-09-11,2024-10-16,2024-10-31,2024-11-22,,
LNT397-01-0 (136),4419P1,LNT397-01-0,136,4419P1,LNT397-01-0 (136),TRUE,FALSE,Prenatal Complete,2024-07-08,,2025-01-24,,,2024-07-19,2024-07-08,,2024-07-05,2024-07-08,2024-11-05,2024-11-05,2024-11-05,2024-11-05,2025-02-07,,
TKS011-01-A (185),4501F1,,,TKS011-01-A (185),4501F1,FALSE,FALSE,0-5 Month Flint,,,,,,,,,,,,,,,,,
TKS011-01-B (219),4501F2,,,TKS011-01-B (219),4501F2,FALSE,FALSE,0-5 Month Flint,,,,,,,,,,,,,,,,,
DRG492-01-0 (343),4471P1,DRG492-01-0,343,4471P1,DRG492-01-0 (343),TRUE,FALSE,Prenatal Complete,2025-08-28,,2026-01-28,2025-09-13,,2025-08-28,2025-08-28,,2025-08-28,2025-08-28,2025-11-13,2025-11-21,2025-11-21,2025-11-21,2026-01-22,,
LSH641-02-0 (574),4210P2,LSH641-02-0,574,4210P2,LSH641-02-0 (574),TRUE,FALSE,Detroit,2026-07-17,2026-07-17,2026-11-12,,,,2026-07-17,,2026-07-17,,,2026-08-28,2026-08-28,2026-09-18,,,
DHM804-01-0 (112),4452P1,DHM804-01-0,112,4452P1,DHM804-01-0 (112),TRUE,FALSE,Prenatal Complete,2025-01-22,,2025-07-07,,,2025-01-29,2025-01-22,,2025-02-19,2025-01-22,2025-06-04,2025-06-04,2025-06-04,2025-06-13,2025-07-13,,
BPM036-01-0 (211),4744P1,BPM036-01-0,211,4744P1,BPM036-01-0 (211),TRUE,FALSE,Prenatal Complete,2024-09-30,,2025-03-24,,,2024-09-30,2024-09-30,,2024-10-11,2024-10-11,2025-01-07,2025-01-15,2025-01-15,2025-01-15,2025-03-01,,
TLN478-01-0 (136),4781P1,TLN478-01-0,136,4781P1,TLN478-01-0 (136),TRUE,FALSE,Prenatal Complete,2025-09-10,,2026-03-18,2025-09-26,,2025-09-10,2025-09-10,,2025-10-01,2025-10-01,2026-01-12,2026-01-21,2026-01-21,2026-01-21,2026-03-09,,
CKX033-01-0 (343),4143P1,CKX033-01-0,343,4143P1,CKX033-01-0 (343),TRUE,FALSE,Prenatal Complete,2025-01-17,2025-01-17,2025-06-26,,,2025-01-17,2025-01-17,,2025-01-17,2025-01-17,2025-04-04,2025-04-18,2025-04-18,2025-04-18,2025-06-21,,
GFK525-01-0 (179),4146P1,GFK525-01-0,179,4146P1,GFK525-01-0 (179),TRUE,FALSE,Pregnancy Loss,2025-03-14,2025-03-14,2025-09-08,,,,2025-03-14,,2025-03-14,2025-03-14,2025-08-20,2025-07-07,2025-07-07,2025-06-20,,,2025-09-04
JCX999-01-0 (103),4420P1,JCX999-01-0,103,4420P1,JCX999-01-0 (103),TRUE,FALSE,Prenatal Complete,2024-07-08,,2025-02-14,,,,2024-07-08,,,2024-07-08,2024-11-08,2024-12-04,,2024-12-04,2025-02-12,,
LZV055-02-A (812),4806F1,,,LZV055-02-A (812),4806F1,FALSE,FALSE,0-5 Month Traverse City,,,,,,,,,,,,,,,,,
XBR066-01-A (317),4476F1,,,XBR066-01-A (317),4476F1,FALSE,FALSE,0-5 Month Complete,,,,,,,,,,,,,,,,,
KWV665-01-0 (300),4416P1,KWV665-01-0,300,4416P1,KWV665-01-0 (300),TRUE,FALSE,Prenatal Complete,2024-06-17,,2025-01-15,,,2024-06-17,2024-06-17,,2024-06-17,2024-06-17,2024-11-06,2024-11-06,2024-11-06,2024-11-06,2025-01-15,,
CPS604-01-0 (475),4115P1,CPS604-01-0,475,4115P1,CPS604-01-0 (475),TRUE,FALSE,Prenatal Complete,2024-07-19,2024-07-22,2025-02-11,,,2024-08-05,2024-07-19,,2024-07-19,2024-08-16,2024-11-20,2024-12-20,2024-12-20,,2025-01-30,,
CNJ952-01-0 (310),4466P1,CNJ952-01-0,310,4466P1,CNJ952-01-0 (310),TRUE,FALSE,Prenatal Complete,2025-07-17,,2026-01-12,2025-08-02,,2025-07-17,2025-07-17,,2025-07-17,2025-07-17,2025-10-21,2025-10-25,2025-10-25,2025-11-17,2025-12-18,,
TDX359-01-A (614),4719F1,,,TDX359-01-A (614),4719F1,FALSE,FALSE,0-5 Month Complete,,,,,,,,,,,,,,,,,
ZRH064-01-0 (937),4458P1,ZRH064-01-0,937,4458P1,ZRH064-01-0 (937),TRUE,FALSE,Prenatal Complete,2025-05-12,,2025-11-03,2025-05-26,,2025-05-12,2025-05-12,,2025-05-12,2025-05-12,2025-08-14,2025-08-19,2025-08-19,2025-08-16,2025-10-15,,
BYQ053-01-A (185),4787F1,,,BYQ053-01-A (185),4787F1,FALSE,FALSE,0-5 Month Complete,,,,,,,,,,,,,,,,,
VDW899-01-A (944),4731F1,,,VDW899-01-A (944),4731F1,FALSE,FALSE,0-5 Month Complete,,,,,,,,,,,,,,,,,
SSF737-01-0 (904),4502P1,SSF737-01-0,904,4502P1,SSF737-01-0 (904),TRUE,FALSE,Flint,2026-03-06,,2026-08-06,2026-03-22,,2026-03-06,2026-03-06,,2026-03-06,2026-03-06,2026-06-11,2026-07-02,2026-05-14,2026-05-14,2026-07-24,,
CDL346-01-0 (947),4483P1,CDL346-01-0,947,4483P1,CDL346-01-0 (947),TRUE,FALSE,Flint,2025-10-21,,2026-05-04,2025-11-06,,2025-10-21,2025-10-21,,2025-11-17,2025-11-04,2026-02-17,2026-02-24,2026-02-24,2026-02-24,2026-05-11,,
MLT236-01-0 (739),4815P1,MLT236-01-0,739,4815P1,MLT236-01-0 (739),TRUE,FALSE,Traverse City,2026-04-20,,2026-09-21,2026-05-07,2026-04-28,2026-04-21,2026-04-20,,2026-04-29,2026-04-29,2026-07-06,2026-07-07,2026-07-01,2026-07-01,2026-08-15,,
HRG544-01-A (987),4121F1,,,HRG544-01-A (987),4121F1,FALSE,FALSE,0-5 Month Complete,,,,,,,,,,,,,,,,,
WRD249-01-A (449),4751F1,,,WRD249-01-A (449),4751F1,FALSE,FALSE,0-5 Month Complete,,,,,,,,,,,,,,,,,
NVN124-01-0 (772),4108P1,NVN124-01-0,772,4108P1,NVN124-01-0 (772),TRUE,FALSE,Pregnancy Loss,2024-05-31,2024-05-31,2024-12-09,,,,2024-05-31,,2024-05-31,2024-06-21,,,,,,,2024-08-09
BXJ770-02-0 (574),4499P1,BXJ770-02-0,574,4499P1,BXJ770-02-0 (574),TRUE,FALSE,Flint,2026-02-26,,2026-09-12,,,2026-03-06,2026-03-06,,,2026-03-06,2026-07-02,2026-07-14,2026-07-14,2026-07-14,2026-07-31,,
WCV960-01-0 (970),4155P1,WCV960-01-0,970,4155P1,WCV960-01-0 (970),TRUE,FALSE,Prenatal Complete,2025-06-20,2025-06-20,2025-11-08,2025-07-06,,2025-06-20,2025-06-20,,2025-06-20,2025-06-20,2026-08-30,2025-08-26,2025-08-26,2025-09-08,2025-10-25,,
KRK077-01-A (251),4767F1,,,KRK077-01-A (251),4767F1,FALSE,FALSE,0-5 Month Complete,,,,,,,,,,,,,,,,,
MFY505-01-A (251),4754F1,,,MFY505-01-A (251),4754F1,FALSE,FALSE,0-5 Month Complete,,,,,,,,,,,,,,,,,
ZKL165-01-A (482),4778F1,,,ZKL165-01-A (482),4778F1,FALSE,FALSE,0-5 Month Complete,,,,,,,,,,,,,,,,,
CSS863-02-0 (937),4103P1,CSS863-02-0,937,4103P1,CSS863-02-0 (937),TRUE,FALSE,Prenatal Complete,2024-05-17,2024-05-17,2024-11-15,,,2024-05-18,2024-05-17,,2024-05-17,2024-06-14,,,,,2024-07-22,,
MLK253-01-A (987),4503F1,,,MLK253-01-A (987),4503F1,FALSE,FALSE,0-5 Month Flint,,,,,,,,,,,,,,,,,
XPH753-01-A (548),4475F1,,,XPH753-01-A (548),4475F1,FALSE,FALSE,0-5 Month Flint,,,,,,,,,,,,,,,,,
HQR631-01-A (218),4805F1,,,HQR631-01-A (218),4805F1,FALSE,FALSE,0-5 Month Complete,,,,,,,,,,,,,,,,,
CCC242-01-A (130),4714F1,,,CCC242-01-A (130),4714F1,FALSE,FALSE,0-5 Month Complete,,,,,,,,,,,,,,,,,
CPP633-01-0 (442),4468P1,CPP633-01-0,442,4468P1,CPP633-01-0 (442),TRUE,FALSE,Prenatal Complete,2025-07-30,,2026-01-13,,,2025-08-05,2025-07-30,,2025-07-30,2025-07-30,2025-11-21,2025-11-12,2025-11-12,2025-11-12,2026-01-06,,
NGV392-01-0 (772),4760P1,NGV392-01-0,772,4760P1,NGV392-01-0 (772),TRUE,FALSE,Prenatal Complete,2025-06-18,,2025-11-14,2025-07-04,,2025-06-18,2025-06-18,,2025-06-19,2025-06-19,2025-08-26,2025-08-22,2025-08-22,2025-08-22,2025-11-20,,
CNJ952-01-A (888),4466F1,,,CNJ952-01-A (888),4466F1,FALSE,FALSE,0-5 Month Complete,,,,,,,,,,,,,,,,,
XGN391-01-A (383),4457F1,,,XGN391-01-A (383),4457F1,FALSE,FALSE,0-5 Month Complete,,,,,,,,,,,,,,,,,
DTQ848-01-A (482),4116F1,,,DTQ848-01-A (482),4116F1,FALSE,FALSE,0-5 Month Complete,,,,,,,,,,,,,,,,,
NCX421-01-0 (475),4194P1,NCX421-01-0,475,4194P1,NCX421-01-0 (475),TRUE,FALSE,Detroit,2026-04-24,2026-04-24,2026-10-06,,,,2026-04-24,,2026-04-24,,,,,,2026-10-06,,
YMP799-02-0 (531),4797P1,YMP799-02-0,531,4797P1,YMP799-02-0 (531),TRUE,FALSE,Traverse City,2025-10-23,,2026-05-07,2025-11-08,,2025-10-29,2025-10-23,,2025-10-23,2025-10-23,2026-02-18,2026-02-19,2026-02-19,2026-02-19,2026-05-03,,
HXB800-01-0 (277),4199P1,HXB800-01-0,277,4199P1,HXB800-01-0 (277),TRUE,FALSE,Detroit,2026-05-15,2026-05-15,2026-11-11,2026-05-31,2026-06-09,2026-05-15,2026-05-15,,2026-05-15,2026-05-15,2026-08-21,2026-08-28,2026-08-28,,,,
YHW727-01-0 (267),4504P1,YHW727-01-0,267,4504P1,YHW727-01-0 (267),TRUE,FALSE,Flint,2026-03-24,,2026-09-30,2026-04-09,,2026-03-24,2026-03-24,,2026-03-24,2026-03-24,2026-07-31,,,,,,
PZJ271-01-0 (937),4775P1,PZJ271-01-0,937,4775P1,PZJ271-01-0 (937),TRUE,FALSE,Prenatal Complete,2025-07-31,,2025-12-23,2025-08-16,,2025-07-31,2025-07-31,,2025-07-31,2025-07-31,2025-10-04,2025-10-22,2025-10-22,2025-10-22,2025-12-02,,
CDX218-01-A (855),4179F1,,,CDX218-01-A (855),4179F1,FALSE,FALSE,0-5 Month Detroit,,,,,,,,,,,,,,,,,
NEEDS 3.01 CONSENT FOR ECHO REGISTRATION,4720F1,,,Needs 3.01 Consent for ECHO Registration,4720F1,FALSE,FALSE,0-5 Month Complete,,,,,,,,,,,,,,,,,
LRJ642-01-0 (607),4727P1,LRJ642-01-0,607,4727P1,LRJ642-01-0 (607),TRUE,FALSE,Prenatal Complete,2024-05-14,,2024-10-04,,,2024-05-14,2024-05-14,,,,2024-07-18,2024-07-22,2024-07-24,2024-07-24,2024-10-08,,
SFV056-01-A (383),4141F1,,,SFV056-01-A (383),4141F1,FALSE,FALSE,0-5 Month Complete,,,,,,,,,,,,,,,,,
KKK503-01-0 (244),4195P1,KKK503-01-0,244,4195P1,KKK503-01-0 (244),TRUE,FALSE,Pregnancy Loss,2026-04-24,2026-04-24,2026-09-14,,,2026-04-24,2026-04-24,,2026-04-24,,,,,,,,2026-06-12
JNW534-01-0 (838),4111P1,JNW534-01-0,838,4111P1,JNW534-01-0 (838),TRUE,FALSE,Prenatal Complete,2024-06-07,2024-06-07,2024-12-21,,,2024-06-28,2024-06-07,,2024-06-07,2024-06-21,2024-10-03,2024-10-11,2024-10-11,2024-10-11,2024-12-17,,
YMF346-01-A (350),4718F1,,,YMF346-01-A (350),4718F1,FALSE,FALSE,0-5 Month Complete,,,,,,,,,,,,,,,,,
DRG448-01-A (954),4498F1,,,DRG448-01-A (954),4498F1,FALSE,FALSE,0-5 Month Flint,,,,,,,,,,,,,,,,,
RLV529-01-0 (135),4481P1,RLV529-01-0,135,4481P1,RLV529-01-0 (135),TRUE,FALSE,Flint,2025-10-21,,2026-06-06,2025-11-06,,2025-10-21,2025-10-21,,,2025-10-21,2026-03-20,,,,2026-05-29,,
YRY215-01-0 (399),4124P1,YRY215-01-0,399,4124P1,YRY215-01-0 (399),TRUE,FALSE,Pregnancy Loss,2024-10-04,2024-10-07,2025-05-30,,,2024-10-04,2024-10-04,,,,,,,,,,2024-10-23
DVY195-01-A (647),4496F1,,,DVY195-01-A (647),4496F1,FALSE,FALSE,0-5 Month Flint,,,,,,,,,,,,,,,,,
KRS023-01-A (218),4136F1,,,KRS023-01-A (218),4136F1,FALSE,FALSE,0-5 Month Complete,,,,,,,,,,,,,,,,,
ZQN091-01-A (680),4761F1,,,ZQN091-01-A (680),4761F1,FALSE,FALSE,0-5 Month Complete,,,,,,,,,,,,,,,,,
BRL402-01-A (723),4132F1,,,BRL402-01-A (723),4132F1,FALSE,FALSE,0-5 Month Complete,,,,,,,,,,,,,,,,,
GHD547-01-0 (146),4791P1,GHD547-01-0,146,4791P1,GHD547-01-0 (146),TRUE,FALSE,Prenatal Complete,2025-10-01,,2026-02-23,2025-10-17,,2025-10-01,2025-10-01,,2025-10-17,2025-10-17,2025-12-12,2025-12-08,2025-12-22,2025-12-22,2026-02-23,,
MGW204-01-0 (508),4142P1,MGW204-01-0,508,4142P1,MGW204-01-0 (508),TRUE,FALSE,Prenatal Complete,2025-01-10,2025-01-10,2025-07-09,,,2025-01-10,2025-01-10,,2025-01-10,2025-01-10,2025-05-12,2026-04-18,2026-04-18,2026-04-18,2025-06-25,,
KML208-01-A (987),4163F1,,,KML208-01-A (987),4163F1,FALSE,FALSE,0-5 Month Complete,,,,,,,,,,,,,,,,,
RZM693-01-0 (366),4174P1,RZM693-01-0,366,4174P1,RZM693-01-0 (366),TRUE,FALSE,Prenatal Complete,2025-10-17,2025-10-17,2026-04-22,,,,2025-10-17,,2025-11-14,2025-10-17,2026-02-21,,,,2026-03-20,,
WGL767-01-A (515),4757F1,,,WGL767-01-A (515),4757F1,FALSE,FALSE,0-5 Month Complete,,,,,,,,,,,,,,,,,
ZCS109-01-0 (805),4470P1,ZCS109-01-0,805,4470P1,ZCS109-01-0 (805),TRUE,FALSE,Prenatal Complete,2025-08-12,,2026-01-22,2025-08-28,,2025-08-21,2025-09-02,,2025-08-12,,2025-11-04,2025-11-25,2025-11-25,2025-11-25,2025-12-22,,
QQL383-01-0 (871),4715P1,QQL383-01-0,871,4715P1,QQL383-01-0 (871),TRUE,FALSE,Prenatal Complete,2024-03-20,,2024-10-15,,,2024-03-20,2024-03-20,,,,2024-07-23,2025-07-25,2024-07-25,2024-07-25,2024-10-15,,
BRS431-01-A (120),4497F1,,,BRS431-01-A (120),4497F1,FALSE,FALSE,0-5 Month Flint,,,,,,,,,,,,,,,,,
JFL342-01-A (690),4131F1,,,JFL342-01-A (690),4131F1,FALSE,FALSE,0-5 Month Complete,,,,,,,,,,,,,,,,,
NCD314-01-A (426),4117F1,,,NCD314-01-A (426),4117F1,FALSE,FALSE,0-5 Month Complete,,,,,,,,,,,,,,,,,
YNF452-01-A (317),4417F1,,,YNF452-01-A (317),4417F1,FALSE,FALSE,0-5 Month Complete,,,,,,,,,,,,,,,,,
PGR160-01-A (153),4780F1,,,PGR160-01-A (153),4780F1,FALSE,FALSE,0-5 Month Complete,,,,,,,,,,,,,,,,,
NDP128-01-A (954),4701F1,,,NDP128-01-A (954),4701F1,FALSE,FALSE,0-5 Month Complete,,,,,,,,,,,,,,,,,
NCS144-01-0 (376),4137P1,NCS144-01-0,376,4137P1,NCS144-01-0 (376),TRUE,FALSE,Prenatal Complete,2024-12-06,2024-12-06,2025-06-24,,,,2024-12-06,,2024-12-06,,,2025-04-11,2025-04-11,,2025-05-24,,
HKN599-01-A (317),4158F1,,,HKN599-01-A (317),4158F1,FALSE,FALSE,0-5 Month Complete,,,,,,,,,,,,,,,,,
TDX359-01-0 (136),4719P1,TDX359-01-0,136,4719P1,TDX359-01-0 (136),TRUE,FALSE,Prenatal Complete,2024-04-01,,2024-09-03,,,2024-04-01,2024-04-01,,,,2024-06-19,2024-07-08,2024-07-08,2024-07-08,2024-08-31,,
JJT668-01-A (449),4735F1,,,JJT668-01-A (449),4735F1,FALSE,FALSE,0-5 Month Complete,,,,,,,,,,,,,,,,,
CKL621-01-A (624),4128F1,,,CKL621-01-A (624),4128F1,FALSE,FALSE,0-5 Month Complete,,,,,,,,,,,,,,,,,
YVP454-01-0 (399),4442P1,YVP454-01-0,399,4442P1,YVP454-01-0 (399),TRUE,FALSE,Withdrawn & Lost Contact,2024-11-07,,2025-04-13,,,,2024-11-07,,,,,,,,,,
PHN877-02-0 (904),4730P1,PHN877-02-0,904,4730P1,PHN877-02-0 (904),TRUE,FALSE,Prenatal Complete,2024-06-04,,2024-10-26,,,2024-06-04,2024-06-04,,2024-06-24,2024-06-24,2024-08-05,2024-08-14,2024-08-14,2024-08-14,2024-11-02,,
FGD590-01-0 (914),4151P1,FGD590-01-0,914,4151P1,FGD590-01-0 (914),TRUE,FALSE,Prenatal Complete,2025-05-09,2025-05-09,2025-11-07,2025-05-25,,2025-05-09,2025-05-09,,2025-05-09,2025-06-10,2025-08-21,2025-08-29,2025-08-29,2025-08-29,2025-10-27,,
PGM615-01-0 (475),4425P1,PGM615-01-0,475,4425P1,PGM615-01-0 (475),TRUE,FALSE,Prenatal Complete,2024-07-29,,2025-03-07,,,2024-08-11,2024-07-29,,2024-08-27,2024-07-29,2024-12-13,2024-12-17,2025-01-28,2024-12-17,2025-03-03,,
NQD377-01-A (185),4811F1,,,NQD377-01-A (185),4811F1,FALSE,FALSE,0-5 Month Traverse City,,,,,,,,,,,,,,,,,
YYB078-01-0 (102),4428P1,YYB078-01-0,102,4428P1,YYB078-01-0 (102),TRUE,FALSE,Prenatal Complete,2024-08-19,,2025-03-18,,,2024-08-19,2024-08-19,,2024-09-16,2024-08-19,2025-01-02,2025-01-29,2025-01-29,2025-01-29,2025-03-18,,
QTD282-01-0 (640),4473P1,QTD282-01-0,640,4473P1,QTD282-01-0 (640),TRUE,FALSE,Prenatal Complete,2025-09-18,,2026-03-04,2025-10-04,,2025-10-03,2025-09-18,,2025-09-18,2025-10-16,2026-01-09,2026-01-15,,,2026-01-22,,
KBB279-01-A (558),4790F1,,,KBB279-01-A (558),4790F1,FALSE,FALSE,0-5 Month Complete,,,,,,,,,,,,,,,,,
MFH339-01-0 (277),4449P1,MFH339-01-0,277,4449P1,MFH339-01-0 (277),TRUE,FALSE,Flint,2024-12-18,,2025-05-10,,,,2024-12-18,,2024-12-18,,,,,,2025-04-20,,
ZLX499-01-A (241),4776F1,,,ZLX499-01-A (241),4776F1,FALSE,FALSE,0-5 Month Complete,,,,,,,,,,,,,,,,,
LZV055-01-A (779),4724F1,,,LZV055-01-A (779),4724F1,FALSE,FALSE,0-5 Month Complete,,,,,,,,,,,,,,,,,
GJP886-01-0 (706),4505P1,GJP886-01-0,706,4505P1,GJP886-01-0 (706),TRUE,FALSE,Flint,2026-04-10,,2026-08-28,,2026-04-11,,2026-04-10,,2026-04-10,2026-04-10,2026-06-17,2026-07-03,2026-07-03,2026-07-03,2026-08-28,,
SJB279-01-A (186),4118F1,,,SJB279-01-A (186),4118F1,FALSE,FALSE,0-5 Month Complete,,,,,,,,,,,,,,,,,
KRK077-01-0 (673),4767P1,KRK077-01-0,673,4767P1,KRK077-01-0 (673),TRUE,FALSE,Prenatal Complete,2025-06-27,,2025-12-02,2025-07-13,,2025-06-27,2025-06-27,,2025-07-09,2025-07-09,2025-09-11,2025-09-22,2025-09-18,2025-09-18,2025-11-04,,
SLX595-01-B (945),4813F2,,,SLX595-01-B (945),4813F2,FALSE,FALSE,0-5 Month Traverse City,,,,,,,,,,,,,,,,,
ZRB102-01-0 (508),4486P1,ZRB102-01-0,508,4486P1,ZRB102-01-0 (508),TRUE,FALSE,Prenatal Complete,2025-11-03,,2026-03-25,2025-11-19,,,2025-11-05,,,2025-11-03,2026-01-09,2026-02-24,2026-02-24,2026-02-24,2026-03-25,,
NXQ093-01-0 (102),4401P1,NXQ093-01-0,102,4401P1,NXQ093-01-0 (102),TRUE,FALSE,Pregnancy Loss,2024-04-15,,2024-11-19,,,2024-04-18,2024-04-15,,,,,,,,,,2024-04-20
YCB161-01-A (723),4490F1,,,YCB161-01-A (723),4490F1,FALSE,FALSE,0-5 Month Flint,,,,,,,,,,,,,,,,,
GYL243-01-A (218),4114F1,,,GYL243-01-A (218),4114F1,FALSE,FALSE,0-5 Month Complete,,,,,,,,,,,,,,,,,
LGG437-01-A (789),4777F1,,,LGG437-01-A (789),4777F1,FALSE,FALSE,0-5 Month Complete,,,,,,,,,,,,,,,,,
PTL466-01-0 (103),4433P1,PTL466-01-0,103,4433P1,PTL466-01-0 (103),TRUE,FALSE,Prenatal Complete,2024-09-05,,2025-03-13,,,2024-09-05,2024-09-05,,2024-09-05,2024-09-05,2024-12-29,2025-01-30,2025-01-30,2025-01-30,2025-03-08,,
MZG636-01-0 (904),4191P1,MZG636-01-0,904,4191P1,MZG636-01-0 (904),TRUE,FALSE,Prenatal Complete,2026-04-02,2026-04-02,2026-08-20,2026-04-18,2026-04-20,2026-04-02,2026-04-20,,2026-04-20,2026-04-20,2026-05-28,2026-06-22,2026-06-22,2026-07-17,2026-08-11,,
SPR953-01-0 (201),4720P1,SPR953-01-0,201,4720P1,SPR953-01-0 (201),TRUE,FALSE,Prenatal Complete,2024-04-01,,2024-09-29,,,2024-04-01,2024-04-01,,,,,,,,2024-09-27,,
NQW810-01-0 (970),4464P1,NQW810-01-0,970,4464P1,NQW810-01-0 (970),TRUE,FALSE,Prenatal Complete,2025-07-03,,2025-12-05,2025-07-19,,2025-07-03,2025-07-03,,2025-07-03,2025-07-03,2025-11-07,,2025-11-05,2025-11-05,2025-11-14,,
KKK768-01-A (251),4171F1,,,KKK768-01-A (251),4171F1,FALSE,FALSE,0-5 Month Complete,,,,,,,,,,,,,,,,,
JBG482-01-A (558),4482F1,,,JBG482-01-A (558),4482F1,FALSE,FALSE,0-5 Month Flint,,,,,,,,,,,,,,,,,
THQ829-01-0 (103),4773P1,THQ829-01-0,103,4773P1,THQ829-01-0 (103),TRUE,FALSE,Prenatal Complete,2025-07-29,,2025-12-25,2025-08-14,,2025-07-29,2025-07-29,,2025-08-15,2025-08-15,2025-10-19,2025-11-06,2025-11-06,2025-11-06,2025-12-18,,
BHB279-01-A (459),4772F1,,,BHB279-01-A (459),4772F1,FALSE,FALSE,0-5 Month Complete,,,,,,,,,,,,,,,,,
CVH892-01-0 (607),4126P1,CVH892-01-0,607,4126P1,CVH892-01-0 (607),TRUE,FALSE,Prenatal Complete,2024-10-11,2024-10-11,2025-04-10,,,,2024-10-11,,2024-11-08,2024-11-08,2025-01-17,2025-01-31,2025-01-31,2025-03-14,2025-03-25,,
JXP185-01-A (581),4437F1,,,JXP185-01-A (581),4437F1,FALSE,FALSE,0-5 Month Complete,,,,,,,,,,,,,,,,,
YPB464-01-A (350),4414F1,,,YPB464-01-A (350),4414F1,FALSE,FALSE,0-5 Month Complete,,,,,,,,,,,,,,,,,
GDJ477-01-0 (178),4725P1,GDJ477-01-0,178,4725P1,GDJ477-01-0 (178),TRUE,FALSE,Prenatal Complete,2024-04-12,,2024-10-14,,,2024-04-12,2024-04-12,,,,2024-07-22,2025-07-25,2024-07-25,2024-07-25,2024-10-15,,
GXM057-01-A (317),4438F1,,,GXM057-01-A (317),4438F1,FALSE,FALSE,0-5 Month Complete,,,,,,,,,,,,,,,,,
QDZ468-01-A (614),4162F1,,,QDZ468-01-A (614),4162F1,FALSE,FALSE,0-5 Month Complete,,,,,,,,,,,,,,,,,
VCJ373-01-0 (475),4774P1,VCJ373-01-0,475,4774P1,VCJ373-01-0 (475),TRUE,FALSE,Prenatal Complete,2025-07-29,,2025-12-29,2025-08-14,,2025-07-29,2025-07-29,,2025-08-01,2025-08-01,2025-10-07,2025-10-08,2025-10-08,2025-10-08,2025-12-10,,
NCS144-01-A (954),4137F1,,,NCS144-01-A (954),4137F1,FALSE,FALSE,0-5 Month Complete,,,,,,,,,,,,,,,,,
SJH036-01-A (987),4436F1,,,SJH036-01-A (987),4436F1,FALSE,FALSE,0-5 Month Complete,,,,,,,,,,,,,,,,,
YHK945-01-A (515),4703F1,,,YHK945-01-A (515),4703F1,FALSE,FALSE,0-5 Month Complete,,,,,,,,,,,,,,,,,
NJK720-01-0 (343),4819P1,NJK720-01-0,343,4819P1,NJK720-01-0 (343),TRUE,FALSE,Traverse City,2026-05-07,,2026-10-09,2026-05-23,2026-07-31,2026-05-08,2026-05-07,,2026-05-15,2026-05-15,2026-07-31,2026-07-31,2026-07-31,2026-07-31,,,
LTS268-01-0 (102),4707P1,LTS268-01-0,102,4707P1,LTS268-01-0 (102),TRUE,FALSE,Prenatal Complete,2024-03-06,,2024-08-28,,,2024-03-06,2024-03-06,,,,2024-06-25,2024-06-25,2024-06-25,2024-06-25,2024-08-29,,
YGQ976-02-A (845),4188F1,,,YGQ976-02-A (845),4188F1,FALSE,FALSE,0-5 Month Detroit,,,,,,,,,,,,,,,,,
RZS580-02-0 (432),4814P1,RZS580-02-0,432,4814P1,RZS580-02-0 (432),TRUE,FALSE,Prenatal Complete,2026-04-20,,2026-07-03,2026-05-06,2026-04-21,2026-04-20,2026-04-20,,2026-04-23,2026-04-23,,,,,2026-06-30,,
YMP799-01-A (176),4747F1,,,YMP799-01-A (176),4747F1,FALSE,FALSE,0-5 Month Complete,,,,,,,,,,,,,,,,,
LNM531-01-0 (475),4782P1,LNM531-01-0,475,4782P1,LNM531-01-0 (475),TRUE,FALSE,Prenatal Complete,2025-09-16,,2026-03-12,2025-10-02,,2025-09-16,2025-09-16,,2025-10-09,2025-10-09,2026-01-08,2026-01-21,2026-01-21,2026-01-21,2026-03-05,,
VHD766-01-A (218),4455F1,,,VHD766-01-A (218),4455F1,FALSE,FALSE,0-5 Month Complete,,,,,,,,,,,,,,,,,
JQN133-01-A (153),4102F1,,,JQN133-01-A (153),4102F1,FALSE,FALSE,0-5 Month Complete,,,,,,,,,,,,,,,,,
MMV961-01-A (581),4427F1,,,MMV961-01-A (581),4427F1,FALSE,FALSE,0-5 Month Complete,,,,,,,,,,,,,,,,,
LMX568-01-0 (135),4768P1,LMX568-01-0,135,4768P1,LMX568-01-0 (135),TRUE,FALSE,Prenatal Complete,2025-06-27,,2025-11-26,,,2025-06-27,2025-06-27,,2025-07-09,2025-07-09,2025-09-05,2025-09-10,2025-09-18,2025-09-18,2025-11-17,,
NCG882-01-0 (277),4106P1,NCG882-01-0,277,4106P1,NCG882-01-0 (277),TRUE,FALSE,Prenatal Complete,2024-05-31,2024-05-31,2024-12-17,,,2024-05-31,2024-05-31,,2024-05-31,2024-05-31,2024-09-27,2024-10-04,2024-10-04,2024-10-04,2024-11-29,,
RZV201-01-A (746),4133F1,,,RZV201-01-A (746),4133F1,FALSE,FALSE,0-5 Month Complete,,,,,,,,,,,,,,,,,
YQX985-01-0 (795),4821P1,YQX985-01-0,795,4821P1,YQX985-01-0 (795),TRUE,FALSE,Prenatal Complete,2026-05-07,,2026-10-22,2026-05-22,2026-08-06,2026-05-07,2026-05-07,,2026-05-13,2026-05-13,2026-07-31,2026-08-06,2026-08-06,2026-08-06,2026-09-06,,
KKK768-01-0 (673),4171P1,KKK768-01-0,673,4171P1,KKK768-01-0 (673),TRUE,FALSE,Prenatal Complete,2025-10-02,2025-10-02,2026-03-02,2025-10-18,,2025-10-02,2025-10-02,,2025-10-30,,2025-12-13,2025-12-10,2025-12-10,2025-12-24,2026-02-26,,
NQD377-01-0 (607),4811P1,NQD377-01-0,607,4811P1,NQD377-01-0 (607),TRUE,FALSE,Traverse City,2026-03-20,,2026-09-09,2026-04-05,2026-06-18,2026-03-21,2026-03-20,,2026-03-26,2026-03-26,2026-06-23,2026-06-18,2026-07-16,2026-07-16,2026-08-07,,
FLN684-01-A (119),4176F1,,,FLN684-01-A (119),4176F1,FALSE,FALSE,0-5 Month Detroit,,,,,,,,,,,,,,,,,
TBK281-01-0 (343),4484P1,TBK281-01-0,343,4484P1,TBK281-01-0 (343),TRUE,FALSE,Flint,2025-10-23,,2026-04-04,2025-11-08,,2025-10-23,2025-10-23,,2025-10-23,,2025-01-16,2026-03-06,2026-03-06,2026-03-06,2026-03-28,,
GGF358-01-0 (179),4168P1,GGF358-01-0,179,4168P1,GGF358-01-0 (179),TRUE,FALSE,Prenatal Complete,2025-09-08,2025-09-08,2026-02-15,2025-09-24,,2025-09-08,2025-09-08,,,2025-10-06,2025-12-13,2025-12-15,2025-12-15,2025-12-15,2026-02-03,,
LVK846-01-0 (970),4479P1,LVK846-01-0,970,4479P1,LVK846-01-0 (970),TRUE,FALSE,Prenatal Complete,2025-10-13,,2026-03-06,2025-11-15,,2025-10-24,2025-11-14,,,,2025-12-19,,2026-01-15,2026-01-15,2026-02-14,,
RMH180-01-0 (475),4729P1,RMH180-01-0,475,4729P1,RMH180-01-0 (475),TRUE,FALSE,Prenatal Complete,2024-05-20,,2024-10-24,,,2024-05-20,2024-05-20,,,,2024-08-13,2024-08-14,2024-08-14,2024-08-14,2024-10-18,,
GRN417-01-A (152),4799F1,,,GRN417-01-A (152),4799F1,FALSE,FALSE,0-5 Month Traverse City,,,,,,,,,,,,,,,,,
KXF530-01-0 (508),4421P1,KXF530-01-0,508,4421P1,KXF530-01-0 (508),TRUE,FALSE,Prenatal Complete,2024-07-15,,2025-02-26,,,2024-07-15,2024-07-15,,2024-08-09,2024-07-15,2024-12-04,2025-12-11,2024-12-11,,2024-12-11,,
RSZ202-01-0 (102),4462P1,RSZ202-01-0,102,4462P1,RSZ202-01-0 (102),TRUE,FALSE,Prenatal Complete,2025-06-25,,2025-12-07,,,,2025-06-25,,2025-06-25,2025-06-25,2025-10-01,,,,2025-12-02,,
DYK248-01-A (251),4453F1,,,DYK248-01-A (251),4453F1,FALSE,FALSE,0-5 Month Complete,,,,,,,,,,,,,,,,,
BXJ770-02-A (152),4499F1,,,BXJ770-02-A (152),4499F1,FALSE,FALSE,0-5 Month Flint,,,,,,,,,,,,,,,,,
NDP128-01-0 (376),4701P1,NDP128-01-0,376,4701P1,NDP128-01-0 (376),TRUE,FALSE,Prenatal Complete,2024-02-23,,2024-08-19,,,2024-02-23,2024-02-23,,,,2024-06-20,2024-06-20,2024-06-20,2024-06-20,2024-08-19,,
VDW899-01-B (978),4731F2,,,VDW899-01-B (978),4731F2,FALSE,FALSE,0-5 Month Complete,,,,,,,,,,,,,,,,,
ZNN648-01-0 (267),4522P1,ZNN648-01-0,267,4522P1,ZNN648-01-0 (267),TRUE,FALSE,Flint,2026-08-27,,2027-02-16,,,2026-08-27,2026-08-27,,2026-08-27,2026-08-27,,,,,,,
GZR716-01-0 (136),4737P1,GZR716-01-0,136,4737P1,GZR716-01-0 (136),TRUE,FALSE,Prenatal Complete,2024-09-13,,2025-02-14,,,2024-09-13,2024-09-13,,2024-09-19,2024-09-19,2024-12-05,2024-12-09,2024-12-05,2024-12-05,2025-02-20,,
SBH525-01-0 (244),4716P1,SBH525-01-0,244,4716P1,SBH525-01-0 (244),TRUE,FALSE,Prenatal Complete,2024-03-20,,2024-10-14,,,2024-03-20,2024-03-20,,,,2024-07-22,2025-07-24,2024-07-24,2024-07-24,2024-10-14,,
LZV055-01-0 (201),4724P1,LZV055-01-0,201,4724P1,LZV055-01-0 (201),TRUE,FALSE,Prenatal Complete,2024-04-12,,2024-09-22,,,2024-04-12,2024-04-12,,,,2024-07-09,2024-07-10,2024-07-18,2024-07-18,2024-08-26,,
CCC242-01-0 (452),4714P1,CCC242-01-0,452,4714P1,CCC242-01-0 (452),TRUE,FALSE,Prenatal Complete,2024-03-19,,2024-09-14,,,2024-03-19,2024-03-19,,,,2024-06-24,2024-06-24,2024-06-24,2024-06-24,2024-09-15,,
VQH840-01-0 (838),4755P1,VQH840-01-0,838,4755P1,VQH840-01-0 (838),TRUE,FALSE,Prenatal Complete,2025-05-14,,2025-10-28,2025-05-30,,2025-05-14,2025-05-14,,2025-05-14,2025-05-14,2025-08-14,2025-09-03,2025-09-03,2025-09-03,2025-11-04,,
SLX595-01-A (911),4813F1,,,SLX595-01-A (911),4813F1,FALSE,FALSE,0-5 Month Traverse City,,,,,,,,,,,,,,,,,
JYR948-01-0 (333),4711P1,JYR948-01-0,333,4711P1,JYR948-01-0 (333),TRUE,FALSE,Prenatal Complete,2024-03-13,,2024-09-05,,,2024-03-13,2024-03-13,,,,2024-06-25,2024-06-25,2024-07-10,2024-07-10,2024-09-12,,
TPW315-01-A (713),4432F1,,,TPW315-01-A (713),4432F1,FALSE,FALSE,0-5 Month Complete,,,,,,,,,,,,,,,,,
RXZ141-01-0 (333),4521P1,RXZ141-01-0,333,4521P1,RXZ141-01-0 (333),TRUE,FALSE,Flint,2026-08-20,,2027-01-27,,,2026-08-20,2026-08-20,,2026-08-20,2026-08-20,,,,,,,
BSM142-01-A (822),4402F1,,,BSM142-01-A (822),4402F1,FALSE,FALSE,0-5 Month Complete,,,,,,,,,,,,,,,,,
MKV454-01-A (416),4192F1,,,MKV454-01-A (416),4192F1,FALSE,FALSE,0-5 Month Detroit,,,,,,,,,,,,,,,,,
DLW793-01-0 (805),4412P1,DLW793-01-0,805,4412P1,DLW793-01-0 (805),TRUE,FALSE,Prenatal Complete,2024-06-03,,2025-01-10,,,,2024-06-03,,2024-06-26,2024-06-03,2024-12-03,2024-12-03,2024-12-03,,2024-12-30,,
BLK940-01-0 (145),4109P1,BLK940-01-0,145,4109P1,BLK940-01-0 (145),TRUE,FALSE,Prenatal Complete,2024-06-07,2024-06-07,2024-10-30,,,2024-06-21,2024-06-07,,2024-06-07,2024-06-07,2024-08-09,2024-08-16,2024-08-16,2024-08-16,2024-10-12,,
RZY993-02-0 (894),4515P1,RZY993-02-0,894,4515P1,RZY993-02-0 (894),TRUE,FALSE,Flint,2026-07-08,,2027-01-17,2026-07-24,,2026-07-08,2026-07-08,,2026-07-08,2026-07-08,,,,,,,
ZLX499-01-0 (663),4776P1,ZLX499-01-0,663,4776P1,ZLX499-01-0 (663),TRUE,FALSE,Prenatal Complete,2025-09-10,,2026-02-28,2025-09-26,,2025-09-10,2025-09-10,,2025-09-10,2025-09-10,2025-12-17,2026-01-07,2026-01-07,2026-01-07,2026-02-13,,
PLD055-01-0 (277),4734P1,PLD055-01-0,277,4734P1,PLD055-01-0 (277),TRUE,FALSE,Prenatal Complete,2024-08-14,,2025-01-23,,,2024-08-14,2024-08-14,,2024-08-14,2024-08-14,2024-11-13,2024-11-13,2024-11-13,2024-11-13,2025-01-23,,
JBV363-01-0 (409),4763P1,JBV363-01-0,409,4763P1,JBV363-01-0 (409),TRUE,FALSE,Prenatal Complete,2025-06-24,,2025-12-05,2025-07-10,,2025-06-24,2025-06-24,,2025-06-25,2025-06-25,2025-09-17,2025-10-02,2025-10-02,2025-10-02,2025-12-05,,
KGN694-01-0 (574),4764P1,KGN694-01-0,574,4764P1,KGN694-01-0 (574),TRUE,FALSE,Prenatal Complete,2025-06-24,,2025-11-22,2025-07-10,,2025-06-24,2025-06-24,,2025-07-23,2025-07-23,2025-09-09,2025-09-03,2025-09-24,2025-09-24,2025-11-30,,
KSV514-01-0 (937),4509P1,KSV514-01-0,937,4509P1,KSV514-01-0 (937),TRUE,FALSE,Flint,2026-06-10,,2026-12-21,,2026-06-10,2026-06-10,2026-06-10,,2026-06-10,2026-06-10,,,,,,,
XKQ019-01-A (515),4705F1,,,XKQ019-01-A (515),4705F1,FALSE,FALSE,0-5 Month Complete,,,,,,,,,,,,,,,,,
HVF853-01-0 (607),4495P1,HVF853-01-0,607,4495P1,HVF853-01-0 (607),TRUE,FALSE,Prenatal Complete,2025-11-19,,2026-04-09,2025-12-05,,2025-11-19,2025-11-19,,,,2026-03-02,2026-02-24,2026-02-24,2026-02-24,2026-03-17,,
LGT159-01-0 (673),4127P1,LGT159-01-0,673,4127P1,LGT159-01-0 (673),TRUE,FALSE,Prenatal Complete,2024-10-18,2024-10-18,2025-04-25,,,2024-10-21,2024-10-18,,2024-10-18,2024-10-18,2025-02-01,2025-02-07,2025-02-07,2025-02-21,2025-05-02,,
JLN021-02-0 (211),4838P1,JLN021-02-0,211,4838P1,JLN021-02-0 (211),TRUE,FALSE,Traverse City,2026-09-02,,2027-03-06,2026-09-23,,2026-09-16,2026-09-02,,2026-09-09,2026-09-09,,,,,,,
MMV961-01-0 (103),4427P1,MMV961-01-0,103,4427P1,MMV961-01-0 (103),TRUE,FALSE,Prenatal Complete,2024-08-12,,2025-01-14,,,2024-08-20,2024-08-12,,2024-08-12,2024-08-12,2024-10-30,2024-11-01,2024-11-01,2024-11-01,2025-01-07,,
LMX568-01-A (713),4768F1,,,LMX568-01-A (713),4768F1,FALSE,FALSE,0-5 Month Complete,,,,,,,,,,,,,,,,,
TBK281-01-A (921),4484F1,,,TBK281-01-A (921),4484F1,FALSE,FALSE,0-5 Month Flint,,,,,,,,,,,,,,,,,
XVP185-01-0 (399),4489P1,XVP185-01-0,399,4489P1,XVP185-01-0 (399),TRUE,FALSE,Prenatal Complete,2025-11-12,,2026-04-03,,,2025-11-12,2025-11-12,,2025-11-12,2025-11-12,2026-01-12,2026-02-24,2026-02-24,2026-02-24,2026-03-03,,
YND734-01-A (350),4706F1,,,YND734-01-A (350),4706F1,FALSE,FALSE,0-5 Month Complete,,,,,,,,,,,,,,,,,
VPB978-01-0 (103),4518P1,VPB978-01-0,103,4518P1,VPB978-01-0 (103),TRUE,FALSE,Flint,2026-08-03,,2027-03-19,2026-08-19,,2026-08-03,2026-08-03,,,2026-08-03,,,,,,,
YQX985-01-A (373),4821F1,,,YQX985-01-A (373),4821F1,FALSE,FALSE,0-5 Month Traverse City,,,,,,,,,,,,,,,,,
FGC147-01-A (393),4130F1,,,FGC147-01-A (393),4130F1,FALSE,FALSE,0-5 Month Complete,,,,,,,,,,,,,,,,,
LHC177-01-0 (145),4446P1,LHC177-01-0,145,4446P1,LHC177-01-0 (145),TRUE,FALSE,Flint,2024-12-04,,2025-05-17,,,2024-12-04,2024-12-04,,2024-12-04,2024-12-04,2025-02-27,2025-02-27,2025-02-27,2025-03-14,2025-04-16,,
XGN391-01-0 (805),4457P1,XGN391-01-0,805,4457P1,XGN391-01-0 (805),TRUE,FALSE,Prenatal Complete,2025-04-07,,2025-11-15,,,2025-04-07,2025-04-07,,,2025-04-07,2025-08-25,,,,2025-11-06,,
HRG544-01-0 (409),4121P1,HRG544-01-0,409,4121P1,HRG544-01-0 (409),TRUE,FALSE,Prenatal Complete,2024-08-30,2024-09-03,2025-03-19,,,2024-09-07,2024-08-30,,2024-08-30,2024-09-27,2024-12-27,2024-12-27,2024-12-27,2025-01-25,2025-02-12,,
YND734-01-0 (772),4706P1,YND734-01-0,772,4706P1,YND734-01-0 (772),TRUE,FALSE,Prenatal Complete,2024-03-06,,2024-09-22,,,2024-03-07,2024-03-06,,,,2024-07-10,2024-07-10,2024-07-10,2024-07-10,2024-09-18,,
LZV055-02-0 (234),4806P1,LZV055-02-0,234,4806P1,LZV055-02-0 (234),TRUE,FALSE,Traverse City,2025-12-04,,2026-06-24,2025-12-20,2026-05-07,2025-12-08,2025-12-04,,2025-12-11,2025-12-11,2026-04-16,2026-04-16,2026-04-16,2026-04-16,2026-06-04,,
SMZ551-01-A (746),4170F1,,,SMZ551-01-A (746),4170F1,FALSE,FALSE,0-5 Month Complete,,,,,,,,,,,,,,,,,
QVW747-01-A (109),4119F1,,,QVW747-01-A (109),4119F1,FALSE,FALSE,0-5 Month Complete,,,,,,,,,,,,,,,,,
JLN021-01-A (756),4745F1,,,JLN021-01-A (756),4745F1,FALSE,FALSE,0-5 Month Complete,,,,,,,,,,,,,,,,,
YCB161-01-0 (145),4490P1,YCB161-01-0,145,4490P1,YCB161-01-0 (145),TRUE,FALSE,Prenatal Complete,2025-11-14,,2026-06-29,,,,2025-11-14,,,,,,,,2026-05-16,,
MTH981-01-A (416),4110F1,,,MTH981-01-A (416),4110F1,FALSE,FALSE,0-5 Month Complete,,,,,,,,,,,,,,,,,
RZY993-01-0 (861),4406P1,RZY993-01-0,861,4406P1,RZY993-01-0 (861),TRUE,FALSE,Prenatal Complete,2024-04-29,,2024-11-30,,,2024-05-07,2024-04-29,,2024-05-24,2024-04-29,2024-09-14,2024-09-19,2024-09-19,2024-09-19,2024-11-24,,
JCX999-01-A (581),4420F1,,,JCX999-01-A (581),4420F1,FALSE,FALSE,0-5 Month Complete,,,,,,,,,,,,,,,,,
CLC701-01-0 (749),4430P1,CLC701-01-0,749,4430P1,CLC701-01-0 (749),TRUE,FALSE,Prenatal Complete,2024-08-26,,2025-02-17,,,2024-08-26,2024-08-26,,2024-08-26,2024-08-26,2024-11-26,2025-01-09,2025-01-09,2024-12-12,2025-02-07,,
WCV960-01-A (548),4155F1,,,WCV960-01-A (548),4155F1,FALSE,FALSE,0-5 Month Complete,,,,,,,,,,,,,,,,,
VFC610-01-A (723),4140F1,,,VFC610-01-A (723),4140F1,FALSE,FALSE,0-5 Month Complete,,,,,,,,,,,,,,,,,
DXH431-01-A (921),4752F1,,,DXH431-01-A (921),4752F1,FALSE,FALSE,0-5 Month Complete,,,,,,,,,,,,,,,,,
TKN820-01-0 (706),4472P1,TKN820-01-0,706,4472P1,TKN820-01-0 (706),TRUE,FALSE,Prenatal Complete,2025-08-28,,2026-02-13,2025-09-13,,2025-08-28,2025-08-28,,2025-08-28,2025-09-03,2025-11-24,2026-01-16,2026-01-16,2026-01-16,2026-01-25,,
PSQ576-01-A (779),4713F1,,,PSQ576-01-A (779),4713F1,FALSE,FALSE,0-5 Month Complete,,,,,,,,,,,,,,,,,
BVD945-01-A (987),4743F1,,,BVD945-01-A (987),4743F1,FALSE,FALSE,0-5 Month Complete,,,,,,,,,,,,,,,,,
XPJ670-01-0 (970),4732P1,XPJ670-01-0,970,4732P1,XPJ670-01-0 (970),TRUE,FALSE,Prenatal Complete,2024-06-21,,2024-12-14,,,2024-06-21,2024-06-21,,2024-06-21,2024-06-21,2024-10-01,2024-10-02,2024-10-02,2024-10-02,2024-11-25,,
NWN510-01-0 (772),4461P1,NWN510-01-0,772,4461P1,NWN510-01-0 (772),TRUE,FALSE,Prenatal Complete,2025-06-25,,2025-12-07,2025-07-11,,2025-07-07,2025-06-25,,2025-07-23,2025-07-23,2025-09-16,2025-09-18,2025-09-18,2025-11-06,2025-11-26,,
JCX999-02-0 (136),4516P1,JCX999-02-0,136,4516P1,JCX999-02-0 (136),TRUE,FALSE,Flint,2026-07-31,,2027-02-09,2026-08-16,,2026-07-31,2026-07-31,,2026-07-31,2026-07-31,,,,,,,
RSZ202-01-A (680),4462F1,,,RSZ202-01-A (680),4462F1,FALSE,FALSE,0-5 Month Complete,,,,,,,,,,,,,,,,,
YXJ085-01-0 (267),4422P1,YXJ085-01-0,267,4422P1,YXJ085-01-0 (267),TRUE,FALSE,Prenatal Complete,2024-07-15,,2025-02-09,,,2024-07-12,2024-07-15,,2024-08-07,2024-07-15,2024-11-26,2024-12-02,2024-12-03,2024-12-03,2025-02-15,,
KRR544-01-A (449),4408F1,,,KRR544-01-A (449),4408F1,FALSE,FALSE,0-5 Month Complete,,,,,,,,,,,,,,,,,
XKQ019-01-0 (937),4705P1,XKQ019-01-0,937,4705P1,XKQ019-01-0 (937),TRUE,FALSE,Prenatal Complete,2024-03-05,,2024-08-22,,,2024-03-05,2024-03-05,,,,2024-06-18,2024-06-19,2024-06-19,2024-06-19,2024-08-17,,
CDL346-01-A (525),4483F1,,,CDL346-01-A (525),4483F1,FALSE,FALSE,0-5 Month Flint,,,,,,,,,,,,,,,,,
NDG495-01-A (888),4709F1,,,NDG495-01-A (888),4709F1,FALSE,FALSE,0-5 Month Complete,,,,,,,,,,,,,,,,,
FQH249-01-0 (409),4740P1,FQH249-01-0,409,4740P1,FQH249-01-0 (409),TRUE,FALSE,Prenatal Complete,2024-09-20,,2025-02-15,,,2024-09-20,2024-09-20,,2024-09-20,2024-09-20,2025-01-07,,2024-12-13,2024-12-13,2025-02-22,,
TJJ345-01-0 (607),4771P1,TJJ345-01-0,607,4771P1,TJJ345-01-0 (607),TRUE,FALSE,Prenatal Complete,2025-07-03,,2025-11-28,2025-07-19,,2025-07-08,2025-07-03,,2025-07-28,2025-07-28,2025-10-13,,,,2025-11-26,,
FGC147-01-0 (815),4130P1,FGC147-01-0,815,4130P1,FGC147-01-0 (815),TRUE,FALSE,Prenatal Complete,2024-11-08,2024-11-08,2025-04-30,,,,2024-11-08,,2024-11-08,2024-11-08,2025-02-06,2025-03-07,2025-03-07,2025-03-07,2025-04-18,,
HHW537-01-A (251),4407F1,,,HHW537-01-A (251),4407F1,FALSE,FALSE,0-5 Month Complete,,,,,,,,,,,,,,,,,
XFH617-01-A (185),4742F1,,,XFH617-01-A (185),4742F1,FALSE,FALSE,0-5 Month Complete,,,,,,,,,,,,,,,,,
JDZ749-01-0 (871),4180P1,JDZ749-01-0,871,4180P1,JDZ749-01-0 (871),TRUE,FALSE,Prenatal Complete,2026-01-07,2026-01-07,2026-06-02,2026-01-23,,2026-01-07,2026-01-07,,2026-01-07,2026-01-07,2026-03-20,2026-03-11,2026-03-11,2026-03-11,2026-05-30,,
CVH892-01-A (185),4126F1,,,CVH892-01-A (185),4126F1,FALSE,FALSE,0-5 Month Complete,,,,,,,,,,,,,,,,,
FBF788-01-A (690),4474F1,,,FBF788-01-A (690),4474F1,FALSE,FALSE,0-5 Month Complete,,,,,,,,,,,,,,,,,
ZQR455-01-0 (366),4753P1,ZQR455-01-0,366,4753P1,ZQR455-01-0 (366),TRUE,FALSE,Prenatal Complete,2025-02-12,,2025-07-22,,,2025-02-12,2025-02-12,,2025-02-12,2025-02-12,2025-05-14,2025-04-14,2025-05-28,2025-05-28,2025-07-24,,
FGL622-01-A (624),4467F1,,,FGL622-01-A (624),4467F1,FALSE,FALSE,0-5 Month Complete,,,,,,,,,,,,,,,,,
YYB078-01-A (680),4428F1,,,YYB078-01-A (680),4428F1,FALSE,FALSE,0-5 Month Complete,,,,,,,,,,,,,,,,,
SBW730-01-A (251),4138F1,,,SBW730-01-A (251),4138F1,FALSE,FALSE,0-5 Month Complete,,,,,,,,,,,,,,,,,
MNZ485-01-0 (201),4510P1,MNZ485-01-0,201,4510P1,MNZ485-01-0 (201),TRUE,FALSE,Flint,2026-06-16,,2026-12-26,2026-07-02,2026-08-06,2026-06-16,2026-06-16,,2026-06-16,2026-06-16,,,,,,,
BWX346-01-A (515),4187F1,,,BWX346-01-A (515),4187F1,FALSE,FALSE,0-5 Month Detroit,,,,,,,,,,,,,,,,,
GYL243-01-0 (640),4114P1,GYL243-01-0,640,4114P1,GYL243-01-0 (640),TRUE,FALSE,Prenatal Complete,2024-07-05,2024-07-05,2025-01-06,,,,2024-07-05,,2024-07-05,,,,,,2024-12-19,,
JBV363-01-A (987),4763F1,,,JBV363-01-A (987),4763F1,FALSE,FALSE,0-5 Month Complete,,,,,,,,,,,,,,,,,
CZY408-01-A (647),4741F1,,,CZY408-01-A (647),4741F1,FALSE,FALSE,0-5 Month Complete,,,,,,,,,,,,,,,,,
VYC886-01-A (845),4809F1,,,VYC886-01-A (845),4809F1,FALSE,FALSE,0-5 Month Traverse City,,,,,,,,,,,,,,,,,
CJF735-01-0 (113),4441P1,CJF735-01-0,113,4441P1,CJF735-01-0 (113),TRUE,FALSE,Prenatal Complete,2024-11-07,,2025-04-09,,,2024-11-07,2024-11-07,,2024-11-07,2024-11-08,2025-01-24,2025-03-12,2025-03-12,2025-03-12,2025-04-10,,
VXJ013-01-0 (871),4198P1,VXJ013-01-0,871,4198P1,VXJ013-01-0 (871),TRUE,FALSE,Detroit,2026-05-15,2026-05-15,2026-11-08,2026-05-31,2026-08-14,2026-05-15,2026-05-15,,2026-05-15,,2026-08-19,2026-09-04,2026-09-04,,,,
WVK885-01-0 (432),4789P1,WVK885-01-0,432,4789P1,WVK885-01-0 (432),TRUE,FALSE,Prenatal Complete,2025-09-26,,2026-03-11,2025-10-12,,2025-09-26,2025-09-26,,2025-10-01,2025-10-01,2026-01-07,2026-01-15,2025-12-16,2025-12-16,2026-03-05,,
TTY851-01-0 (498),4134P1,TTY851-01-0,498,4134P1,TTY851-01-0 (498),TRUE,FALSE,Prenatal Complete,2024-11-15,2024-11-15,2025-06-08,,,2024-11-15,2024-11-15,,2024-11-15,2024-11-15,2025-03-19,2025-04-07,2025-04-07,2025-04-07,2025-05-22,,
CPS604-01-A (153),4115F1,,,CPS604-01-A (153),4115F1,FALSE,FALSE,0-5 Month Complete,,,,,,,,,,,,,,,,,
YNF452-01-0 (739),4417P1,YNF452-01-0,739,4417P1,YNF452-01-0 (739),TRUE,FALSE,Prenatal Complete,2024-06-17,,2025-02-03,,,2024-06-25,2024-06-17,,2024-06-17,2024-06-17,2024-11-14,2024-12-17,,,2024-12-21,,
LZQ650-01-0 (169),4101P1,LZQ650-01-0,169,4101P1,LZQ650-01-0 (169),TRUE,FALSE,Prenatal Complete,2024-05-17,2024-05-17,2024-11-08,,,2024-05-25,2024-05-17,,2024-05-17,2024-06-14,2024-08-27,2024-09-13,2024-09-13,2024-10-04,2024-10-23,,
PHN877-03-0 (937),4840P1,PHN877-03-0,937,4840P1,PHN877-03-0 (937),TRUE,FALSE,Traverse City,2026-10-05,,2027-04-14,,,,2026-10-05,,,,,,,,,,
GZD028-01-A (120),4413F1,,,GZD028-01-A (120),4413F1,FALSE,FALSE,0-5 Month Complete,,,,,,,,,,,,,,,,,
QVW747-01-0 (531),4119P1,QVW747-01-0,531,4119P1,QVW747-01-0 (531),TRUE,FALSE,Prenatal Complete,2024-08-09,2024-08-12,2025-02-24,,,2024-08-24,2024-08-09,,2024-08-09,2024-08-23,2024-12-03,2024-12-27,2024-12-27,2025-01-17,2025-01-24,,
ZYG995-01-0 (564),4829P1,ZYG995-01-0,564,4829P1,ZYG995-01-0 (564),TRUE,FALSE,Traverse City,2026-05-26,,2026-10-17,2026-06-11,2026-07-30,2026-05-26,2026-05-26,,2026-06-03,2026-06-03,2026-07-28,2026-07-30,2026-08-05,2026-08-05,,,
YJQ442-01-0 (937),4169P1,YJQ442-01-0,937,4169P1,YJQ442-01-0 (937),TRUE,FALSE,Prenatal Complete,2025-09-18,2025-09-18,2026-02-16,2025-10-04,,2025-09-18,2025-09-18,,2025-09-18,,2025-12-08,2025-12-18,2025-12-18,2025-12-18,2026-01-31,,
NPM662-01-A (350),4409F1,,,NPM662-01-A (350),4409F1,FALSE,FALSE,0-5 Month Complete,,,,,,,,,,,,,,,,,
DRG448-01-0 (376),4498P1,DRG448-01-0,376,4498P1,DRG448-01-0 (376),TRUE,FALSE,Flint,2026-02-25,,2026-09-02,2026-03-13,,2026-02-25,2026-02-25,,2026-02-25,2026-02-25,2026-06-16,2026-07-09,2026-07-09,2026-07-09,2026-08-26,,
QRK467-02-0 (772),4154P1,QRK467-02-0,772,4154P1,QRK467-02-0 (772),TRUE,FALSE,Prenatal Complete,2025-06-25,2025-06-25,2026-01-17,2025-07-23,,2025-06-25,2025-06-25,,2025-06-25,2025-06-25,2025-10-27,2025-11-06,2025-11-06,2025-11-06,2025-12-14,,
KML208-01-0 (409),4163P1,KML208-01-0,409,4163P1,KML208-01-0 (409),TRUE,FALSE,Prenatal Complete,2025-08-15,2025-08-15,2026-01-27,,,2025-08-15,2025-08-15,,2025-09-08,2025-09-08,2025-11-06,2025-11-06,2025-11-06,2025-11-06,2025-12-28,,
DFB473-01-B (361),4456F2,,,DFB473-01-B (361),4456F2,FALSE,FALSE,0-5 Month Complete,,,,,,,,,,,,,,,,,
NRD487-01-0 (706),4749P1,NRD487-01-0,706,4749P1,NRD487-01-0 (706),TRUE,FALSE,Traverse City,2024-09-30,,2025-03-12,,,2024-09-30,2024-09-30,,2024-10-25,2024-10-25,2025-01-31,2024-01-30,,,2025-03-18,,
BXJ770-01-0 (541),4418P1,BXJ770-01-0,541,4418P1,BXJ770-01-0 (541),TRUE,FALSE,Prenatal Complete,2024-07-01,,2025-02-12,,,2024-07-01,2024-07-01,,2024-07-01,2024-07-01,2024-11-26,2024-12-03,2024-11-26,2024-11-27,2025-01-12,,
PPF902-01-0 (508),4150P1,PPF902-01-0,508,4150P1,PPF902-01-0 (508),TRUE,FALSE,Prenatal Complete,2025-05-02,2025-05-02,2025-12-19,2025-05-18,,2025-05-02,2025-05-02,,2025-05-02,2025-05-02,2025-10-08,2025-10-10,2025-10-10,2025-10-24,2025-12-02,,
GVK177-01-A (284),4189F1,,,GVK177-01-A (284),4189F1,FALSE,FALSE,0-5 Month Detroit,,,,,,,,,,,,,,,,,
GJP886-01-A (284),4505F1,,,GJP886-01-A (284),4505F1,FALSE,FALSE,0-5 Month Flint,,,,,,,,,,,,,,,,,
HYM398-01-A (647),4807F1,,,HYM398-01-A (647),4807F1,FALSE,FALSE,0-5 Month Complete,,,,,,,,,,,,,,,,,
YMF346-01-0 (772),4718P1,YMF346-01-0,772,4718P1,YMF346-01-0 (772),TRUE,FALSE,Prenatal Complete,2024-03-20,,2024-10-18,,,2024-03-21,2024-03-20,,,,2024-08-06,2024-08-13,2024-08-13,2024-08-13,2024-10-05,,
GRM073-01-A (153),4122F1,,,GRM073-01-A (153),4122F1,FALSE,FALSE,0-5 Month Complete,,,,,,,,,,,,,,,,,
TLN478-01-A (614),4781F1,,,TLN478-01-A (614),4781F1,FALSE,FALSE,0-5 Month Traverse City,,,,,,,,,,,,,,,,,
XRB073-01-0 (673),4164P1,XRB073-01-0,673,4164P1,XRB073-01-0 (673),TRUE,FALSE,Prenatal Complete,2025-08-21,2025-08-21,2026-01-22,2025-09-06,,2025-08-21,2025-08-21,,2025-08-21,2025-08-21,2025-12-03,,,,2026-01-27,,
WGL767-01-0 (937),4757P1,WGL767-01-0,937,4757P1,WGL767-01-0 (937),TRUE,FALSE,Prenatal Complete,2025-06-14,,2025-11-03,2025-06-30,,2025-06-14,2025-06-14,,2025-06-19,2025-06-19,2025-08-25,2025-09-03,2025-09-03,2025-09-03,2025-11-03,,
GZR716-01-A (614),4737F1,,,GZR716-01-A (614),4737F1,FALSE,FALSE,0-5 Month Complete,,,,,,,,,,,,,,,,,
TPW315-01-0 (135),4432P1,TPW315-01-0,135,4432P1,TPW315-01-0 (135),TRUE,FALSE,Prenatal Complete,2024-08-26,,2025-03-10,,,2024-09-05,2024-08-26,,2024-08-26,2024-08-26,2024-12-16,,,,2025-02-28,,
KLZ533-01-0 (871),4404P1,KLZ533-01-0,871,4404P1,KLZ533-01-0 (871),TRUE,FALSE,Prenatal Complete,2024-04-22,,2024-11-02,,,2024-04-22,2024-04-22,,,2024-04-22,2024-08-21,2024-08-21,2024-08-21,2024-08-21,2024-09-27,,
CPP633-01-A (120),4468F1,,,CPP633-01-A (120),4468F1,FALSE,FALSE,0-5 Month Complete,,,,,,,,,,,,,,,,,
PZJ271-01-A (515),4775F1,,,PZJ271-01-A (515),4775F1,FALSE,FALSE,0-5 Month Complete,,,,,,,,,,,,,,,,,
BWJ550-01-A (954),4440F1,,,BWJ550-01-A (954),4440F1,FALSE,FALSE,0-5 Month Complete,,,,,,,,,,,,,,,,,
QJL577-01-A (383),4717F1,,,QJL577-01-A (383),4717F1,FALSE,FALSE,0-5 Month Complete,,,,,,,,,,,,,,,,,
XPJ670-01-A (548),4732F1,,,XPJ670-01-A (548),4732F1,FALSE,FALSE,0-5 Month Complete,,,,,,,,,,,,,,,,,
GNX561-01-A (350),4460F1,,,GNX561-01-A (350),4460F1,FALSE,FALSE,0-5 Month Complete,,,,,,,,,,,,,,,,,
HWV734-01-0 (102),4796P1,HWV734-01-0,102,4796P1,HWV734-01-0 (102),TRUE,FALSE,Prenatal Complete,2025-10-22,,2026-03-29,2025-11-07,,2025-10-23,2025-10-22,,2025-10-30,2025-10-30,2026-02-09,2026-02-18,2026-02-18,2026-02-18,2026-02-27,,
GZD028-01-0 (442),4413P1,GZD028-01-0,442,4413P1,GZD028-01-0 (442),TRUE,FALSE,Prenatal Complete,2024-06-03,,2025-01-31,,,2024-06-07,2024-06-03,,,,2024-11-20,2024-11-08,2024-11-08,2024-11-08,2024-12-13,,
LSH641-01-A (119),4149F1,,,LSH641-01-A (119),4149F1,FALSE,FALSE,0-5 Month Complete,,,,,,,,,,,,,,,,,
BQV670-01-A (251),4500F1,,,BQV670-01-A (251),4500F1,FALSE,FALSE,0-5 Month Flint,,,,,,,,,,,,,,,,,
JTJ199-01-0 (838),4183P1,JTJ199-01-0,838,4183P1,JTJ199-01-0 (838),TRUE,FALSE,Prenatal Complete,2026-02-06,2026-02-06,2026-08-12,2026-02-22,,2026-02-06,2026-02-06,,,2026-02-06,2026-06-12,2026-06-12,2026-06-12,2026-06-12,2026-07-24,,
JYR948-01-A (911),4711F1,,,JYR948-01-A (911),4711F1,FALSE,FALSE,0-5 Month Complete,,,,,,,,,,,,,,,,,
HYM398-01-0 (169),4807P1,HYM398-01-0,169,4807P1,HYM398-01-0 (169),TRUE,FALSE,Prenatal Complete,2025-12-04,,2026-05-08,2025-12-20,,2025-12-10,2025-12-04,,,,2026-02-16,,,,2026-04-26,,
NEEDS 3.01 CONSENT TO REGISTER,4723F1,,,Needs 3.01 Consent to register,4723F1,FALSE,FALSE,0-5 Month Complete,,,,,,,,,,,,,,,,,
CZY408-01-0 (169),4741P1,CZY408-01-0,169,4741P1,CZY408-01-0 (169),TRUE,FALSE,Prenatal Complete,2024-09-24,,2025-02-13,,,2024-09-24,2024-09-24,,2024-10-03,2024-10-03,2024-12-07,2024-12-06,2025-01-08,2025-01-08,2025-02-17,,
NJJ950-01-0 (475),4513P1,NJJ950-01-0,475,4513P1,NJJ950-01-0 (475),TRUE,FALSE,Flint,2026-06-16,,2026-12-19,2026-07-02,,,2026-06-16,,2026-06-16,2026-06-16,,,,,,,
VXB964-01-0 (102),4203P1,VXB964-01-0,102,4203P1,VXB964-01-0 (102),TRUE,FALSE,Detroit,2026-06-12,2026-06-12,2026-11-06,,,,2026-06-12,,,2026-07-17,,,,,,,
ZWP028-01-0 (366),4822P1,ZWP028-01-0,366,4822P1,ZWP028-01-0 (366),TRUE,FALSE,Traverse City,2026-05-07,,2026-09-27,2026-05-23,2026-07-30,2026-05-08,2026-05-07,,2026-05-14,2026-05-14,2026-07-31,2026-07-30,2026-07-30,2026-07-30,,,
HWP759-01-0 (135),4181P1,HWP759-01-0,135,4181P1,HWP759-01-0 (135),TRUE,FALSE,Prenatal Complete,2026-01-23,2026-01-23,2026-08-13,2026-02-08,,2026-01-26,2026-01-23,,2026-01-23,2026-01-23,2026-05-22,2026-06-05,2026-06-05,2026-06-05,2026-08-13,,
JFL342-01-0 (112),4131P1,JFL342-01-0,112,4131P1,JFL342-01-0 (112),TRUE,FALSE,Prenatal Complete,2024-11-08,2024-11-08,2025-04-24,,,2024-11-13,2024-11-22,,2024-11-08,,2025-01-30,2025-02-07,2025-02-07,2025-02-07,2025-04-16,,
JBP890-01-0 (376),4172P1,JBP890-01-0,376,4172P1,JBP890-01-0 (376),TRUE,FALSE,Prenatal Complete,2025-10-10,2025-10-10,2026-04-05,2025-10-26,,2025-10-10,2025-10-10,,2025-10-10,2025-10-16,2026-01-13,2026-01-16,2026-01-16,2026-01-16,2026-02-24,,
GHD547-01-A (624),4791F1,,,GHD547-01-A (624),4791F1,FALSE,FALSE,0-5 Month Complete,,,,,,,,,,,,,,,,,
MHL306-01-0 (277),4830P1,MHL306-01-0,277,4830P1,MHL306-01-0 (277),TRUE,FALSE,Traverse City,2026-06-02,,2026-11-13,2026-06-18,2026-09-02,2026-06-02,2026-06-02,,2026-06-24,2026-06-24,2026-08-31,2026-09-02,2026-09-02,2026-09-02,,,
QBF961-01-A (822),4185F1,,,QBF961-01-A (822),4185F1,FALSE,FALSE,0-5 Month Detroit,,,,,,,,,,,,,,,,,
YQM393-01-0 (201),4835P1,YQM393-01-0,201,4835P1,YQM393-01-0 (201),TRUE,FALSE,Traverse City,2026-07-07,,2026-12-02,2026-07-28,,2026-07-07,2026-07-07,,2026-07-20,2026-07-20,2026-09-18,,,,,,
GBF935-01-0 (947),4193P1,GBF935-01-0,947,4193P1,GBF935-01-0 (947),TRUE,FALSE,Detroit,2026-04-24,2026-04-24,2026-11-12,,2026-08-25,,2026-04-24,,2026-04-24,2026-04-24,,2026-09-04,2026-09-04,,,,
ZQN091-01-0 (102),4761P1,ZQN091-01-0,102,4761P1,ZQN091-01-0 (102),TRUE,FALSE,Prenatal Complete,2025-06-19,,2025-11-21,2025-07-05,,2025-06-19,2025-06-19,,2025-06-26,2025-06-26,2025-09-08,2025-09-03,2025-09-04,2025-09-04,2025-11-21,,
TDX359-02-0 (169),4839P1,TDX359-02-0,169,4839P1,TDX359-02-0 (169),TRUE,FALSE,Traverse City,2026-09-09,,2027-03-13,2026-09-25,,2026-09-09,2026-09-09,,,,,,,,,,
GJG046-01-A (591),4494F1,,,GJG046-01-A (591),4494F1,FALSE,FALSE,0-5 Month Flint,,,,,,,,,,,,,,,,,
QQL383-01-A (449),4715F1,,,QQL383-01-A (449),4715F1,FALSE,FALSE,0-5 Month Complete,,,,,,,,,,,,,,,,,
NDG495-02-A (921),4784F1,,,NDG495-02-A (921),4784F1,FALSE,FALSE,0-5 Month Complete,,,,,,,,,,,,,,,,,
TBV278-01-0 (904),4795P1,TBV278-01-0,904,4795P1,TBV278-01-0 (904),TRUE,FALSE,Prenatal Complete,2025-10-22,,2026-03-13,2025-11-07,,2025-10-22,2025-10-22,,2025-10-29,2025-10-29,2026-01-08,2026-01-21,2026-01-21,2026-01-21,2026-03-20,,
SBZ481-01-0 (871),4808P1,SBZ481-01-0,871,4808P1,SBZ481-01-0 (871),TRUE,FALSE,Prenatal Complete,2025-12-12,,2026-05-31,,,,2025-12-12,,2025-12-16,2025-12-16,,,,,2026-05-22,,
BHB279-01-0 (881),4772P1,BHB279-01-0,881,4772P1,BHB279-01-0 (881),TRUE,FALSE,Prenatal Complete,2025-07-25,,2025-12-28,2025-08-10,,2025-07-25,2025-07-25,,2025-08-04,2025-08-04,2025-10-07,2025-10-08,2025-10-08,2025-10-08,2025-12-17,,
JBM041-02-0 (914),4825P1,JBM041-02-0,914,4825P1,JBM041-02-0 (914),TRUE,FALSE,Traverse City,2026-05-21,,2026-11-20,2026-06-08,2026-06-17,2026-05-29,2026-05-21,,2026-05-27,2026-05-27,2026-09-14,2026-09-02,2026-09-04,2026-09-04,,,
GJG046-01-0 (113),4494P1,GJG046-01-0,113,4494P1,GJG046-01-0 (113),TRUE,FALSE,Prenatal Complete,2025-11-17,,2026-05-16,2025-12-03,,2025-11-17,2025-11-17,,2025-11-17,2025-11-17,2026-02-28,2026-02-24,2026-04-10,2026-04-10,2026-04-26,,
WDL327-01-0 (574),4190P1,WDL327-01-0,574,4190P1,WDL327-01-0 (574),TRUE,FALSE,Prenatal Complete,2026-03-25,2026-03-25,2026-08-28,2026-04-10,2026-05-12,2026-03-25,2026-03-25,,2026-03-25,,2026-06-05,2026-06-17,2026-06-17,2026-06-17,2026-08-27,,
KPV524-01-0 (871),4765P1,KPV524-01-0,871,4765P1,KPV524-01-0 (871),TRUE,FALSE,Prenatal Complete,2025-06-26,,2025-12-13,2025-07-12,,2025-06-26,2025-06-26,,2025-06-26,2025-06-26,2025-09-23,2025-09-23,2025-09-23,2025-09-23,2025-12-08,,
SJH036-01-0 (409),4436P1,SJH036-01-0,409,4436P1,SJH036-01-0 (409),TRUE,FALSE,Prenatal Complete,2024-10-09,,2025-03-10,,,2024-10-09,2024-10-09,,2024-10-09,2024-10-09,2024-12-16,,,,2025-02-22,,
PHN877-02-A (482),4730F1,,,PHN877-02-A (482),4730F1,FALSE,FALSE,0-5 Month Complete,,,,,,,,,,,,,,,,,
KHN535-01-A (987),4794F1,,,KHN535-01-A (987),4794F1,FALSE,FALSE,0-5 Month Traverse City,,,,,,,,,,,,,,,,,
JNW534-01-A (416),4111F1,,,JNW534-01-A (416),4111F1,FALSE,FALSE,0-5 Month Complete,,,,,,,,,,,,,,,,,
KGN694-01-A (152),4764F1,,,KGN694-01-A (152),4764F1,FALSE,FALSE,0-5 Month Complete,,,,,,,,,,,,,,,,,
WDL327-01-A (152),4190F1,,,WDL327-01-A (152),4190F1,FALSE,FALSE,0-5 Month Detroit,,,,,,,,,,,,,,,,,
DDK216-01-0 (815),4217P1,DDK216-01-0,815,4217P1,DDK216-01-0 (815),TRUE,FALSE,Detroit,2026-09-11,2026-09-11,2027-02-17,2026-09-27,,2026-09-11,2026-09-11,,2026-09-11,,,,,,,,
LYY167-01-0 (399),4828P1,LYY167-01-0,399,4828P1,LYY167-01-0 (399),TRUE,FALSE,Traverse City,2026-05-26,,2026-10-17,2026-06-11,2026-08-05,2026-05-26,2026-05-26,,2026-06-03,2026-06-03,2026-07-29,2026-08-05,2026-08-05,2026-08-05,,,
KPT365-01-0 (904),4201P1,KPT365-01-0,904,4201P1,KPT365-01-0 (904),TRUE,FALSE,Detroit,2026-06-05,2026-06-05,2026-11-21,2026-06-21,,2026-06-05,2026-06-05,,2026-06-05,,2026-09-02,,,,,,
MJZ709-01-0 (136),4410P1,MJZ709-01-0,136,4410P1,MJZ709-01-0 (136),TRUE,FALSE,Prenatal Complete,2024-05-29,,2024-12-31,,,2024-05-29,2024-05-29,,2024-05-29,2024-06-23,2024-11-13,2024-11-22,2024-11-22,2024-11-22,2024-12-26,,
YXQ139-01-0 (498),4215P1,YXQ139-01-0,498,4215P1,YXQ139-01-0 (498),TRUE,FALSE,Pregnancy Loss,2026-08-17,2026-08-17,2027-02-12,2026-09-02,,2026-08-17,2026-08-17,,2026-08-17,,,,,,,,2026-10-07
RDL710-01-0 (277),4112P1,RDL710-01-0,277,4112P1,RDL710-01-0 (277),TRUE,FALSE,Prenatal Complete,2024-06-07,2024-06-07,2025-01-08,,,2024-06-26,2024-06-07,,2024-06-07,,2024-10-17,2024-10-18,2024-10-18,2024-10-18,2025-01-18,,
CDX218-01-0 (277),4179P1,CDX218-01-0,277,4179P1,CDX218-01-0 (277),TRUE,FALSE,Prenatal Complete,2025-12-17,2025-12-17,2026-07-15,2026-01-02,,2025-12-17,2025-12-17,,2025-12-17,2025-12-17,2026-04-22,2026-04-22,2026-05-06,2026-05-27,2026-07-17,,
WSG161-02-A (383),4824F1,,,WSG161-02-A (383),4824F1,FALSE,FALSE,0-5 Month Traverse City,,,,,,,,,,,,,,,,,
RMH180-01-A (153),4729F1,,,RMH180-01-A (153),4729F1,FALSE,FALSE,0-5 Month Complete,,,,,,,,,,,,,,,,,
HWP759-01-A (713),4181F1,,,HWP759-01-A (713),4181F1,FALSE,FALSE,0-5 Month Detroit,,,,,,,,,,,,,,,,,
CYS167-01-A (482),4411F1,,,CYS167-01-A (482),4411F1,FALSE,FALSE,0-5 Month Complete,,,,,,,,,,,,,,,,,
NCG882-01-A (855),4106F1,,,NCG882-01-A (855),4106F1,FALSE,FALSE,0-5 Month Complete,,,,,,,,,,,,,,,,,
QGY155-01-0 (871),4207P1,QGY155-01-0,871,4207P1,QGY155-01-0 (871),TRUE,FALSE,Detroit,2026-06-26,2026-06-26,2026-11-20,,,,2026-06-26,,,2026-06-26,,2026-09-25,,2026-09-25,,,
JFL874-01-0 (442),4511P1,JFL874-01-0,442,4511P1,JFL874-01-0 (442),TRUE,FALSE,Flint,2026-06-16,,2026-12-26,2026-07-02,2026-10-03,2026-06-16,2026-06-16,,2026-06-16,2026-06-16,,,,,,,
NGV392-01-A (350),4760F1,,,NGV392-01-A (350),4760F1,FALSE,FALSE,0-5 Month Complete,,,,,,,,,,,,,,,,,
GMB721-01-A (525),4434F1,,,GMB721-01-A (525),4434F1,FALSE,FALSE,0-5 Month Complete,,,,,,,,,,,,,,,,,
GDJ477-01-A (756),4725F1,,,GDJ477-01-A (756),4725F1,FALSE,FALSE,0-5 Month Complete,,,,,,,,,,,,,,,,,
KBB279-01-0 (980),4790P1,KBB279-01-0,980,4790P1,KBB279-01-0 (980),TRUE,FALSE,Prenatal Complete,2025-10-01,,2026-03-08,2025-10-29,,2025-10-01,2025-10-01,,2025-10-14,2025-10-14,2025-12-18,,,,2026-02-26,,
JBG482-01-0 (980),4482P1,JBG482-01-0,980,4482P1,JBG482-01-0 (980),TRUE,FALSE,Flint,2025-10-21,,2026-04-14,2025-11-06,,2025-10-28,2025-10-21,,,2025-10-21,2026-02-15,2026-02-15,,2026-02-15,2026-04-06,,
XGT144-01-A (449),4145F1,,,XGT144-01-A (449),4145F1,FALSE,FALSE,0-5 Month Complete,,,,,,,,,,,,,,,,,
PPF902-01-B (120),4150F2,,,PPF902-01-B (120),4150F2,FALSE,FALSE,0-5 Month Complete,,,,,,,,,,,,,,,,,
QHL554-01-0 (574),4785P1,QHL554-01-0,574,4785P1,QHL554-01-0 (574),TRUE,FALSE,Prenatal Complete,2025-09-17,,2026-03-02,2025-10-03,,2025-09-18,2025-09-17,,2025-09-17,2025-09-17,2025-12-11,2025-12-12,2025-12-12,2025-12-12,2026-02-27,,
BCB299-01-0 (782),4818P1,BCB299-01-0,782,4818P1,BCB299-01-0 (782),TRUE,FALSE,Traverse City,2026-05-07,,2026-09-28,2026-05-31,2026-07-22,2026-05-07,2026-05-07,,2026-05-13,2026-05-13,2026-07-21,2026-07-22,2026-07-22,2026-07-22,,,
WSG161-02-0 (805),4824P1,WSG161-02-0,805,4824P1,WSG161-02-0 (805),TRUE,FALSE,Traverse City,2026-05-20,,2026-09-22,2026-06-05,,2026-06-19,2026-05-20,,2026-05-20,2026-05-20,2026-08-25,2026-08-05,2026-08-05,2026-08-05,2026-09-13,,
WCN217-01-0 (541),4152P1,WCN217-01-0,541,4152P1,WCN217-01-0 (541),TRUE,FALSE,Prenatal Complete,2025-05-16,2025-05-16,2025-12-02,2025-06-01,,2025-05-16,2025-05-16,,2025-06-13,2025-06-13,2025-10-29,2025-09-19,2025-09-19,2025-09-19,2025-11-12,,
LGT159-02-A (284),4196F1,,,LGT159-02-A (284),4196F1,FALSE,FALSE,0-5 Month Detroit,,,,,,,,,,,,,,,,,
GRN417-01-0 (574),4799P1,GRN417-01-0,574,4799P1,GRN417-01-0 (574),TRUE,FALSE,Prenatal Complete,2025-10-23,,2026-04-16,2025-11-08,,2025-10-23,2025-10-23,,2025-10-29,2025-10-29,2026-01-25,2026-02-16,2026-02-16,2026-02-16,2026-04-15,,
QHF620-01-A (756),4726F1,,,QHF620-01-A (756),4726F1,FALSE,FALSE,0-5 Month Complete,,,,,,,,,,,,,,,,,
LVK846-01-A (548),4479F1,,,LVK846-01-A (548),4479F1,FALSE,FALSE,0-5 Month Complete,,,,,,,,,,,,,,,,,
NWN510-01-A (350),4461F1,,,NWN510-01-A (350),4461F1,FALSE,FALSE,0-5 Month Complete,,,,,,,,,,,,,,,,,
YRC466-01-0 (937),4783P1,YRC466-01-0,937,4783P1,YRC466-01-0 (937),TRUE,FALSE,Prenatal Complete,2025-09-16,,2026-02-08,2025-10-02,,2025-09-17,2025-09-16,,2025-10-01,2025-10-01,2025-12-02,2025-12-10,2025-12-10,2025-12-10,2026-02-09,,
FFM260-02-0 (113),4209P2,FFM260-02-0,113,4209P2,FFM260-02-0 (113),TRUE,FALSE,Detroit,2026-07-14,2026-07-14,2027-02-15,2026-07-30,,2026-07-14,2026-07-14,,2026-07-14,2026-07-14,,,,,,,
FBF788-01-0 (112),4474P1,FBF788-01-0,112,4474P1,FBF788-01-0 (112),TRUE,FALSE,Flint,2025-09-18,,2026-02-23,2025-10-03,,2025-09-18,2025-09-18,,2025-09-18,2025-09-18,2025-12-03,,,,2026-02-07,,
TJJ345-01-A (185),4771F1,,,TJJ345-01-A (185),4771F1,FALSE,FALSE,0-5 Month Complete,,,,,,,,,,,,,,,,,
KMN951-01-0 (640),4508P1,KMN951-01-0,640,4508P1,KMN951-01-0 (640),TRUE,FALSE,Flint,2026-05-29,,2026-10-25,,,,2026-05-29,,2026-05-29,,2026-08-27,2026-08-27,2026-08-27,2026-08-27,2026-10-05,,
WHT014-01-A (317),4493F1,,,WHT014-01-A (317),4493F1,FALSE,FALSE,0-5 Month Flint,,,,,,,,,,,,,,,,,
SLX595-01-0 (333),4813P1,SLX595-01-0,333,4813P1,SLX595-01-0 (333),TRUE,FALSE,Traverse City,2026-04-16,,2026-09-29,2026-05-13,2026-04-17,2026-04-17,2026-04-16,,2026-05-06,2026-05-06,2026-07-10,2026-07-31,2026-07-09,2026-07-09,2026-09-10,,
XYN414-01-0 (267),4750P1,XYN414-01-0,267,4750P1,XYN414-01-0 (267),TRUE,FALSE,Prenatal Complete,2024-10-02,,2025-02-28,,,2024-10-02,2024-10-02,,2024-10-02,2024-10-02,2024-12-07,2024-12-09,2024-12-09,2024-12-09,2025-02-24,,
XBR066-01-0 (739),4476P1,XBR066-01-0,739,4476P1,XBR066-01-0 (739),TRUE,FALSE,Prenatal Complete,2025-09-30,,2026-04-14,2025-10-16,,2025-09-30,2025-09-30,,,2025-09-30,2026-01-26,2026-02-26,,2026-02-26,2026-03-15,,
JLN021-01-0 (178),4745P1,JLN021-01-0,178,4745P1,JLN021-01-0 (178),TRUE,FALSE,Prenatal Complete,2024-09-30,,2025-03-03,,,2024-09-30,2024-09-30,,2024-10-02,2024-10-02,2024-12-11,2024-12-11,2024-12-11,2024-12-11,2025-02-27,,
JWP930-02-0 (937),4810P1,JWP930-02-0,937,4810P1,JWP930-02-0 (937),TRUE,FALSE,Prenatal Complete,2025-12-12,,2026-05-29,2025-12-28,2026-04-08,2025-12-17,2025-12-12,,2025-12-16,2025-12-16,2026-03-17,2026-04-07,2026-04-07,2026-04-07,2026-04-29,,
CKL621-01-0 (146),4128P1,CKL621-01-0,146,4128P1,CKL621-01-0 (146),TRUE,FALSE,Prenatal Complete,2024-10-25,2024-10-28,2025-06-11,,,2024-10-25,2024-10-25,,2024-10-25,2024-11-15,2025-03-20,2025-03-21,2025-03-21,2025-03-21,2025-05-16,,
KNV856-01-0 (169),4216P1,KNV856-01-0,169,4216P1,KNV856-01-0 (169),TRUE,FALSE,Detroit,2026-09-11,2026-09-11,2027-03-22,,,2026-09-11,2026-09-11,,,2026-09-11,,,,,,,
QZC678-01-A (680),4186F1,,,QZC678-01-A (680),4186F1,FALSE,FALSE,0-5 Month Detroit,,,,,,,,,,,,,,,,,
KDC458-01-0 (146),4173P1,KDC458-01-0,146,4173P1,KDC458-01-0 (146),TRUE,FALSE,Prenatal Complete,2025-10-10,2025-10-10,2026-04-16,,,2025-10-10,2025-10-10,,2025-10-10,,2026-01-28,2026-01-30,2026-01-30,2026-01-30,2026-04-03,,
SNM563-01-0 (871),4793P1,SNM563-01-0,871,4793P1,SNM563-01-0 (871),TRUE,FALSE,Prenatal Complete,2025-10-13,,2026-03-20,2025-10-28,,2025-10-17,2025-10-13,,2025-10-13,2025-10-13,2026-02-09,2026-02-10,2026-02-04,2026-02-04,2026-03-05,,
NNX593-01-0 (168),4798P1,NNX593-01-0,168,4798P1,NNX593-01-0 (168),TRUE,FALSE,Prenatal Complete,2025-10-23,,2026-03-30,2025-11-08,,2025-10-24,2025-10-23,,,,2026-01-24,2026-01-27,2026-01-27,2026-01-27,2026-04-07,,
FQH249-01-A (987),4740F1,,,FQH249-01-A (987),4740F1,FALSE,FALSE,0-5 Month Complete,,,,,,,,,,,,,,,,,
ZBM618-01-0 (739),4465P1,ZBM618-01-0,739,4465P1,ZBM618-01-0 (739),TRUE,FALSE,Prenatal Complete,2025-07-09,,2026-01-08,2025-07-25,,2025-07-22,2025-07-09,,2025-07-09,2025-07-09,2025-10-21,2025-10-31,2025-10-31,2025-10-31,2025-12-05,,
TKS011-01-0 (607),4501P1,TKS011-01-0,607,4501P1,TKS011-01-0 (607),TRUE,FALSE,Flint,2026-03-05,,2026-09-04,2026-03-21,,2026-03-05,2026-03-05,,2026-03-05,2026-03-05,2026-06-16,2026-07-16,2026-07-16,2026-07-16,2026-08-14,,
VHD766-01-0 (640),4455P1,VHD766-01-0,640,4455P1,VHD766-01-0 (640),TRUE,FALSE,Flint,2025-02-14,,2025-09-01,,,2025-02-15,2025-02-14,,2025-02-14,2025-02-14,2025-06-12,2025-07-02,2025-07-02,2025-07-02,2025-08-28,,
FQF816-01-A (921),4759F1,,,FQF816-01-A (921),4759F1,FALSE,FALSE,0-5 Month Complete,,,,,,,,,,,,,,,,,
KRR544-01-0 (871),4408P1,KRR544-01-0,871,4408P1,KRR544-01-0 (871),TRUE,FALSE,Prenatal Complete,2024-05-13,,2024-12-23,,,2024-05-13,2024-05-13,,2024-05-16,2024-05-13,2024-10-04,2024-10-23,2024-10-23,2024-11-26,2024-12-17,,
HQK219-01-0 (475),4135P1,HQK219-01-0,475,4135P1,HQK219-01-0 (475),TRUE,FALSE,Prenatal Complete,2024-11-15,2024-11-15,2025-06-23,,,2024-11-30,2024-11-15,,2024-11-15,2024-11-15,2025-04-09,,,,2025-06-20,,
KRW246-01-0 (103),4827P1,KRW246-01-0,103,4827P1,KRW246-01-0 (103),TRUE,FALSE,Traverse City,2026-05-26,,2026-10-23,2026-06-13,2026-09-18,2026-06-03,2026-05-26,,2026-06-05,2026-06-05,2026-08-01,2026-09-23,2026-09-18,2026-09-18,,,
WWW781-01-0 (696),4756P1,WWW781-01-0,696,4756P1,WWW781-01-0 (696),TRUE,FALSE,Prenatal Complete,2025-05-16,,2025-11-06,2025-06-11,,2025-05-16,2025-05-16,,2025-06-13,2025-06-13,2025-08-22,2025-09-05,2025-09-05,2025-09-05,2025-11-02,,
ZRH064-01-A (515),4458F1,,,ZRH064-01-A (515),4458F1,FALSE,FALSE,0-5 Month Complete,,,,,,,,,,,,,,,,,
KLZ533-01-A (449),4404F1,,,KLZ533-01-A (449),4404F1,FALSE,FALSE,0-5 Month Complete,,,,,,,,,,,,,,,,,
LGT159-02-0 (706),4196P2,LGT159-02-0,706,4196P2,LGT159-02-0 (706),TRUE,FALSE,Prenatal Complete,2026-05-11,2026-05-11,2026-09-09,2026-05-27,2026-05-28,2026-05-11,2026-05-11,,2026-05-11,,2026-06-17,2026-06-24,2026-06-24,2026-06-24,2026-09-11,,
MGW204-01-A (186),4142F1,,,MGW204-01-A (186),4142F1,FALSE,FALSE,0-5 Month Complete,,,,,,,,,,,,,,,,,
YKM485-01-0 (169),4478P1,YKM485-01-0,169,4478P1,YKM485-01-0 (169),TRUE,FALSE,Pregnancy Loss,2025-10-06,,2026-05-06,2025-10-22,,2025-10-06,2025-10-06,,2025-10-06,2025-10-06,,,,,,,2025-11-03
VZY119-01-0 (663),4424P1,VZY119-01-0,663,4424P1,VZY119-01-0 (663),TRUE,FALSE,Prenatal Complete,2024-07-29,,2025-02-26,,,,2024-07-29,,,,2025-01-10,,,,2025-02-04,,
NQS727-01-0 (169),4177P1,NQS727-01-0,169,4177P1,NQS727-01-0 (169),TRUE,FALSE,Prenatal Complete,2025-12-05,2025-12-05,2026-05-08,,2026-03-13,,2025-12-05,,2025-12-05,,2026-02-27,2026-02-26,2026-02-26,2026-02-27,2026-05-01,,
PQD023-01-0 (277),4826P1,PQD023-01-0,277,4826P1,PQD023-01-0 (277),TRUE,FALSE,Traverse City,2026-05-26,,2026-10-19,2026-06-12,2026-07-27,2026-05-26,2026-05-26,,2026-05-26,2026-05-26,2026-08-01,2026-08-05,2026-08-26,2026-08-26,,,
GDN788-01-0 (475),4712P1,GDN788-01-0,475,4712P1,GDN788-01-0 (475),TRUE,FALSE,Prenatal Complete,2024-03-14,,2024-08-29,,,2024-03-14,2024-03-14,,,,2024-06-19,2024-07-22,2024-07-22,2024-07-22,2024-08-31,,
GVK177-01-0 (706),4189P1,GVK177-01-0,706,4189P1,GVK177-01-0 (706),TRUE,FALSE,Prenatal Complete,2026-03-20,2026-03-20,2026-08-15,,,2026-03-20,2026-03-20,,2026-04-02,2026-03-20,,,,,2026-05-22,,
CZY180-01-A (548),4159F1,,,CZY180-01-A (548),4159F1,FALSE,FALSE,0-5 Month Complete,,,,,,,,,,,,,,,,,
LGG637-01-0 (277),4526P1,LGG637-01-0,277,4526P1,LGG637-01-0 (277),TRUE,FALSE,Flint,2026-10-08,,2027-03-24,,,,2026-10-08,,,,,,,,,,
WMD058-01-A (218),4788F1,,,WMD058-01-A (218),4788F1,FALSE,FALSE,0-5 Month Complete,,,,,,,,,,,,,,,,,
GDN788-01-A (153),4712F1,,,GDN788-01-A (153),4712F1,FALSE,FALSE,0-5 Month Complete,,,,,,,,,,,,,,,,,
LLZ021-01-0 (640),4405P1,LLZ021-01-0,640,4405P1,LLZ021-01-0 (640),TRUE,FALSE,Prenatal Complete,2024-04-29,,2024-12-08,,,2024-04-29,2024-04-29,,2024-05-09,2024-04-29,2024-09-16,2024-11-08,2024-11-08,2024-11-08,2024-12-08,,
KJR619-01-A (284),4426F1,,,KJR619-01-A (284),4426F1,FALSE,FALSE,0-5 Month Complete,,,,,,,,,,,,,,,,,
MJX352-01-A (350),4758F1,,,MJX352-01-A (350),4758F1,FALSE,FALSE,0-5 Month Complete,,,,,,,,,,,,,,,,,
QCD750-01-A (657),4487F1,,,QCD750-01-A (657),4487F1,FALSE,FALSE,0-5 Month Flint,,,,,,,,,,,,,,,,,
LTS268-01-A (680),4707F1,,,LTS268-01-A (680),4707F1,FALSE,FALSE,0-5 Month Complete,,,,,,,,,,,,,,,,,
TTY851-01-A (176),4134F1,,,TTY851-01-A (176),4134F1,FALSE,FALSE,0-5 Month Complete,,,,,,,,,,,,,,,,,
SMQ889-01-0 (333),4429P1,SMQ889-01-0,333,4429P1,SMQ889-01-0 (333),TRUE,FALSE,Prenatal Complete,2024-08-19,,2025-02-09,,,2024-08-27,2024-08-19,,,2024-09-12,2024-11-25,2024-12-05,2024-12-05,2024-12-05,2025-01-30,,
ZMK813-01-A (515),4444F1,,,ZMK813-01-A (515),4444F1,FALSE,FALSE,0-5 Month Complete,,,,,,,,,,,,,,,,,
XVP185-01-A (977),4489F1,,,XVP185-01-A (977),4489F1,FALSE,FALSE,0-5 Month Flint,,,,,,,,,,,,,,,,,
FNC855-01-0 (244),4443P1,FNC855-01-0,244,4443P1,FNC855-01-0 (244),TRUE,FALSE,Prenatal Complete,2024-11-08,,2025-05-01,,,2024-11-08,2024-11-08,,2024-12-02,2024-11-08,2025-02-12,2025-02-12,2025-02-12,2025-02-12,2025-02-13,,
RZS580-02-A (110),4814F1,,,RZS580-02-A (110),4814F1,FALSE,FALSE,0-5 Month Traverse City,,,,,,,,,,,,,,,,,
YRM458-01-0 (300),4105P1,YRM458-01-0,300,4105P1,YRM458-01-0 (300),TRUE,FALSE,Prenatal Complete,2024-05-24,2024-05-24,2024-10-13,,,2024-05-25,2024-05-24,,2024-05-24,2024-05-24,2024-08-09,2024-08-02,2024-08-02,2024-08-02,2024-09-06,,
QBF961-01-0 (244),4185P1,QBF961-01-0,244,4185P1,QBF961-01-0 (244),TRUE,FALSE,Prenatal Complete,2026-02-20,2026-02-20,2026-09-11,,,2026-02-20,2026-02-20,,2026-02-20,2026-02-20,,2026-06-26,2026-06-26,,2026-09-12,,
PVP473-01-A (713),4123F1,,,PVP473-01-A (713),4123F1,FALSE,FALSE,0-5 Month Complete,,,,,,,,,,,,,,,,,
SJJ762-01-A (251),4786F1,,,SJJ762-01-A (251),4786F1,FALSE,FALSE,0-5 Month Complete,,,,,,,,,,,,,,,,,
YRM458-01-A (878),4105F1,,,YRM458-01-A (878),4105F1,FALSE,FALSE,0-5 Month Complete,,,,,,,,,,,,,,,,,
MNR068-01-0 (838),4721P1,MNR068-01-0,838,4721P1,MNR068-01-0 (838),TRUE,FALSE,Prenatal Complete,2024-04-02,,2024-10-06,,,2024-04-02,2024-04-02,,,,2024-07-19,2024-07-24,2024-07-24,2024-07-24,2024-10-03,,
VKD996-01-A (482),4139F1,,,VKD996-01-A (482),4139F1,FALSE,FALSE,0-5 Month Complete,,,,,,,,,,,,,,,,,
WNT485-01-0 (333),4166P1,WNT485-01-0,333,4166P1,WNT485-01-0 (333),TRUE,FALSE,Detroit,2025-08-22,2025-08-22,2026-02-20,2025-09-07,,2025-08-22,2025-08-22,,2025-09-12,2025-08-22,2025-12-01,2026-01-14,2026-01-14,2026-01-14,,,
JBP890-01-A (954),4172F1,,,JBP890-01-A (954),4172F1,FALSE,FALSE,0-5 Month Complete,,,,,,,,,,,,,,,,,
VXZ462-01-0 (663),4450P1,VXZ462-01-0,663,4450P1,VXZ462-01-0 (663),TRUE,FALSE,Flint,2024-12-18,,2025-06-06,,,2024-12-18,2024-12-18,,2024-12-18,2024-12-18,2025-03-27,,,,2025-05-17,,
CTT657-01-A (482),4435F1,,,CTT657-01-A (482),4435F1,FALSE,FALSE,0-5 Month Complete,,,,,,,,,,,,,,,,,
MLT236-01-A (317),4815F1,,,MLT236-01-A (317),4815F1,FALSE,FALSE,0-5 Month Traverse City,,,,,,,,,,,,,,,,,
NSQ870-01-0 (136),4704P1,NSQ870-01-0,136,4704P1,NSQ870-01-0 (136),TRUE,FALSE,Prenatal Complete,2024-02-28,,2024-08-23,,,2024-02-28,2024-02-28,,,,2024-06-18,2024-06-27,2024-06-27,2024-06-27,2024-08-24,,
QST675-01-A (911),4148F1,,,QST675-01-A (911),4148F1,FALSE,FALSE,0-5 Month Complete,,,,,,,,,,,,,,,,,
XTL216-01-A (614),4801F1,,,XTL216-01-A (614),4801F1,FALSE,FALSE,0-5 Month Complete,,,,,,,,,,,,,,,,,
LDB835-01-A (591),4803F1,,,LDB835-01-A (591),4803F1,FALSE,FALSE,0-5 Month Traverse City,,,,,,,,,,,,,,,,,
MPP904-01-0 (805),4506P1,MPP904-01-0,805,4506P1,MPP904-01-0 (805),TRUE,FALSE,Flint,2026-05-11,,2026-11-20,2026-05-27,,2026-05-11,2026-05-11,,2026-05-11,2026-05-11,,,,,,,
CKJ511-01-0 (914),4770P1,CKJ511-01-0,914,4770P1,CKJ511-01-0 (914),TRUE,FALSE,Prenatal Complete,2025-06-27,,2025-12-13,2025-07-13,,2025-06-27,2025-06-27,,2025-07-17,2025-07-17,2025-10-02,2025-10-08,2025-10-08,2025-10-08,2025-12-12,,
ZGC044-01-0 (343),4459P1,ZGC044-01-0,343,4459P1,ZGC044-01-0 (343),TRUE,FALSE,Prenatal Complete,2025-06-04,,2025-12-04,2025-06-20,,2025-06-19,2025-06-04,,2025-06-04,2025-06-04,2025-09-17,2025-10-09,2025-10-09,2025-10-09,2025-11-25,,
CSS863-02-A (416),4103F1,,,CSS863-02-A (416),4103F1,FALSE,FALSE,0-5 Month Complete,,,,,,,,,,,,,,,,,
WRD249-01-0 (871),4751P1,WRD249-01-0,871,4751P1,WRD249-01-0 (871),TRUE,FALSE,Prenatal Complete,2024-10-02,,2025-04-06,,,2024-10-02,2024-10-02,,2024-10-09,2024-10-09,2025-02-12,2025-02-12,2025-02-12,2025-02-12,2025-04-10,,
JDZ749-01-A (449),4180F1,,,JDZ749-01-A (449),4180F1,FALSE,FALSE,0-5 Month Detroit,,,,,,,,,,,,,,,,,
NNX593-01-A (746),4798F1,,,NNX593-01-A (746),4798F1,FALSE,FALSE,0-5 Month Traverse City,,,,,,,,,,,,,,,,,
YXJ085-01-A (845),4422F1,,,YXJ085-01-A (845),4422F1,FALSE,FALSE,0-5 Month Complete,,,,,,,,,,,,,,,,,
BHL971-01-0 (178),4447P1,BHL971-01-0,178,4447P1,BHL971-01-0 (178),TRUE,FALSE,Flint,2024-12-04,,2025-04-26,,,2024-12-06,2024-12-04,,2024-12-04,2025-01-02,2025-02-05,2025-03-03,2025-02-27,,2025-04-14,,
JWP930-02-A (515),4810F1,,,JWP930-02-A (515),4810F1,FALSE,FALSE,0-5 Month Complete,,,,,,,,,,,,,,,,,
MJX352-01-0 (772),4758P1,MJX352-01-0,772,4758P1,MJX352-01-0 (772),TRUE,FALSE,Prenatal Complete,2025-06-18,,2025-11-11,2025-07-03,,2025-06-18,2025-06-18,,2025-06-18,2025-06-18,2025-08-28,2025-08-28,2025-08-28,2025-08-28,2025-11-15,,
YQX985-01-B (407),4821F2,,,YQX985-01-B (407),4821F2,FALSE,FALSE,0-5 Month Traverse City,,,,,,,,,,,,,,,,,
KJR619-01-0 (706),4426P1,KJR619-01-0,706,4426P1,KJR619-01-0 (706),TRUE,FALSE,Prenatal Complete,2024-07-31,,2025-01-20,,,2024-07-31,2024-07-31,,2024-08-27,2024-07-31,2024-10-30,2024-11-06,2024-11-06,2024-11-06,2025-01-14,,
QDZ468-01-0 (136),4162P1,QDZ468-01-0,136,4162P1,QDZ468-01-0 (136),TRUE,FALSE,Prenatal Complete,2025-07-31,2025-07-31,2026-01-19,2025-08-16,,2025-07-31,2025-07-31,,2025-08-18,2025-07-31,2025-11-04,2025-11-05,2025-11-05,2025-11-05,2026-01-24,,
XPK044-01-A (416),4144F1,,,XPK044-01-A (416),4144F1,FALSE,FALSE,0-5 Month Complete,,,,,,,,,,,,,,,,,
PVP473-01-0 (135),4123P1,PVP473-01-0,135,4123P1,PVP473-01-0 (135),TRUE,FALSE,Prenatal Complete,2024-09-27,2024-09-30,2025-04-03,,,2024-09-27,2024-09-27,,2024-09-27,2024-10-18,2025-01-10,2025-02-07,2025-02-07,2025-02-07,2025-03-28,,
MTH981-01-0 (838),4110P1,MTH981-01-0,838,4110P1,MTH981-01-0 (838),TRUE,FALSE,Prenatal Complete,2024-06-07,2024-06-07,2024-11-13,,,2024-07-01,2024-06-07,,2024-07-05,2024-06-07,2024-09-04,2024-08-30,2024-08-30,2024-09-20,2024-11-25,,
LZW769-01-0 (630),4832P1,LZW769-01-0,630,4832P1,LZW769-01-0 (630),TRUE,FALSE,Traverse City,2026-06-26,,2026-12-10,2026-07-20,2026-10-02,2026-06-26,2026-06-26,,2026-07-14,2026-07-14,2026-09-23,2026-10-02,2026-10-02,2026-10-02,,,
XXW266-01-A (274),4157F1,,,XXW266-01-A (274),4157F1,FALSE,FALSE,0-5 Month Complete,,,,,,,,,,,,,,,,,
RDK869-01-0 (739),4104P1,RDK869-01-0,739,4104P1,RDK869-01-0 (739),TRUE,FALSE,Prenatal Complete,2024-05-24,2024-05-24,2024-11-30,,,2024-05-25,2024-05-24,,,2024-05-24,,2024-09-09,2024-09-09,,2024-11-08,,
GNX561-01-0 (772),4460P1,GNX561-01-0,772,4460P1,GNX561-01-0 (772),TRUE,FALSE,Prenatal Complete,2025-06-12,,2025-12-08,2025-06-26,,2025-06-27,2025-06-12,,2025-06-12,,2025-09-25,2025-09-17,2025-09-17,2025-09-17,2025-12-03,,
KPV524-01-A (449),4765F1,,,KPV524-01-A (449),4765F1,FALSE,FALSE,0-5 Month Complete,,,,,,,,,,,,,,,,,
RDC147-01-A (690),4739F1,,,RDC147-01-A (690),4739F1,FALSE,FALSE,0-5 Month Complete,,,,,,,,,,,,,,,,,
XFP756-01-0 (103),4182P1,XFP756-01-0,103,4182P1,XFP756-01-0 (103),TRUE,FALSE,Prenatal Complete,2026-02-06,2026-02-06,2026-09-04,,,,2026-02-06,,2026-02-06,,,2026-06-26,2026-06-26,2026-06-26,2026-08-25,,
XTZ385-01-0 (729),4204P1,XTZ385-01-0,729,4204P1,XTZ385-01-0 (729),TRUE,FALSE,Detroit,2026-06-12,2026-06-12,2026-12-11,,2026-06-17,,2026-06-12,,2026-06-12,,,,,,,,
CKX033-01-A (921),4143F1,,,CKX033-01-A (921),4143F1,FALSE,FALSE,0-5 Month Complete,,,,,,,,,,,,,,,,,
SLF955-01-A (317),4485F1,,,SLF955-01-A (317),4485F1,FALSE,FALSE,0-5 Month Complete,,,,,,,,,,,,,,,,,
ZGC044-01-A (921),4459F1,,,ZGC044-01-A (921),4459F1,FALSE,FALSE,0-5 Month Complete,,,,,,,,,,,,,,,,,
KWV665-01-A (878),4416F1,,,KWV665-01-A (878),4416F1,FALSE,FALSE,0-5 Month Complete,,,,,,,,,,,,,,,,,
FZV796-01-A (977),4766F1,,,FZV796-01-A (977),4766F1,FALSE,FALSE,0-5 Month Complete,,,,,,,,,,,,,,,,,
NQW810-01-A (548),4464F1,,,NQW810-01-A (548),4464F1,FALSE,FALSE,0-5 Month Complete,,,,,,,,,,,,,,,,,
JDX936-01-0 (739),4445P1,JDX936-01-0,739,4445P1,JDX936-01-0 (739),TRUE,FALSE,Flint,2024-11-20,,2025-04-25,,,2024-12-18,2024-11-20,,2024-12-19,2024-12-19,2025-02-27,2025-02-13,2025-02-13,2025-02-13,2025-04-19,,
SGC378-01-0 (442),4205P1,SGC378-01-0,442,4205P1,SGC378-01-0 (442),TRUE,FALSE,Detroit,2026-06-22,2026-06-22,2026-12-07,2026-07-20,2026-07-20,2026-07-20,2026-06-22,,2026-06-22,,,2026-09-21,2026-09-21,2026-09-21,,,
CBT926-01-0 (277),4488P1,CBT926-01-0,277,4488P1,CBT926-01-0 (277),TRUE,FALSE,Prenatal Complete,2025-11-10,,2026-05-21,2025-11-26,,2025-11-11,2025-11-10,,2025-11-10,2025-11-10,2026-03-01,,,,2026-05-18,,
PPF902-01-A (186),4150F1,,,PPF902-01-A (186),4150F1,FALSE,FALSE,0-5 Month Complete,,,,,,,,,,,,,,,,,
HHW537-01-0 (673),4407P1,HHW537-01-0,673,4407P1,HHW537-01-0 (673),TRUE,FALSE,Prenatal Complete,2024-05-13,,2024-10-11,,,2024-05-15,2024-05-13,,,2024-05-13,2024-07-26,2024-07-26,2024-07-26,,2024-10-03,,
BNJ340-01-0 (980),4469P1,BNJ340-01-0,980,4469P1,BNJ340-01-0 (980),TRUE,FALSE,Prenatal Complete,2025-08-02,,2025-12-22,2025-08-18,,2025-08-02,2025-08-04,,2025-08-29,2025-08-02,2025-10-01,2025-10-06,2025-10-06,2025-10-06,2025-12-16,,
RRB727-01-A (251),4746F1,,,RRB727-01-A (251),4746F1,FALSE,FALSE,0-5 Month Complete,,,,,,,,,,,,,,,,,
MTV723-01-0 (102),4491P1,MTV723-01-0,102,4491P1,MTV723-01-0 (102),TRUE,FALSE,Prenatal Complete,2025-11-14,,2026-05-12,2025-11-30,,2025-11-16,2025-11-14,,2025-12-03,2025-12-03,2026-02-24,2026-02-24,,,2026-05-05,,
FMN570-01-0 (376),4834P1,FMN570-01-0,376,4834P1,FMN570-01-0 (376),TRUE,FALSE,Traverse City,2026-07-07,,2026-12-12,2026-07-23,2026-10-01,2026-07-07,2026-07-07,,2026-07-16,2026-07-16,2026-09-25,2026-10-01,2026-10-01,2026-10-01,,,
NCY578-01-A (515),4792F1,,,NCY578-01-A (515),4792F1,FALSE,FALSE,0-5 Month Complete,,,,,,,,,,,,,,,,,
WMD058-01-0 (640),4788P1,WMD058-01-0,640,4788P1,WMD058-01-0 (640),TRUE,FALSE,Prenatal Complete,2025-09-26,,2026-03-19,2025-10-12,,2025-09-28,2025-09-26,,2025-10-02,2025-10-02,2026-01-08,2026-02-11,2026-02-11,2026-02-11,2026-03-17,,
JQN133-01-0 (475),4102P1,JQN133-01-0,475,4102P1,JQN133-01-0 (475),TRUE,FALSE,Prenatal Complete,2024-05-17,2024-05-17,2024-12-23,,,2024-06-11,2024-05-17,,2024-05-17,2024-06-14,2024-09-30,2024-10-11,2024-10-11,2024-10-11,2024-12-23,,
NPM662-01-0 (772),4409P1,NPM662-01-0,772,4409P1,NPM662-01-0 (772),TRUE,FALSE,Prenatal Complete,2024-05-13,,2024-10-21,,,2024-05-22,2024-05-13,,2024-05-13,2024-05-13,2024-08-07,2024-08-07,2024-08-07,2024-08-07,2024-10-19,,
SMZ551-01-0 (168),4170P1,SMZ551-01-0,168,4170P1,SMZ551-01-0 (168),TRUE,FALSE,Prenatal Complete,2025-10-02,2025-10-02,2026-03-01,,,,2025-10-02,,2025-10-30,2025-10-02,,,,,2025-12-19,,
CBT926-01-A (855),4488F1,,,CBT926-01-A (855),4488F1,FALSE,FALSE,0-5 Month Flint,,,,,,,,,,,,,,,,,
DVY195-01-0 (169),4496P1,DVY195-01-0,169,4496P1,DVY195-01-0 (169),TRUE,FALSE,Flint,2026-02-07,,2026-09-03,2026-02-23,,2026-02-07,2026-02-07,,2026-02-07,2026-02-07,2026-06-16,2026-07-08,2026-07-08,2026-07-08,2026-08-30,,
VVZ944-01-A (340),4507F1,,,VVZ944-01-A (340),4507F1,FALSE,FALSE,0-5 Month Flint,,,,,,,,,,,,,,,,,
DLW694-01-0 (805),4823P1,DLW694-01-0,805,4823P1,DLW694-01-0 (805),TRUE,FALSE,Traverse City,2026-05-20,,2026-10-10,2026-06-05,2026-07-27,2026-05-20,2026-05-20,,2026-05-21,2026-05-21,2026-07-21,2026-07-27,2026-07-28,2026-07-28,,,
GBH901-01-0 (782),4722P1,GBH901-01-0,782,4722P1,GBH901-01-0 (782),TRUE,FALSE,Prenatal Complete,2024-04-03,,2024-10-07,,,2024-04-03,2024-04-03,,,,2024-07-18,2024-07-18,2024-07-18,2024-07-18,2024-10-06,,
YPB464-01-0 (772),4414P1,YPB464-01-0,772,4414P1,YPB464-01-0 (772),TRUE,FALSE,Prenatal Complete,2024-06-03,,2024-12-01,,,2024-06-06,2024-06-03,,2024-06-07,2024-06-07,2024-09-10,2024-09-10,2024-09-10,2024-09-10,2024-11-29,,
PPL335-01-A (284),4480F1,,,PPL335-01-A (284),4480F1,FALSE,FALSE,0-5 Month Flint,,,,,,,,,,,,,,,,,
TFG529-01-0 (508),4837P1,TFG529-01-0,508,4837P1,TFG529-01-0 (508),TRUE,FALSE,Traverse City,2026-07-21,,2026-12-17,2026-08-06,2026-10-01,2026-07-21,2026-07-21,,2026-07-23,2026-07-23,2026-10-01,2026-10-01,2026-10-01,2026-10-01,,,
WCN217-01-A (119),4152F1,,,WCN217-01-A (119),4152F1,FALSE,FALSE,0-5 Month Complete,,,,,,,,,,,,,,,,,
FNC855-01-A (822),4443F1,,,FNC855-01-A (822),4443F1,FALSE,FALSE,0-5 Month Complete,,,,,,,,,,,,,,,,,
YGQ976-01-A (812),4113F1,,,YGQ976-01-A (812),4113F1,FALSE,FALSE,0-5 Month Complete,,,,,,,,,,,,,,,,,
BXJ770-01-A (119),4418F1,,,BXJ770-01-A (119),4418F1,FALSE,FALSE,0-5 Month Complete,,,,,,,,,,,,,,,,,
CZY180-01-0 (970),4159P1,CZY180-01-0,970,4159P1,CZY180-01-0 (970),TRUE,FALSE,Prenatal Complete,2025-07-22,2025-07-22,2025-12-18,2025-08-07,,2025-07-22,2025-08-01,2026-01-06,2025-08-01,2025-08-01,2025-10-07,2025-10-03,2025-11-14,2025-10-03,2025-12-09,,
XSP178-01-A (944),4748F1,,,XSP178-01-A (944),4748F1,FALSE,FALSE,0-5 Month Complete,,,,,,,,,,,,,,,,,
HGJ458-01-0 (277),4519P1,HGJ458-01-0,277,4519P1,HGJ458-01-0 (277),TRUE,FALSE,Flint,2026-08-27,,2027-02-01,2026-09-12,,2026-08-27,2026-08-27,,2026-08-27,2026-08-27,,,,,,,
YMF346-02-A (383),4812F1,,,YMF346-02-A (383),4812F1,FALSE,FALSE,0-5 Month Traverse City,,,,,,,,,,,,,,,,,
SBH525-01-A (822),4716F1,,,SBH525-01-A (822),4716F1,FALSE,FALSE,0-5 Month Complete,,,,,,,,,,,,,,,,,
JWP930-01-A (482),4708F1,,,JWP930-01-A (482),4708F1,FALSE,FALSE,0-5 Month Complete,,,,,,,,,,,,,,,,,
QZC678-01-0 (102),4186P1,QZC678-01-0,102,4186P1,QZC678-01-0 (102),TRUE,FALSE,Detroit,2026-03-13,2026-03-13,2026-10-07,,2026-03-25,,2026-03-13,,2026-03-26,2026-03-13,,2026-07-20,2026-08-03,2026-08-03,2026-09-24,,
YBC948-01-0 (574),4451P1,YBC948-01-0,574,4451P1,YBC948-01-0 (574),TRUE,FALSE,Prenatal Complete,2025-01-10,,2025-06-11,,,2025-01-12,2025-01-10,,2025-01-10,2025-01-17,2025-03-23,2025-04-28,2025-04-28,2025-04-28,2025-05-09,,
LDB835-01-0 (113),4803P1,LDB835-01-0,113,4803P1,LDB835-01-0 (113),TRUE,FALSE,Prenatal Complete,2025-11-05,,2026-05-30,2025-11-24,2026-05-19,2025-11-10,2025-11-05,,2025-11-12,2025-11-12,2026-03-17,2026-03-20,2026-03-20,2026-03-20,2026-06-09,,
YRM458-01-B (912),4105F2,,,YRM458-01-B (912),4105F2,FALSE,FALSE,0-5 Month Complete,,,,,,,,,,,,,,,,,
VFC610-01-0 (145),4140P1,VFC610-01-0,145,4140P1,VFC610-01-0 (145),TRUE,FALSE,Prenatal Complete,2024-12-27,2024-12-27,2025-06-19,,,,2024-12-27,,2024-12-27,2024-12-27,2025-04-21,2025-03-28,2025-03-28,2025-03-28,2025-06-04,,
DGQ288-01-0 (409),4202P1,DGQ288-01-0,409,4202P1,DGQ288-01-0 (409),TRUE,FALSE,Detroit,2026-06-08,2026-06-08,2026-10-27,2026-06-24,,2026-06-08,2026-06-08,,2026-06-08,,2026-08-13,2026-08-17,2026-08-17,2026-08-17,2026-09-14,,
PSQ576-01-0 (201),4713P1,PSQ576-01-0,201,4713P1,PSQ576-01-0 (201),TRUE,FALSE,Prenatal Complete,2024-03-14,,2024-09-24,,,2024-03-14,2024-03-14,,,,2024-07-08,2024-08-15,2024-07-30,2024-07-30,2024-09-12,,
HGH542-01-0 (113),4184P1,HGH542-01-0,113,4184P1,HGH542-01-0 (113),TRUE,FALSE,Prenatal Complete,2026-02-20,2026-02-20,2026-07-26,,,2026-02-20,2026-02-20,,2026-02-20,,,2026-05-29,2026-05-29,,2026-07-07,,
TBV278-01-A (482),4795F1,,,TBV278-01-A (482),4795F1,FALSE,FALSE,0-5 Month Traverse City,,,,,,,,,,,,,,,,,
DHM804-01-A (690),4452F1,,,DHM804-01-A (690),4452F1,FALSE,FALSE,0-5 Month Complete,,,,,,,,,,,,,,,,,
HQK219-01-A (153),4135F1,,,HQK219-01-A (153),4135F1,FALSE,FALSE,0-5 Month Complete,,,,,,,,,,,,,,,,,
KFX637-01-0 (772),4165P1,KFX637-01-0,772,4165P1,KFX637-01-0 (772),TRUE,FALSE,Prenatal Complete,2025-08-22,2025-08-22,2026-01-25,,,2025-08-22,2025-08-22,,2025-08-22,2025-08-22,2025-11-08,2025-11-07,2025-11-07,2025-11-07,2026-01-14,,
BZW702-01-0 (871),4762P1,BZW702-01-0,871,4762P1,BZW702-01-0 (871),TRUE,FALSE,Prenatal Complete,2025-06-20,,2025-11-08,2025-07-06,,2025-06-20,2025-06-20,,2025-06-26,2025-06-26,2025-09-03,2025-08-22,2025-08-22,2025-08-22,2025-10-28,,
KFX637-01-A (350),4165F1,,,KFX637-01-A (350),4165F1,FALSE,FALSE,0-5 Month Complete,,,,,,,,,,,,,,,,,
NCY578-01-0 (937),4792P1,NCY578-01-0,937,4792P1,NCY578-01-0 (937),TRUE,FALSE,Prenatal Complete,2025-10-01,,2026-03-29,2025-10-17,,2025-10-03,2025-10-01,,2025-10-21,2025-10-21,2026-01-20,2026-01-21,2026-01-21,2026-01-21,2026-03-23,,
LBZ361-01-A (119),4415F1,,,LBZ361-01-A (119),4415F1,FALSE,FALSE,0-5 Month Complete,,,,,,,,,,,,,,,,,
RRB727-01-0 (673),4746P1,RRB727-01-0,673,4746P1,RRB727-01-0 (673),TRUE,FALSE,Traverse City,2024-09-30,,2025-03-14,,,2024-09-30,2024-09-30,,2024-10-02,2024-10-02,2025-01-08,2025-01-13,2025-01-13,2025-01-13,2025-03-13,,
CZK707-01-A (251),4161F1,,,CZK707-01-A (251),4161F1,FALSE,FALSE,0-5 Month Complete,,,,,,,,,,,,,,,,,
XXW266-01-0 (696),4157P1,XXW266-01-0,696,4157P1,XXW266-01-0 (696),TRUE,FALSE,Prenatal Complete,2025-07-07,2025-07-07,2025-11-27,2025-07-23,,2025-07-07,2025-07-07,,,2025-07-07,2025-09-08,2025-09-08,2025-09-08,2025-09-10,2025-11-22,,
SYW884-01-A (340),4728F1,,,SYW884-01-A (340),4728F1,FALSE,FALSE,0-5 Month Complete,,,,,,,,,,,,,,,,,
HVF853-01-A (185),4495F1,,,HVF853-01-A (185),4495F1,FALSE,FALSE,0-5 Month Flint,,,,,,,,,,,,,,,,,
JTJ199-01-A (416),4183F1,,,JTJ199-01-A (416),4183F1,FALSE,FALSE,0-5 Month Detroit,,,,,,,,,,,,,,,,,
SBW730-01-0 (673),4138P1,SBW730-01-0,673,4138P1,SBW730-01-0 (673),TRUE,FALSE,Prenatal Complete,2024-12-20,2024-12-20,2025-07-06,,,2024-12-20,2024-12-20,,2024-12-20,,2025-04-21,2025-05-23,2025-05-23,2025-06-12,2025-06-23,,
NSQ870-01-A (614),4704F1,,,NSQ870-01-A (614),4704F1,FALSE,FALSE,0-5 Month Complete,,,,,,,,,,,,,,,,,
WVN367-01-0 (366),4125P1,WVN367-01-0,366,4125P1,WVN367-01-0 (366),TRUE,FALSE,Pregnancy Loss,2024-10-11,2024-10-11,2025-05-18,,,,2024-10-11,,2024-10-11,2024-10-11,,,,,,,2024-11-04
YGQ976-01-0 (234),4113P1,YGQ976-01-0,234,4113P1,YGQ976-01-0 (234),TRUE,FALSE,Prenatal Complete,2024-06-14,2024-06-14,2024-12-11,,,2024-06-17,2024-06-14,,2024-06-14,,2024-09-26,2024-10-04,2024-10-04,2024-10-04,2024-11-24,,
XFH617-01-0 (607),4742P1,XFH617-01-0,607,4742P1,XFH617-01-0 (607),TRUE,FALSE,Prenatal Complete,2024-09-24,,2025-03-04,,,2024-09-24,2024-09-24,,2024-10-03,2024-10-03,2025-01-07,2025-01-15,2025-01-15,2025-01-15,2025-03-11,,
BSM142-01-0 (244),4402P1,BSM142-01-0,244,4402P1,BSM142-01-0 (244),TRUE,FALSE,Prenatal Complete,2024-04-22,,2024-11-23,,,2024-04-29,2024-04-22,,,,2024-10-10,2024-09-20,,,2024-11-05,,
FKT089-01-0 (673),4463P1,FKT089-01-0,673,4463P1,FKT089-01-0 (673),TRUE,FALSE,Prenatal Complete,2025-06-25,,2025-12-16,2025-07-11,,,2025-06-25,,2025-06-25,,,,,,2025-08-20,,
KHN535-01-0 (409),4794P1,KHN535-01-0,409,4794P1,KHN535-01-0 (409),TRUE,FALSE,Prenatal Complete,2025-10-22,,2026-03-27,2025-11-07,,2025-10-22,2025-10-22,,2025-10-22,2025-10-22,2026-02-18,2026-02-11,2026-02-11,2026-02-11,2026-03-30,,
SWX219-01-A (143),4160F1,,,SWX219-01-A (143),4160F1,FALSE,FALSE,0-5 Month Complete,,,,,,,,,,,,,,,,,
TVX776-01-0 (729),4820P1,TVX776-01-0,729,4820P1,TVX776-01-0 (729),TRUE,FALSE,Traverse City,2026-05-07,,2026-10-01,2026-05-23,2026-08-05,2026-05-07,2026-05-07,,2026-05-14,2026-05-14,2026-08-05,2026-08-05,2026-08-05,2026-08-05,,,
TGZ018-01-0 (937),4129P1,TGZ018-01-0,937,4129P1,TGZ018-01-0 (937),TRUE,FALSE,Pregnancy Loss,2024-11-08,2024-11-08,2025-06-05,,,,2024-11-08,,2024-11-08,2024-11-22,,,,,,,2025-01-31
CKJ511-01-A (492),4770F1,,,CKJ511-01-A (492),4770F1,FALSE,FALSE,0-5 Month Complete,,,,,,,,,,,,,,,,,
MTV723-01-A (680),4491F1,,,MTV723-01-A (680),4491F1,FALSE,FALSE,0-5 Month Flint,,,,,,,,,,,,,,,,,
BJH456-01-A (624),4800F1,,,BJH456-01-A (624),4800F1,FALSE,FALSE,0-5 Month Complete,,,,,,,,,,,,,,,,,
XYN414-01-A (845),4750F1,,,XYN414-01-A (845),4750F1,FALSE,FALSE,0-5 Month Complete,,,,,,,,,,,,,,,,,
KTS279-01-0 (135),4723P1,KTS279-01-0,135,4723P1,KTS279-01-0 (135),TRUE,FALSE,Prenatal Complete,2024-04-12,,2024-10-10,,,2024-04-12,2024-04-12,,,,2024-07-18,2024-07-18,2024-07-18,2024-07-18,2024-10-19,,
BPB474-01-0 (146),4147P1,BPB474-01-0,146,4147P1,BPB474-01-0 (146),TRUE,FALSE,Pregnancy Loss,2025-03-14,2025-03-14,2025-08-18,,,,2025-03-14,,2025-03-14,,,,,,,,2025-03-24
MVK292-01-A (416),4439F1,,,MVK292-01-A (416),4439F1,FALSE,FALSE,0-5 Month Complete,,,,,,,,,,,,,,,,,
LRJ642-01-A (185),4727F1,,,LRJ642-01-A (185),4727F1,FALSE,FALSE,0-5 Month Complete,,,,,,,,,,,,,,,,,
YRC466-01-A (515),4783F1,,,YRC466-01-A (515),4783F1,FALSE,FALSE,0-5 Month Complete,,,,,,,,,,,,,,,,,
XPK044-01-0 (838),4144P1,XPK044-01-0,838,4144P1,XPK044-01-0 (838),TRUE,FALSE,Prenatal Complete,2025-01-17,2025-01-17,2025-08-14,,,2025-01-17,2025-01-17,,2025-01-17,2025-02-14,2025-06-23,2026-06-06,2025-06-06,2025-06-20,2025-07-24,,
DXH431-01-0 (343),4752P1,DXH431-01-0,343,4752P1,DXH431-01-0  (343),TRUE,FALSE,Prenatal Complete,2025-01-30,,2025-06-29,,,2025-01-31,2025-01-30,,2025-02-12,2025-02-12,2025-04-16,2025-04-16,2025-04-23,2025-04-23,2025-06-28,,
QKK592-01-0 (706),4423P1,QKK592-01-0,706,4423P1,QKK592-01-0 (706),TRUE,FALSE,Pregnancy Loss,2024-07-22,,2025-02-20,,,2024-07-29,2024-07-22,,,2024-07-22,,,,,,,
HGH542-01-A (591),4184F1,,,HGH542-01-A (591),4184F1,FALSE,FALSE,0-5 Month Detroit,,,,,,,,,,,,,,,,,
MJZ709-01-A (614),4410F1,,,MJZ709-01-A (614),4410F1,FALSE,FALSE,0-5 Month Complete,,,,,,,,,,,,,,,,,
YNF452-01-B (351),4417F2,,,YNF452-01-B (351),4417F2,FALSE,FALSE,0-5 Month Complete,,,,,,,,,,,,,,,,,
BJH456-01-0 (146),4800P1,BJH456-01-0,146,4800P1,BJH456-01-0 (146),TRUE,FALSE,Prenatal Complete,2025-10-28,,2026-04-09,2025-11-13,,2025-10-28,2025-10-28,,2025-10-28,2025-10-28,2026-01-25,2026-02-10,2026-02-10,2026-02-10,2026-04-03,,
KQS117-01-0 (739),4213P1,KQS117-01-0,739,4213P1,KQS117-01-0 (739),TRUE,FALSE,Detroit,2026-08-07,2026-08-07,2027-01-22,,2026-09-18,2026-08-07,2026-08-07,,2026-08-07,,,,,,,,
CYS167-01-0 (904),4411P1,CYS167-01-0,904,4411P1,CYS167-01-0 (904),TRUE,FALSE,Prenatal Complete,2024-06-03,,2024-12-23,,,2024-06-03,2024-06-03,,2024-06-03,2024-06-03,2024-10-04,2024-10-04,2024-10-04,2024-10-04,2024-12-13,,
NDG495-01-0 (310),4709P1,NDG495-01-0,310,4709P1,NDG495-01-0 (310),TRUE,FALSE,Prenatal Complete,2024-03-08,,2024-09-29,,,2024-03-08,2024-03-08,,,,2024-07-09,2024-07-10,2024-07-10,2024-07-10,2024-10-05,,
YGQ976-02-0 (267),4188P2,YGQ976-02-0,267,4188P2,YGQ976-02-0 (267),TRUE,FALSE,Prenatal Complete,2026-03-20,2026-03-20,2026-07-21,2026-04-05,2026-04-02,2026-03-20,2026-03-20,,2026-04-02,,2026-04-28,2026-05-15,2026-05-15,,2026-06-14,,
ZCS109-01-A (383),4470F1,,,ZCS109-01-A (383),4470F1,FALSE,FALSE,0-5 Month Complete,,,,,,,,,,,,,,,,,
DGQ288-01-A (987),4202F1,,,DGQ288-01-A (987),4202F1,FALSE,FALSE,0-5 Month Detroit,,,,,,,,,,,,,,,,,
HQR631-01-0 (640),4805P1,HQR631-01-0,640,4805P1,HQR631-01-0 (640),TRUE,FALSE,Prenatal Complete,2025-12-04,,2026-05-05,2025-12-20,,2025-12-04,2025-12-04,,2025-12-10,2025-12-10,2026-02-12,2026-02-11,2026-02-11,2026-02-11,2026-04-14,,
SJJ762-01-0 (673),4786P1,SJJ762-01-0,673,4786P1,SJJ762-01-0 (673),TRUE,FALSE,Prenatal Complete,2025-09-25,,2026-02-26,2025-10-11,,2025-09-30,2025-09-25,,2025-10-02,2025-10-02,2026-01-13,2025-12-05,2026-01-08,2026-01-08,2026-02-18,,
HPX087-01-A (548),4769F1,,,HPX087-01-A (548),4769F1,FALSE,FALSE,0-5 Month Complete,,,,,,,,,,,,,,,,,
DLW793-01-A (383),4412F1,,,DLW793-01-A (383),4412F1,FALSE,FALSE,0-5 Month Complete,,,,,,,,,,,,,,,,,
LBZ361-01-0 (541),4415P1,LBZ361-01-0,541,4415P1,LBZ361-01-0 (541),TRUE,FALSE,Prenatal Complete,2024-06-10,,2024-12-07,,,2024-06-13,2024-06-10,,2024-06-10,,2024-09-14,2024-09-20,2024-09-20,2024-09-20,2024-11-11,,
CWB510-01-0 (113),4817P1,CWB510-01-0,113,4817P1,CWB510-01-0 (113),TRUE,FALSE,Traverse City,2026-04-21,,2026-10-09,2026-05-11,2026-05-26,2026-04-23,2026-04-21,,2026-04-21,2026-04-21,2026-07-28,2026-07-28,2026-07-28,2026-07-28,,,
DFB473-01-A (327),4456F1,,,DFB473-01-A (327),4456F1,FALSE,FALSE,0-5 Month Complete,,,,,,,,,,,,,,,,,
LGT156-01-A (251),4127F1,,,LGT156-01-A (251),4127F1,FALSE,FALSE,0-5 Month Complete,,,,,,,,,,,,,,,,,
RZM693-01-A (944),4174F1,,,RZM693-01-A (944),4174F1,FALSE,FALSE,0-5 Month Detroit,,,,,,,,,,,,,,,,,
BQV670-01-0 (673),4500P1,BQV670-01-0,673,4500P1,BQV670-01-0 (673),TRUE,FALSE,Flint,2026-03-05,,2026-08-11,2026-03-21,,2026-03-05,2026-03-05,,2026-03-05,2026-03-05,2026-05-19,2026-06-04,2026-05-19,2026-05-19,2026-08-06,,
JBM041-01-0 (881),4736P1,JBM041-01-0,881,4736P1,JBM041-01-0  (881),TRUE,FALSE,Prenatal Complete,2024-09-11,,2025-02-12,,,2024-09-11,2024-09-11,,2024-09-11,2024-09-11,2024-11-21,2024-11-21,2024-11-21,2024-11-21,2025-02-19,,
SFV056-01-0 (805),4141P1,SFV056-01-0,805,4141P1,SFV056-01-0 (805),TRUE,FALSE,Prenatal Complete,2024-12-27,2024-12-27,2025-07-04,,,2024-12-27,2024-12-27,,2024-12-27,,2025-04-14,2025-04-25,2025-04-25,2025-04-25,2025-07-02,,
VZY119-01-A (241),4424F1,,,VZY119-01-A (241),4424F1,FALSE,FALSE,0-5 Month Complete,,,,,,,,,,,,,,,,,
CXB725-01-0 (310),4107P1,CXB725-01-0,310,4107P1,CXB725-01-0 (310),TRUE,FALSE,Prenatal Complete,2024-05-31,2024-05-31,2024-11-07,,,2024-07-03,2024-05-31,,2024-06-28,2024-05-31,2024-08-26,2024-08-26,2024-08-26,2024-08-26,2024-11-10,,
LGZ547-01-0 (904),4153P1,LGZ547-01-0,904,4153P1,LGZ547-01-0 (904),TRUE,FALSE,Prenatal Complete,2025-05-23,2025-05-23,2025-12-05,2025-06-08,,2025-05-23,2025-05-23,,2025-05-23,,2025-09-14,2025-09-12,2025-09-12,2025-09-12,2025-11-28,,
DRG492-01-A (921),4471F1,,,DRG492-01-A (921),4471F1,FALSE,FALSE,0-5 Month Complete,,,,,,,,,,,,,,,,,
FQF816-01-0 (343),4759P1,FQF816-01-0,343,4759P1,FQF816-01-0 (343),TRUE,FALSE,Prenatal Complete,2025-06-18,,2025-11-20,2025-07-04,,2025-06-19,2025-06-18,,2025-06-25,2025-06-25,2025-08-30,2025-09-10,2025-09-10,2025-09-10,2025-11-13,,
PPL335-01-0 (706),4480P1,PPL335-01-0,706,4480P1,PPL335-01-0 (706),TRUE,FALSE,Prenatal Complete,2025-10-20,,2026-05-22,2025-11-05,,2025-10-29,2025-10-20,,2025-10-31,2025-10-31,2026-03-02,,,,2026-05-19,,
RQC129-01-0 (541),4525P1,RQC129-01-0,541,4525P1,RQC129-01-0 (541),TRUE,FALSE,Flint,2026-10-08,,2027-04-05,,,,,,,,,,,,,,
WDZ858-01-A (911),4802F1,,,WDZ858-01-A (911),4802F1,FALSE,FALSE,0-5 Month Traverse City,,,,,,,,,,,,,,,,,
MVK292-01-0 (838),4439P1,MVK292-01-0,838,4439P1,MVK292-01-0 (838),TRUE,FALSE,Prenatal Complete,2024-10-30,,2025-03-24,,,2024-11-02,2024-10-30,,,2024-10-30,,2025-01-29,2025-01-29,,2025-02-16,,
BZW702-01-A (449),4762F1,,,BZW702-01-A (449),4762F1,FALSE,FALSE,0-5 Month Complete,,,,,,,,,,,,,,,,,
SYW884-01-0 (762),4728P1,SYW884-01-0,762,4728P1,SYW884-01-0 (762),TRUE,FALSE,Prenatal Complete,2024-05-14,,2024-10-11,,,2024-05-14,2024-05-14,,,,2024-07-19,2024-07-22,2024-07-26,2024-07-26,2024-10-07,,
WVK885-01-A (110),4789F1,,,WVK885-01-A (110),4789F1,FALSE,FALSE,0-5 Month Complete,,,,,,,,,,,,,,,,,
PGM615-01-A (153),4425F1,,,PGM615-01-A (153),4425F1,FALSE,FALSE,0-5 Month Complete,,,,,,,,,,,,,,,,,
LGZ547-01-A (482),4153F1,,,LGZ547-01-A (482),4153F1,FALSE,FALSE,0-5 Month Complete,,,,,,,,,,,,,,,,,
GXM057-01-0 (739),4438P1,GXM057-01-0,739,4438P1,GXM057-01-0 (739),TRUE,FALSE,Prenatal Complete,2024-10-16,,2025-04-11,,,2024-10-17,2024-10-16,,2024-10-16,2024-10-16,2025-01-18,2025-02-11,2025-02-11,2025-02-27,2025-03-14,,
ZMK813-01-0 (937),4444P1,ZMK813-01-0,937,4444P1,ZMK813-01-0 (937),TRUE,FALSE,Prenatal Complete,2024-11-20,,2025-05-28,,,2024-11-22,2024-11-20,,,,2025-03-06,2025-03-11,2025-03-11,2025-03-11,2025-04-24,,
SBZ481-01-A (449),4808F1,,,SBZ481-01-A (449),4808F1,FALSE,FALSE,0-5 Month Traverse City,,,,,,,,,,,,,,,,,
YHK945-01-0 (937),4703P1,YHK945-01-0,937,4703P1,YHK945-01-0 (937),TRUE,FALSE,Prenatal Complete,2024-02-23,,2024-08-28,,,2024-02-24,2024-02-23,,,,2024-06-24,2024-06-25,2024-06-25,2024-06-25,2024-08-28,,
WHT014-01-0 (739),4493P1,WHT014-01-0,739,4493P1,WHT014-01-0 (739),TRUE,FALSE,Prenatal Complete,2025-11-17,,2026-05-17,2025-12-03,,2025-11-17,2025-11-17,,2025-12-03,2025-11-17,2026-03-22,2026-04-09,2026-02-22,2026-02-22,2026-04-13,,
SWX219-01-0 (465),4160P1,SWX219-01-0,465,4160P1,SWX219-01-0 (465),TRUE,FALSE,Prenatal Complete,2025-07-22,2025-07-22,2025-12-14,2025-08-07,,2025-07-22,2025-07-22,,2025-07-22,2025-07-22,2025-09-25,2025-10-20,2025-10-20,,2025-11-19,,
YMF346-02-0 (805),4812P1,YMF346-02-0,805,4812P1,YMF346-02-0 (805),TRUE,FALSE,Prenatal Complete,2026-04-16,,2026-09-12,2026-05-04,2026-04-17,2026-04-16,2026-04-16,,2026-04-16,2026-04-16,2026-06-23,2026-07-31,2026-07-31,2026-07-31,2026-08-30,,
DFB473-01-0 (749),4456P1,DFB473-01-0,749,4456P1,DFB473-01-0 (749),TRUE,FALSE,Prenatal Complete,2025-02-27,,2025-07-23,,,2025-03-03,2025-02-27,,,2025-03-13,,2025-06-05,2025-06-12,2025-06-12,2025-06-13,,
KMN951-01-A (218),4508F1,,,KMN951-01-A (218),4508F1,FALSE,FALSE,0-5 Month Flint,,,,,,,,,,,,,,,,,
BLK940-01-A (723),4109F1,,,BLK940-01-A (723),4109F1,FALSE,FALSE,0-5 Month Complete,,,,,,,,,,,,,,,,,
QTD282-01-A (218),4473F1,,,QTD282-01-A (218),4473F1,FALSE,FALSE,0-5 Month Complete,,,,,,,,,,,,,,,,,
XWT051-01-0 (300),4816P1,XWT051-01-0,300,4816P1,XWT051-01-0 (300),TRUE,FALSE,Traverse City,2026-04-21,,2026-09-26,2026-05-07,2026-07-30,2026-04-21,2026-04-21,,2026-04-21,2026-04-21,2026-07-27,2026-07-30,2026-07-30,2026-07-30,,,
ZRB102-01-A (186),4486F1,,,ZRB102-01-A (186),4486F1,FALSE,FALSE,0-5 Month Flint,,,,,,,,,,,,,,,,,
VDW899-01-0 (366),4731P1,VDW899-01-0,366,4731P1,VDW899-01-0 (366),TRUE,FALSE,Prenatal Complete,2024-06-17,,2024-11-07,,,2024-06-17,2024-06-17,,2024-06-19,2024-06-19,2024-08-16,2024-08-15,2024-08-15,2024-08-15,2024-10-26,,
CNJ952-01-B (922),4466F2,,,CNJ952-01-B (922),4466F2,FALSE,FALSE,0-5 Month Complete,,,,,,,,,,,,,,,,,
NZK975-01-0 (267),4492P1,NZK975-01-0,267,4492P1,NZK975-01-0 (267),TRUE,FALSE,Prenatal Complete,2025-11-17,,2026-06-07,,,,2025-11-17,,2025-11-17,2025-11-17,,,,,2026-05-24,,
VYC886-01-0 (267),4809P1,VYC886-01-0,267,4809P1,VYC886-01-0 (267),TRUE,FALSE,Prenatal Complete,2025-12-12,,2026-06-22,2025-12-28,2026-05-07,2025-12-17,2025-12-12,,2025-12-18,2025-12-18,2026-04-13,2026-04-16,2026-04-16,2026-04-16,2026-06-18,,
VXZ462-01-A (241),4450F1,,,VXZ462-01-A (241),4450F1,FALSE,FALSE,0-5 Month Complete,,,,,,,,,,,,,,,,,
VKD996-01-0 (904),4139P1,VKD996-01-0,904,4139P1,VKD996-01-0 (904),TRUE,FALSE,Prenatal Complete,2024-12-20,2024-12-20,2025-08-05,,,2024-12-20,2024-12-20,,2024-12-20,2025-01-10,2025-06-15,2025-05-23,2025-05-23,2025-06-20,2025-07-13,,
NZK975-01-A (845),4492F1,,,NZK975-01-A (845),4492F1,FALSE,FALSE,0-5 Month Flint,,,,,,,,,,,,,,,,,
MBF159-01-0 (179),4512P1,MBF159-01-0,179,4512P1,MBF159-01-0 (179),TRUE,FALSE,Flint,2026-06-16,,2027-01-17,2026-07-02,,2026-06-16,2026-06-16,,2026-06-16,2026-06-16,,,,,,,
BNJ340-01-A (558),4469F1,,,BNJ340-01-A (558),4469F1,FALSE,FALSE,0-5 Month Complete,,,,,,,,,,,,,,,,,
SNM563-01-A (449),4793F1,,,SNM563-01-A (449),4793F1,FALSE,FALSE,0-5 Month Complete,,,,,,,,,,,,,,,,,
QHL554-01-A (152),4785F1,,,QHL554-01-A (152),4785F1,FALSE,FALSE,0-5 Month Complete,,,,,,,,,,,,,,,,,
TWW182-01-0 (432),4517P1,TWW182-01-0,432,4517P1,TWW182-01-0 (432),TRUE,FALSE,Flint,2026-07-31,,2027-02-15,2026-08-16,,2026-07-31,2026-07-31,,2026-07-31,2026-07-31,,,,,,,
SSF737-01-A (482),4502F1,,,SSF737-01-A (482),4502F1,FALSE,FALSE,0-5 Month Flint,,,,,,,,,,,,,,,,,
ZVD237-01-0 (103),4120P1,ZVD237-01-0,103,4120P1,ZVD237-01-0 (103),TRUE,FALSE,Prenatal Complete,2024-08-30,2024-09-03,2025-02-26,,,2024-08-30,2024-08-30,,2024-08-30,2024-08-30,2024-12-05,2024-12-06,2024-12-06,2024-12-06,2025-01-31,,
RDL710-01-A (855),4112F1,,,RDL710-01-A (855),4112F1,FALSE,FALSE,0-5 Month Complete,,,,,,,,,,,,,,,,,
KRS023-01-0 (640),4136P1,KRS023-01-0,640,4136P1,KRS023-01-0 (640),TRUE,FALSE,Prenatal Complete,2024-11-22,2024-11-22,2025-04-21,,,2024-11-22,2024-11-22,,2024-11-22,2024-11-22,2025-01-27,2025-01-31,2025-01-31,2025-01-31,2025-04-22,,
MFH339-01-A (855),4449F1,,,MFH339-01-A (855),4449F1,FALSE,FALSE,0-5 Month Complete,,,,,,,,,,,,,,,,,
NQS727-01-A (647),4177F1,,,NQS727-01-A (647),4177F1,FALSE,FALSE,0-5 Month Detroit,,,,,,,,,,,,,,,,,
LHC177-01-A (723),4446F1,,,LHC177-01-A (723),4446F1,FALSE,FALSE,0-5 Month Complete,,,,,,,,,,,,,,,,,
BWJ550-01-0 (376),4440P1,BWJ550-01-0,376,4440P1,BWJ550-01-0 (376),TRUE,FALSE,Flint,2024-11-05,,2025-05-21,,,2024-11-06,2024-11-05,,2024-11-05,2024-11-06,2025-02-28,2025-03-04,,2025-03-18,2025-05-07,,
GMB721-01-0 (947),4434P1,GMB721-01-0,947,4434P1,GMB721-01-0 (947),TRUE,FALSE,Prenatal Complete,2024-09-27,,2025-02-24,,,2024-09-29,2024-09-27,,2024-09-27,2024-09-27,2024-12-14,2024-12-04,2024-12-04,2024-12-04,2025-03-01,,
JZC874-01-A (383),4403F1,,,JZC874-01-A (383),4403F1,FALSE,FALSE,0-5 Month Complete,,,,,,,,,,,,,,,,,
VLQ825-01-0 (169),4733P1,VLQ825-01-0,169,4733P1,VLQ825-01-0 (169),TRUE,FALSE,Prenatal Complete,2024-08-09,,2025-01-28,,,2024-08-09,2024-08-09,,2024-08-15,2024-08-15,2024-11-14,2024-11-13,2024-11-13,2024-11-13,2025-01-25,,
XPH753-01-0 (970),4475P1,XPH753-01-0,970,4475P1,XPH753-01-0 (970),TRUE,FALSE,Prenatal Complete,2025-09-25,,2026-03-11,,,,2025-09-25,,2025-09-25,2025-09-25,2026-01-14,2026-01-14,,2026-01-14,2026-02-23,,
ZVD237-01-A (581),4120F1,,,ZVD237-01-A (581),4120F1,FALSE,FALSE,0-5 Month Complete,,,,,,,,,,,,,,,,,
SMB785-01-A (251),4779F1,,,SMB785-01-A (251),4779F1,FALSE,FALSE,0-5 Month Complete,,,,,,,,,,,,,,,,,
LSJ957-01-0 (937),4156P1,LSJ957-01-0,937,4156P1,LSJ957-01-0 (937),TRUE,FALSE,Pregnancy Loss,2025-06-26,2025-06-26,2026-02-07,,,2025-06-26,2025-06-26,,,,,,,,,,2025-06-15
ZKL165-01-0 (904),4778P1,ZKL165-01-0,904,4778P1,ZKL165-01-0 (904),TRUE,FALSE,Prenatal Complete,2025-08-01,,2025-12-26,2025-08-17,,2025-08-01,2025-08-01,,2025-08-25,2025-08-25,2025-10-07,2025-10-08,2025-11-06,2025-11-06,2025-12-15,,
MGV078-01-A (350),4454F1,,,MGV078-01-A (350),4454F1,FALSE,FALSE,0-5 Month Complete,,,,,,,,,,,,,,,,,
JXP185-01-0 (103),4437P1,JXP185-01-0,103,4437P1,JXP185-01-0 (103),TRUE,FALSE,Prenatal Complete,2024-10-10,,2025-03-08,,,2024-10-10,2024-10-10,,2024-10-10,2024-10-10,2024-12-17,2025-01-06,2025-01-06,2025-01-06,2025-02-12,,
XGT144-01-0 (871),4145P1,XGT144-01-0,871,4145P1,XGT144-01-0 (871),TRUE,FALSE,Prenatal Complete,2025-02-14,2025-02-14,2025-09-01,,,2025-02-14,2025-02-14,,2025-02-14,2025-02-14,2025-06-20,,,,2025-08-27,,
NDB658-01-0 (178),4167P1,NDB658-01-0,178,4167P1,NDB658-01-0 (178),TRUE,FALSE,Withdrawn & Lost Contact,2025-08-28,2025-08-28,2026-02-10,,,,2025-08-28,,2025-08-28,2025-08-28,,,,,,,
SLF955-01-0 (739),4485P1,SLF955-01-0,739,4485P1,SLF955-01-0 (739),TRUE,FALSE,Flint,2025-10-31,,2026-04-04,2025-11-16,,2025-11-21,2025-10-31,,2025-11-21,2025-10-31,,,,,2026-01-05,,
RZY993-01-A (439),4406F1,,,RZY993-01-A (439),4406F1,FALSE,FALSE,0-5 Month Complete,,,,,,,,,,,,,,,,,
PTL466-01-A (581),4433F1,,,PTL466-01-A (581),4433F1,FALSE,FALSE,0-5 Month Complete,,,,,,,,,,,,,,,,,
NXK935-01-0 (169),4710P1,NXK935-01-0,169,4710P1,NXK935-01-0 (169),TRUE,FALSE,Prenatal Complete,2024-03-08,,2024-09-06,,,2024-03-13,2024-03-08,,,,,,,,2024-08-30,,
CJF735-01-A (591),4441F1,,,CJF735-01-A (591),4441F1,FALSE,FALSE,0-5 Month Complete,,,,,,,,,,,,,,,,,
PTG182-01-0 (673),4448P1,PTG182-01-0,673,4448P1,PTG182-01-0 (673),TRUE,FALSE,Flint,2024-12-04,,2025-06-23,,,2024-12-05,2024-12-04,,2024-12-19,2024-12-04,,,,,2025-05-30,,
PTG182-01-A (251),4448F1,,,PTG182-01-A (251),4448F1,FALSE,FALSE,0-5 Month Complete,,,,,,,,,,,,,,,,,
LLZ021-01-A (218),4405F1,,,LLZ021-01-A (218),4405F1,FALSE,FALSE,0-5 Month Complete,,,,,,,,,,,,,,,,,
BRL402-01-0 (145),4132P1,BRL402-01-0,145,4132P1,BRL402-01-0 (145),TRUE,FALSE,Prenatal Complete,2024-11-08,2024-11-08,2025-04-03,,,2024-11-08,2024-11-08,,2024-11-08,2024-12-06,2025-01-09,2025-01-10,2025-01-10,2025-01-31,2025-03-25,,
QST675-01-0 (333),4148P1,QST675-01-0,333,4148P1,QST675-01-0 (333),TRUE,FALSE,Prenatal Complete,2025-03-28,2025-03-28,2025-10-16,2025-04-13,,,2025-03-28,,2025-03-28,,2025-08-08,2025-08-08,2025-08-08,,2025-10-21,,
QQW065-01-0 (135),4197P1,QQW065-01-0,135,4197P1,QQW065-01-0 (135),TRUE,FALSE,Detroit,2026-05-14,2026-05-14,2026-10-15,,2026-07-24,2026-05-14,2026-05-14,,2026-05-14,,2026-07-24,2026-09-04,2026-09-04,,,,
VHD766-02-0 (673),4523P1,VHD766-02-0,673,4523P1,VHD766-02-0 (673),TRUE,FALSE,Flint,2026-10-07,,2027-04-09,,,,,,,,,,,,,,
THQ829-01-A (581),4773F1,,,THQ829-01-A (581),4773F1,FALSE,FALSE,0-5 Month Complete,,,,,,,,,,,,,,,,,
YBC948-01-A (152),4451F1,,,YBC948-01-A (152),4451F1,FALSE,FALSE,0-5 Month Complete,,,,,,,,,,,,,,,,,
BRS431-01-0 (442),4497P1,BRS431-01-0,442,4497P1,BRS431-01-0 (442),TRUE,FALSE,Prenatal Complete,2026-02-20,,2026-07-15,2026-03-08,,2026-02-20,2026-02-25,,,2026-02-25,2026-04-22,2026-04-22,2026-04-22,2026-04-22,2026-06-21,,
QHF620-01-0 (178),4726P1,QHF620-01-0,178,4726P1,QHF620-01-0 (178),TRUE,FALSE,Prenatal Complete,2024-05-14,,2024-10-16,,,2024-05-14,2024-05-14,,,,2024-08-07,2024-08-14,2024-08-14,2024-08-14,2024-10-14,,
MKV454-01-0 (838),4192P1,MKV454-01-0,838,4192P1,MKV454-01-0 (838),TRUE,FALSE,Detroit,2026-04-08,2026-04-08,2026-09-13,2026-04-24,2026-06-17,2026-04-08,2026-04-08,,2026-04-08,,2026-06-21,2026-07-08,2026-07-08,2026-07-08,2026-09-14,,
CLC701-01-A (327),4430F1,,,CLC701-01-A (327),4430F1,FALSE,FALSE,0-5 Month Complete,,,,,,,,,,,,,,,,,
WJV357-01-0 (201),4214P1,WJV357-01-0,201,4214P1,WJV357-01-0 (201),TRUE,FALSE,Detroit,2026-08-07,2026-08-07,2027-01-04,2026-08-23,2026-09-04,2026-08-07,2026-08-07,,2026-09-04,,,,,,,,
TKN820-01-A (284),4472F1,,,TKN820-01-A (284),4472F1,FALSE,FALSE,0-5 Month Complete,,,,,,,,,,,,,,,,,
RZS580-01-A (977),4702F1,,,RZS580-01-A (977),4702F1,FALSE,FALSE,0-5 Month Complete,,,,,,,,,,,,,,,,,
LGG437-01-0 (211),4777P1,LGG437-01-0,211,4777P1,LGG437-01-0 (211),TRUE,FALSE,Prenatal Complete,2025-07-31,,2026-01-08,2025-08-16,,2025-07-31,2025-07-31,,2025-08-06,2025-08-06,2025-10-20,2025-10-22,2025-10-22,2025-10-22,2026-01-05,,
MZG636-01-A (482),4191F1,,,MZG636-01-A (482),4191F1,FALSE,FALSE,0-5 Month Flint,,,,,,,,,,,,,,,,,
DTQ848-01-0 (904),4116P1,DTQ848-01-0,904,4116P1,DTQ848-01-0 (904),TRUE,FALSE,Prenatal Complete,2024-07-19,2024-07-22,2024-12-10,,,2024-07-19,2024-07-19,,2024-07-19,,2024-09-19,2024-10-11,2024-10-11,2024-10-11,2024-12-05,,
MLK253-01-0 (409),4503P1,MLK253-01-0,409,4503P1,MLK253-01-0 (409),TRUE,FALSE,Flint,2026-03-24,,2026-08-24,2026-04-09,,2026-03-24,2026-03-24,,2026-03-24,2026-03-24,2026-06-03,2026-06-30,2026-06-30,2026-06-30,2026-07-30,,
BWX346-01-0 (937),4187P1,BWX346-01-0,937,4187P1,BWX346-01-0 (937),TRUE,FALSE,Prenatal Complete,2026-03-18,2026-03-18,2026-08-29,,2026-04-23,2026-03-18,2026-03-18,,,,2026-06-23,2026-06-18,2026-06-18,,2026-07-31,,
TRP148-01-0 (102),4208P1,TRP148-01-0,102,4208P1,TRP148-01-0 (102),TRUE,FALSE,Detroit,2026-07-10,2026-07-10,2026-12-28,,2026-09-25,2026-07-10,2026-07-10,,2026-07-10,,,,,,,,
RDK869-01-A (317),4104F1,,,RDK869-01-A (317),4104F1,FALSE,FALSE,0-5 Month Complete,,,,,,,,,,,,,,,,,
LZQ650-02-0 (102),4178P2,LZQ650-02-0,102,4178P2,LZQ650-02-0 (102),TRUE,FALSE,Prenatal Complete,2025-12-05,2025-12-05,2026-07-05,2025-12-21,,2025-12-05,2025-12-05,,2025-12-05,2025-12-19,,2026-04-12,2026-05-29,2026-04-12,2026-06-13,,
GBH901-01-A (360),4722F1,,,GBH901-01-A (360),4722F1,FALSE,FALSE,0-5 Month Complete,,,,,,,,,,,,,,,,,
LNM531-01-A (153),4782F1,,,LNM531-01-A (153),4782F1,FALSE,FALSE,0-5 Month Complete,,,,,,,,,,,,,,,,,
LYQ080-01-0 (937),4212P1,LYQ080-01-0,937,4212P1,LYQ080-01-0 (937),TRUE,FALSE,Detroit,2026-07-22,2026-07-22,2026-12-25,2026-08-07,,2026-07-22,2026-07-22,,2026-07-22,2026-07-22,2026-10-02,,,,,,
RZV201-01-0 (168),4133P1,RZV201-01-0,168,4133P1,RZV201-01-0 (168),TRUE,FALSE,Prenatal Complete,2024-11-11,2024-11-11,2025-04-07,,,2024-11-27,2024-11-11,,2024-11-11,2024-11-11,2025-01-16,2025-01-20,2025-01-20,2025-02-03,2025-04-01,,
SMB785-01-0 (673),4779P1,SMB785-01-0,673,4779P1,SMB785-01-0 (673),TRUE,FALSE,Prenatal Complete,2025-08-08,,2026-01-05,2025-08-24,,2025-08-18,2025-08-08,,2025-08-29,2025-08-29,2025-10-17,2025-12-08,2025-10-29,2025-10-29,2025-12-22,,
XTL216-01-0 (136),4801P1,XTL216-01-0,136,4801P1,XTL216-01-0 (136),TRUE,FALSE,Prenatal Complete,2025-10-28,,2026-03-27,2025-11-13,,2025-10-30,2025-10-28,,2025-11-12,2025-11-12,2026-01-19,2026-02-18,2026-02-18,2026-02-18,2026-03-31,,
QJL577-01-0 (805),4717P1,QJL577-01-0,805,4717P1,QJL577-01-0 (805),TRUE,FALSE,Prenatal Complete,2024-03-20,,2024-09-24,,,2024-03-20,2024-03-20,,,,2024-07-09,2024-07-10,2024-07-10,2024-07-10,2024-09-28,,
QTD282-01-B (252),4473F2,,,QTD282-01-B (252),4473F2,FALSE,FALSE,0-5 Month Complete,,,,,,,,,,,,,,,,,
ZQR455-01-A (944),4753F1,,,ZQR455-01-A (944),4753F1,FALSE,FALSE,0-5 Month Complete,,,,,,,,,,,,,,,,,
QCD750-01-0 (179),4487P1,QCD750-01-0,179,4487P1,QCD750-01-0 (179),TRUE,FALSE,Prenatal Complete,2025-11-05,,2026-04-30,2025-11-21,,2025-11-07,2025-11-05,,2025-12-03,2025-12-03,2026-03-02,2026-02-05,2026-02-05,2026-02-05,2026-05-02,,
YHY072-01-0 (102),4206P1,YHY072-01-0,102,4206P1,YHY072-01-0 (102),TRUE,FALSE,Detroit,2026-06-22,2026-06-22,2026-11-29,2026-07-22,2026-07-09,2026-06-22,2026-06-23,,2026-07-09,2026-06-23,2026-09-30,,,,,,
LNT397-01-A (614),4419F1,,,LNT397-01-A (614),4419F1,FALSE,FALSE,0-5 Month Complete,,,,,,,,,,,,,,,,,
XRB073-01-A (251),4164F1,,,XRB073-01-A (251),4164F1,FALSE,FALSE,0-5 Month Complete,,,,,,,,,,,,,,,,,
JWP930-01-0 (904),4708P1,JWP930-01-0,904,4708P1,JWP930-01-0 (904),TRUE,FALSE,Prenatal Complete,2024-03-08,,2024-09-07,,,2024-03-08,2024-03-08,,,,2024-06-20,2024-06-25,2024-06-25,2024-06-25,2024-09-02,,
CLF149-01-0 (146),4218P1,CLF149-01-0,146,4218P1,,FALSE,TRUE,Detroit,2026-10-02,2026-10-02,2027-03-06,,,,2026-10-02,,,,,,,,,,
CTT657-01-0 (904),4435P1,CTT657-01-0,904,4435P1,CTT657-01-0 (904),TRUE,FALSE,Prenatal Complete,2024-10-09,,2025-04-16,,,2024-10-09,2024-10-09,,2024-10-09,2024-10-09,2025-01-30,,,,2025-04-22,,
KGQ877-01-0 (772),4520P1,KGQ877-01-0,772,4520P1,KGQ877-01-0 (772),TRUE,FALSE,Flint,2026-08-06,,2027-01-31,2026-08-22,,2026-08-06,2026-08-06,,2026-08-06,,,,,,,,
BVD945-01-0 (409),4743P1,BVD945-01-0,409,4743P1,BVD945-01-0 (409),TRUE,FALSE,Prenatal Complete,2024-09-26,,2025-03-17,,,2024-09-26,2024-09-26,,2024-10-03,2024-10-03,2025-01-08,2025-01-16,2025-01-16,2025-01-16,2025-03-06,,
FZV796-01-0 (399),4766P1,FZV796-01-0,399,4766P1,FZV796-01-0 (399),TRUE,FALSE,Prenatal Complete,2025-06-27,,2025-12-09,2025-07-13,,2025-06-27,2025-06-27,,2025-06-27,2025-06-27,2025-09-22,2025-10-23,2025-10-23,2025-10-23,2025-11-18,,
MGV078-01-0 (772),4454P1,MGV078-01-0,772,4454P1,MGV078-01-0 (772),TRUE,FALSE,Prenatal Complete,2025-01-30,,2025-08-11,,,2025-01-30,2025-01-30,,2025-01-30,2025-01-30,2025-05-23,2025-06-25,2025-06-25,2025-06-25,2025-07-29,,
BPM036-01-A (789),4744F1,,,BPM036-01-A (789),4744F1,FALSE,FALSE,0-5 Month Complete,,,,,,,,,,,,,,,,,
DYK248-01-0 (673),4453P1,DYK248-01-0,673,4453P1,DYK248-01-0 (673),TRUE,FALSE,Prenatal Complete,2025-01-30,,2025-06-23,,,,2025-01-30,,2025-01-30,,2025-04-09,2025-04-09,2025-04-09,2025-04-09,2025-06-17,,
VLQ825-01-A (647),4733F1,,,VLQ825-01-A (647),4733F1,FALSE,FALSE,0-5 Month Complete,,,,,,,,,,,,,,,,,
QRK467-02-A (581),4154F1,,,QRK467-02-A (581),4154F1,FALSE,FALSE,0-5 Month Complete,,,,,,,,,,,,,,,,,
FGL622-01-0 (146),4467P1,FGL622-01-0,146,4467P1,FGL622-01-0 (146),TRUE,FALSE,Prenatal Complete,2025-07-24,,2025-12-17,2025-08-09,,2025-07-24,2025-07-24,,2025-07-24,2025-07-24,2025-10-02,2025-10-24,2025-10-24,2025-10-24,2025-11-27,,
GRM073-01-0 (475),4122P1,GRM073-01-0,475,4122P1,GRM073-01-0 (475),TRUE,FALSE,Prenatal Complete,2024-09-11,2024-09-11,2025-02-01,,,2024-09-21,2024-09-11,,2024-09-11,2024-09-11,2024-11-11,2025-01-03,2025-01-03,2025-01-03,2025-01-10,,
XSP178-01-0 (366),4748P1,XSP178-01-0,366,4748P1,XSP178-01-0 (366),TRUE,FALSE,Prenatal Complete,2024-09-30,,2025-04-08,,,2024-09-30,2024-09-30,,2024-10-23,2024-10-23,2025-01-16,2025-02-20,2025-02-20,2025-02-20,2025-04-09,,
MNR068-01-A (416),4721F1,,,MNR068-01-A (416),4721F1,FALSE,FALSE,0-5 Month Complete,,,,,,,,,,,,,,,,,
NCD314-01-0 (848),4117P1,NCD314-01-0,848,4117P1,NCD314-01-0 (848),TRUE,FALSE,Prenatal Complete,2024-08-02,2024-08-02,2025-01-31,,,2024-08-02,2024-08-02,,2024-08-02,2024-08-02,2024-11-09,2024-11-15,2024-11-15,,2024-12-01,,
BYQ053-01-0 (607),4787P1,BYQ053-01-0,607,4787P1,BYQ053-01-0 (607),TRUE,FALSE,Prenatal Complete,2025-09-25,,2026-03-11,2025-10-11,,2025-09-25,2025-09-25,,2025-10-09,2025-10-09,2026-01-08,2026-01-15,2026-01-15,2026-01-15,2026-03-06,,
LZQ650-01-A (647),4101F1,,,LZQ650-01-A (647),4101F1,FALSE,FALSE,0-5 Month Complete,,,,,,,,,,,,,,,,,
SMQ889-01-A (911),4429F1,,,SMQ889-01-A (911),4429F1,FALSE,FALSE,0-5 Month Complete,,,,,,,,,,,,,,,,,
VVZ944-01-0 (762),4507P1,VVZ944-01-0,762,4507P1,VVZ944-01-0 (762),TRUE,FALSE,Flint,2026-05-27,,2026-10-15,2026-06-12,,2026-05-27,2026-05-27,,2026-05-27,2026-05-27,,,,,2026-06-30,,
PGR160-01-0 (475),4780P1,PGR160-01-0,475,4780P1,PGR160-01-0 (475),TRUE,FALSE,Prenatal Complete,2025-08-08,,2026-01-07,,,,2025-08-08,,,,,,,,2026-01-02,,
LZQ650-02-A (680),4178F1,,,LZQ650-02-A (680),4178F1,FALSE,FALSE,0-5 Month Detroit,,,,,,,,,,,,,,,,,
KDW752-01-0 (607),4514P1,KDW752-01-0,607,4514P1,KDW752-01-0 (607),TRUE,FALSE,Flint,2026-07-03,,2027-02-15,,,2026-07-03,2026-07-03,,2026-07-03,2026-07-03,,,,,,,
SJB279-01-0 (508),4118P1,SJB279-01-0,508,4118P1,SJB279-01-0 (508),TRUE,FALSE,Prenatal Complete,2024-08-02,2024-08-02,2025-03-10,,,,2024-08-02,,2024-08-23,,2024-12-17,2024-12-20,2024-12-20,2025-01-03,2025-02-19,,
PLD055-01-A (855),4734F1,,,PLD055-01-A (855),4734F1,FALSE,FALSE,0-5 Month Complete,,,,,,,,,,,,,,,,,
YJQ442-01-A (515),4169F1,,,YJQ442-01-A (515),4169F1,FALSE,FALSE,0-5 Month Complete,,,,,,,,,,,,,,,,,
RRB727-02-0 (706),4841P1,RRB727-02-0,706,4841P1,RRB727-02-0 (706),TRUE,FALSE,Traverse City,2026-10-05,,2027-03-21,,,2026-10-05,2026-10-05,,,,,,,,,,
TZB922-01-A (482),4431F1,,,TZB922-01-A (482),4431F1,FALSE,FALSE,0-5 Month Complete,,,,,,,,,,,,,,,,,
HWV734-01-A (680),4796F1,,,HWV734-01-A (680),4796F1,FALSE,FALSE,0-5 Month Complete,,,,,,,,,,,,,,,,,
RZS580-01-0 (399),4702P1,RZS580-01-0,399,4702P1,RZS580-01-0 (399),TRUE,FALSE,Prenatal Complete,2024-02-23,,2024-08-29,,,2024-02-23,2024-02-23,,,,2024-06-19,2024-06-20,2024-06-28,2024-06-28,2024-09-01,,
CPT603-01-0 (475),4477P1,CPT603-01-0,475,4477P1,CPT603-01-0 (475),TRUE,FALSE,Pregnancy Loss,2025-10-01,,2026-02-27,2025-10-17,,2025-10-01,2025-10-01,,2025-10-01,2025-10-01,,,,,,,2025-10-29
BPB474-02-0 (179),4211P2,BPB474-02-0,179,4211P2,BPB474-02-0 (179),TRUE,FALSE,Detroit,2026-07-17,2026-07-17,2027-01-31,2026-08-02,2026-09-11,2026-07-17,2026-07-17,,2026-08-14,,,,,,,,
MVY162-01-0 (168),4200P1,MVY162-01-0,168,4200P1,MVY162-01-0 (168),TRUE,FALSE,Detroit,2026-06-05,2026-06-05,2026-11-21,2026-06-21,,2026-06-05,2026-06-05,,2026-06-26,2026-06-05,2026-09-01,2026-09-18,2026-09-18,,,,
GGF358-01-A (657),4168F1,,,GGF358-01-A (657),4168F1,FALSE,FALSE,0-5 Month Complete,,,,,,,,,,,,,,,,,
LJS175-01-0 (673),4831P1,LJS175-01-0,673,4831P1,LJS175-01-0 (673),TRUE,FALSE,Traverse City,2026-06-16,,2026-12-01,2026-07-02,2026-09-15,2026-06-25,2026-06-16,,2026-06-25,2026-06-25,2026-09-09,2026-09-15,2026-09-15,2026-09-15,,,
HPX087-01-0 (970),4769P1,HPX087-01-0,970,4769P1,HPX087-01-0 (970),TRUE,FALSE,Prenatal Complete,2025-06-27,,2025-12-08,2025-07-13,,2025-07-07,2025-06-27,,2025-07-09,2025-07-09,2025-09-22,2025-09-17,2025-09-25,2025-09-25,2025-12-07,,
CZK707-01-0 (673),4161P1,CZK707-01-0,673,4161P1,CZK707-01-0 (673),TRUE,FALSE,Prenatal Complete,2025-07-24,2025-07-24,2026-01-13,2025-08-09,,2025-07-24,2025-07-24,2026-01-14,2025-07-24,2025-07-28,2025-10-24,2025-10-31,2025-11-14,2025-10-31,2026-01-12,,
CXB725-01-A (888),4107F1,,,CXB725-01-A (888),4107F1,FALSE,FALSE,0-5 Month Complete,,,,,,,,,,,,,,,,,
YMP799-01-0 (498),4747P1,YMP799-01-0,498,4747P1,YMP799-01-0 (498),TRUE,FALSE,Prenatal Complete,2024-09-30,,2025-03-14,,,2024-09-30,2024-09-30,,2024-10-10,2024-10-10,2025-01-16,2025-01-16,2025-01-16,2026-01-16,2025-02-25,,
