globalId,customId,echo_id,PIN,globalId_raw,customId_raw,id_swapped,id_moved_to_custom,statusId,birthday,dateCreated,visit_scheduled,vib_request,diaper_sent,survey,child_anthro,mom_anthro,postnatal_consent,partner_contact,child_urine,child_stool,mom_hair,mom_bs,breast_milk
VQH840-01-A (416),4755F1,,,VQH840-01-A (416),4755F1,FALSE,FALSE,0-5 Month Complete,2025-11-04,2025-11-25,,,,2025-11-25,2026-01-21,2026-01-21,2026-01-27,,2025-01-28,2025-01-28,2025-01-28,2025-01-28,
FKT089-01-A (251),4463F1,,,FKT089-01-A (251),4463F1,FALSE,FALSE,0-5 Month Complete,2025-08-20,2025-11-20,,,,2026-01-22,2026-02-19,2026-02-19,2026-02-19,,2026-02-19,,2026-02-19,2026-02-19,
WWW781-01-A (274),4756F1,,,WWW781-01-A (274),4756F1,FALSE,FALSE,0-5 Month Complete,2025-11-02,2025-11-25,2026-01-07,,2025-12-09,2026-01-06,2026-01-07,2026-01-07,2026-01-07,,2026-01-07,2026-01-07,2026-01-07,,
LSH641-01-0 (541),4149P1,LSH641-01-0,541,4149P1,LSH641-01-0 (541),TRUE,FALSE,Prenatal Complete,1998-12-21,2025-03-28,,,,,,,,,,,,,
XFP756-01-A (581),4182F1,,,XFP756-01-A (581),4182F1,FALSE,FALSE,0-5 Month Detroit,2026-08-25,2026-09-10,,,,,,,,,,,,,
TZB922-01-0 (904),4431P1,TZB922-01-0,904,4431P1,TZB922-01-0 (904),TRUE,FALSE,Prenatal Complete,1996-12-19,2024-08-26,,,,,,,,,,,,,
BWJ550-02-0 (409),4524P1,BWJ550-02-0,409,4524P1,BWJ550-02-0 (409),TRUE,FALSE,Flint,1995-01-07,2026-10-07,,,,,,,,,,,,,
FGD590-01-A (492),4151F1,,,FGD590-01-A (492),4151F1,FALSE,FALSE,0-5 Month Complete,2025-10-27,2025-12-11,,,,2025-12-11,,,2026-02-18,,,,,,
KXF530-01-A (186),4421F1,,,KXF530-01-A (186),4421F1,FALSE,FALSE,0-5 Month Complete,2024-12-11,2025-03-21,2025-05-31,,2025-06-03,2025-03-22,2025-06-06,2025-06-06,2025-06-06,,,2025-06-06,2025-06-06,2025-06-06,
WSG161-01-0 (772),4738P1,WSG161-01-0,772,4738P1,WSG161-01-0 (772),TRUE,FALSE,Prenatal Complete,2000-06-01,2024-09-17,,,,,,,,,,,,,
FLN684-01-0 (541),4176P1,FLN684-01-0,541,4176P1,FLN684-01-0 (541),TRUE,FALSE,Prenatal Complete,2002-10-14,2025-12-04,,,,,,,,,,,,,
KDC458-01-A (624),4173F1,,,KDC458-01-A (624),4173F1,FALSE,FALSE,0-5 Month Complete,2026-04-03,2026-04-09,2026-06-01,,2026-05-27,2026-06-04,2026-06-01,2026-06-01,2026-06-04,,2026-06-01,2026-06-01,2026-06-01,2026-06-01,2026-06-01
KRK077-01-B (285),4767F2,,,KRK077-01-B (285),4767F2,FALSE,FALSE,0-5 Month Complete,2025-11-04,2025-11-25,2025-12-05,,2025-12-09,2025-11-26,2025-12-05,,2025-12-05,2025-12-05,,,,,
WSG161-01-A (350),4738F1,,,WSG161-01-A (350),4738F1,FALSE,FALSE,0-5 Month Complete,2025-02-28,2025-04-30,2025-05-16,,2025-05-01,2025-05-30,2025-05-16,2025-05-16,2025-05-16,,,2025-05-16,2025-05-16,2025-05-16,
JBM041-01-A (459),4736F1,,,JBM041-01-A (459),4736F1,FALSE,FALSE,0-5 Month Complete,2025-02-19,2025-02-24,2025-04-04,,2025-04-04,2025-03-18,2025-04-04,2025-04-04,2025-04-04,,2025-05-28,2025-04-04,2025-04-04,,
NCX421-01-A (153),4194F1,,,NCX421-01-A (153),4194F1,FALSE,FALSE,0-5 Month Detroit,2026-10-06,2026-10-08,,,,,,,,,,,,,
WDZ858-01-0 (333),4802P1,WDZ858-01-0,333,4802P1,WDZ858-01-0 (333),TRUE,FALSE,Prenatal Complete,1988-03-10,2025-11-05,,,,,,,,,,,,,
THG098-01-0 (607),4836P1,THG098-01-0,607,4836P1,THG098-01-0 (607),TRUE,FALSE,Traverse City,2000-08-28,2026-07-21,,,,,,,,,,,,,
NDG495-02-0 (343),4784P1,NDG495-02-0,343,4784P1,NDG495-02-0 (343),TRUE,FALSE,Prenatal Complete,2005-04-26,2025-09-18,,,,,,,,,,,,,
RDL710-02-0 (310),4175P1,RDL710-02-0,310,4175P1,RDL710-02-0 (310),TRUE,FALSE,Pregnancy Loss,1995-06-28,2025-11-17,,,,,,,,,,,,,
TTZ628-01-0 (597),4804P1,TTZ628-01-0,597,4804P1,TTZ628-01-0 (597),TRUE,FALSE,Traverse City,2000-11-14,2025-11-12,,,,,,,,,,,,,
RDC147-01-0 (112),4739P1,RDC147-01-0,112,4739P1,RDC147-01-0 (112),TRUE,FALSE,Prenatal Complete,1990-12-17,2024-09-17,,,,,,,,,,,,,
HKN599-01-0 (739),4158P1,HKN599-01-0,739,4158P1,HKN599-01-0 (739),TRUE,FALSE,Prenatal Complete,1990-03-27,2025-07-11,,,,,,,,,,,,,
JJT668-01-0 (871),4735P1,JJT668-01-0,871,4735P1,JJT668-01-0 (871),TRUE,FALSE,Prenatal Complete,1994-06-21,2024-08-30,,,,,,,,,,,,,
ZBM618-01-A (317),4465F1,,,ZBM618-01-A (317),4465F1,FALSE,FALSE,0-5 Month Complete,2025-12-05,2026-01-20,2026-04-21,,2026-04-09,2026-01-30,2026-04-21,2026-04-21,2026-04-22,,2026-04-21,2026-04-21,2026-04-21,2026-04-21,
VCJ373-01-A (153),4774F1,,,VCJ373-01-A (153),4774F1,FALSE,FALSE,0-5 Month Complete,2025-12-10,2026-01-17,2026-01-20,,2026-01-20,2026-01-17,2026-02-11,2026-02-11,2026-01-21,2026-01-21,2026-02-11,2026-02-11,2026-01-21,,
MFY505-01-0 (673),4754P1,MFY505-01-0,673,4754P1,MFY505-01-0 (673),TRUE,FALSE,Prenatal Complete,1997-06-30,2025-04-22,,,,,,,,,,,,,
SLP320-01-0 (607),4833P1,SLP320-01-0,607,4833P1,SLP320-01-0 (607),TRUE,FALSE,Traverse City,1995-06-12,2026-07-07,,,,,,,,,,,,,
JZC874-01-0 (805),4403P1,JZC874-01-0,805,4403P1,JZC874-01-0 (805),TRUE,FALSE,Prenatal Complete,2002-09-24,2024-07-02,,,,,,,,,,,,,
LNT397-01-0 (136),4419P1,LNT397-01-0,136,4419P1,LNT397-01-0 (136),TRUE,FALSE,Prenatal Complete,2004-03-30,2024-07-08,,,,,,,,,,,,,
TKS011-01-A (185),4501F1,,,TKS011-01-A (185),4501F1,FALSE,FALSE,0-5 Month Flint,2026-08-14,2026-09-29,,,,,,,2026-10-07,,,,,,
TKS011-01-B (219),4501F2,,,TKS011-01-B (219),4501F2,FALSE,FALSE,0-5 Month Flint,2026-08-14,2026-09-29,,,,,,,2026-10-07,,,,,,
DRG492-01-0 (343),4471P1,DRG492-01-0,343,4471P1,DRG492-01-0 (343),TRUE,FALSE,Prenatal Complete,2007-06-07,2025-08-28,,,,,,,,,,,,,
LSH641-02-0 (574),4210P2,LSH641-02-0,574,4210P2,LSH641-02-0 (574),TRUE,FALSE,Detroit,1998-12-21,2026-07-17,,,,,,,,,,,,,
DHM804-01-0 (112),4452P1,DHM804-01-0,112,4452P1,DHM804-01-0 (112),TRUE,FALSE,Prenatal Complete,1999-10-01,2025-01-22,,,,,,,,,,,,,
BPM036-01-0 (211),4744P1,BPM036-01-0,211,4744P1,BPM036-01-0 (211),TRUE,FALSE,Prenatal Complete,2001-12-12,2024-09-30,,,,,,,,,,,,,
TLN478-01-0 (136),4781P1,TLN478-01-0,136,4781P1,TLN478-01-0 (136),TRUE,FALSE,Prenatal Complete,1997-09-04,2025-09-10,,,,,,,,,,,,,
CKX033-01-0 (343),4143P1,CKX033-01-0,343,4143P1,CKX033-01-0 (343),TRUE,FALSE,Prenatal Complete,1993-01-31,2025-01-17,,,,,,,,,,,,,
GFK525-01-0 (179),4146P1,GFK525-01-0,179,4146P1,GFK525-01-0 (179),TRUE,FALSE,Pregnancy Loss,1996-08-07,2025-03-14,,,,,,,,,,,,,
JCX999-01-0 (103),4420P1,JCX999-01-0,103,4420P1,JCX999-01-0 (103),TRUE,FALSE,Prenatal Complete,2001-03-15,2024-07-08,,,,,,,,,,,,,
LZV055-02-A (812),4806F1,,,LZV055-02-A (812),4806F1,FALSE,FALSE,0-5 Month Traverse City,2026-06-04,2026-08-06,2026-10-16,,2026-10-08,2026-08-24,,,2026-08-24,,,,,,
XBR066-01-A (317),4476F1,,,XBR066-01-A (317),4476F1,FALSE,FALSE,0-5 Month Complete,2026-03-15,2026-04-09,2026-08-13,,2026-08-13,2026-06-03,,,2026-06-19,2026-09-22,,,,,
KWV665-01-0 (300),4416P1,KWV665-01-0,300,4416P1,KWV665-01-0 (300),TRUE,FALSE,Prenatal Complete,2006-04-08,2024-07-02,,,,,,,,,,,,,
CPS604-01-0 (475),4115P1,CPS604-01-0,475,4115P1,CPS604-01-0 (475),TRUE,FALSE,Prenatal Complete,1987-01-17,2024-07-19,,,,,,,,,,,,,
CNJ952-01-0 (310),4466P1,CNJ952-01-0,310,4466P1,CNJ952-01-0 (310),TRUE,FALSE,Prenatal Complete,1999-04-10,2025-07-17,,,,,,,,,,,,,
TDX359-01-A (614),4719F1,,,TDX359-01-A (614),4719F1,FALSE,FALSE,0-5 Month Complete,2024-08-31,2025-01-26,2025-02-28,,2025-01-09,2025-01-30,2025-02-28,2025-02-28,2025-02-28,,,,2025-02-28,,
ZRH064-01-0 (937),4458P1,ZRH064-01-0,937,4458P1,ZRH064-01-0 (937),TRUE,FALSE,Prenatal Complete,1991-04-12,2025-05-12,,,,,,,,,,,,,
BYQ053-01-A (185),4787F1,,,BYQ053-01-A (185),4787F1,FALSE,FALSE,0-5 Month Complete,2026-03-06,2026-03-17,2026-05-20,,2026-04-11,2026-03-17,2026-05-20,2026-05-20,2026-03-17,2026-05-20,2026-05-20,,2026-05-20,,
VDW899-01-A (944),4731F1,,,VDW899-01-A (944),4731F1,FALSE,FALSE,0-5 Month Complete,2024-10-26,2025-02-13,2025-02-19,,2025-02-14,2025-02-17,2025-02-19,2025-02-19,2025-02-19,,2025-02-19,2025-02-19,2025-02-19,,
SSF737-01-0 (904),4502P1,SSF737-01-0,904,4502P1,SSF737-01-0 (904),TRUE,FALSE,Flint,2000-12-21,2026-03-06,,,,,,,,,,,,,
CDL346-01-0 (947),4483P1,CDL346-01-0,947,4483P1,CDL346-01-0 (947),TRUE,FALSE,Flint,1993-06-18,2025-10-21,,,,,,,,,,,,,
MLT236-01-0 (739),4815P1,MLT236-01-0,739,4815P1,MLT236-01-0 (739),TRUE,FALSE,Traverse City,1995-06-24,2026-04-20,,,,,,,,,,,,,
HRG544-01-A (987),4121F1,,,HRG544-01-A (987),4121F1,FALSE,FALSE,0-5 Month Complete,2025-02-12,2025-02-18,,,,2025-06-20,,,,,,,,,
WRD249-01-A (449),4751F1,,,WRD249-01-A (449),4751F1,FALSE,FALSE,0-5 Month Complete,2025-04-10,2025-05-09,2025-05-12,,2025-05-07,2025-05-09,2025-05-12,2025-05-12,2025-05-12,,2025-05-29,2025-05-12,2025-05-12,2025-05-12,
NVN124-01-0 (772),4108P1,NVN124-01-0,772,4108P1,NVN124-01-0 (772),TRUE,FALSE,Pregnancy Loss,1991-03-13,2024-07-02,,,,,,,,,,,,,
BXJ770-02-0 (574),4499P1,BXJ770-02-0,574,4499P1,BXJ770-02-0 (574),TRUE,FALSE,Flint,1993-05-07,2026-03-05,,,,,,,,,,,,,
WCV960-01-0 (970),4155P1,WCV960-01-0,970,4155P1,WCV960-01-0 (970),TRUE,FALSE,Prenatal Complete,1991-06-16,2025-06-20,,,,,,,,,,,,,
KRK077-01-A (251),4767F1,,,KRK077-01-A (251),4767F1,FALSE,FALSE,0-5 Month Complete,2025-11-04,2025-11-25,2025-12-05,,2025-12-09,2025-11-26,2025-12-05,2025-12-05,2025-12-05,2025-12-05,,,2025-12-05,,
MFY505-01-A (251),4754F1,,,MFY505-01-A (251),4754F1,FALSE,FALSE,0-5 Month Complete,2025-10-24,2025-11-25,,2026-04-06,,2025-11-26,2026-03-26,2026-03-26,2026-03-09,,2026-03-26,2026-03-26,,2026-03-26,
ZKL165-01-A (482),4778F1,,,ZKL165-01-A (482),4778F1,FALSE,FALSE,0-5 Month Complete,2025-12-15,2026-01-16,,2026-03-02,,2026-01-16,2026-02-25,2026-02-25,2026-02-23,,2026-02-25,2026-02-25,2026-02-25,2026-02-25,
CSS863-02-0 (937),4103P1,CSS863-02-0,937,4103P1,CSS863-02-0 (937),TRUE,FALSE,Prenatal Complete,1998-11-22,2024-07-02,,,,,,,,,,,,,
MLK253-01-A (987),4503F1,,,MLK253-01-A (987),4503F1,FALSE,FALSE,0-5 Month Flint,2026-07-30,2026-08-11,,,,,,,,,,,,,
XPH753-01-A (548),4475F1,,,XPH753-01-A (548),4475F1,FALSE,FALSE,0-5 Month Flint,2026-02-23,2026-04-09,2026-08-20,,,,,,,,,,,,
HQR631-01-A (218),4805F1,,,HQR631-01-A (218),4805F1,FALSE,FALSE,0-5 Month Complete,2026-04-14,2026-04-22,2026-05-15,,2026-04-28,2026-04-22,2026-05-15,2026-05-15,2026-04-22,2026-05-15,2026-05-15,2026-05-15,2026-05-15,2026-05-15,2026-05-15
CCC242-01-A (130),4714F1,,,CCC242-01-A (130),4714F1,FALSE,FALSE,0-5 Month Complete,2024-09-15,2024-11-22,,,2024-11-25,2024-12-03,2024-12-11,2024-12-11,2024-12-11,,2024-12-11,2024-12-11,2024-12-11,,
CPP633-01-0 (442),4468P1,CPP633-01-0,442,4468P1,CPP633-01-0 (442),TRUE,FALSE,Prenatal Complete,1992-12-14,2025-07-30,,,,,,,,,,,,,
NGV392-01-0 (772),4760P1,NGV392-01-0,772,4760P1,NGV392-01-0 (772),TRUE,FALSE,Prenatal Complete,1989-03-28,2025-06-18,,,,,,,,,,,,,
CNJ952-01-A (888),4466F1,,,CNJ952-01-A (888),4466F1,FALSE,FALSE,0-5 Month Complete,2025-12-18,2026-01-20,2026-04-17,,2026-04-09,2026-01-21,2026-04-17,2026-04-17,2026-04-08,,2026-04-17,2026-04-17,2026-04-17,2026-04-17,2026-04-17
XGN391-01-A (383),4457F1,,,XGN391-01-A (383),4457F1,FALSE,FALSE,0-5 Month Complete,2025-11-06,2025-12-10,,,,2025-12-10,,,2026-04-08,,,,,,
DTQ848-01-A (482),4116F1,,,DTQ848-01-A (482),4116F1,FALSE,FALSE,0-5 Month Complete,2024-12-05,2025-01-14,2025-02-18,,2025-02-05,2025-02-19,,,,,,,,,
NCX421-01-0 (475),4194P1,NCX421-01-0,475,4194P1,NCX421-01-0 (475),TRUE,FALSE,Detroit,2002-03-01,2026-04-24,,,,,,,,,,,,,
YMP799-02-0 (531),4797P1,YMP799-02-0,531,4797P1,YMP799-02-0 (531),TRUE,FALSE,Traverse City,1986-07-13,2025-10-23,,,,,,,,,,,,,
HXB800-01-0 (277),4199P1,HXB800-01-0,277,4199P1,HXB800-01-0 (277),TRUE,FALSE,Detroit,1991-07-31,2026-05-15,,,,,,,,,,,,,
YHW727-01-0 (267),4504P1,YHW727-01-0,267,4504P1,YHW727-01-0 (267),TRUE,FALSE,Flint,1995-04-14,2026-03-24,,,,,,,,,,,,,
PZJ271-01-0 (937),4775P1,PZJ271-01-0,937,4775P1,PZJ271-01-0 (937),TRUE,FALSE,Prenatal Complete,1990-03-10,2025-07-31,,,,,,,,,,,,,
CDX218-01-A (855),4179F1,,,CDX218-01-A (855),4179F1,FALSE,FALSE,0-5 Month Detroit,2026-07-17,2026-07-20,,,,,,,,,,,,,
NEEDS 3.01 CONSENT FOR ECHO REGISTRATION,4720F1,,,Needs 3.01 Consent for ECHO Registration,4720F1,FALSE,FALSE,0-5 Month Complete,2024-09-27,2026-07-14,,,,,,,,,,,,,
LRJ642-01-0 (607),4727P1,LRJ642-01-0,607,4727P1,LRJ642-01-0 (607),TRUE,FALSE,Prenatal Complete,1995-07-13,2024-07-19,,,,,,,,,,,,,
SFV056-01-A (383),4141F1,,,SFV056-01-A (383),4141F1,FALSE,FALSE,0-5 Month Complete,2025-07-02,2025-07-09,2025-09-03,2026-04-10,,2025-08-28,2025-11-07,2025-11-07,2025-11-03,,2025-11-07,2025-11-07,2025-11-07,2025-11-07,
KKK503-01-0 (244),4195P1,KKK503-01-0,244,4195P1,KKK503-01-0 (244),TRUE,FALSE,Pregnancy Loss,1994-03-04,2026-04-24,,,,,,,,,,,,,
JNW534-01-0 (838),4111P1,JNW534-01-0,838,4111P1,JNW534-01-0 (838),TRUE,FALSE,Prenatal Complete,1989-11-04,2024-07-02,,,,,,,,,,,,,
YMF346-01-A (350),4718F1,,,YMF346-01-A (350),4718F1,FALSE,FALSE,0-5 Month Complete,2024-10-05,2025-03-03,,,,2025-03-03,,,,,,,,,
DRG448-01-A (954),4498F1,,,DRG448-01-A (954),4498F1,FALSE,FALSE,0-5 Month Flint,2026-08-26,2026-09-29,,,,,,,2026-10-07,,,,,,
RLV529-01-0 (135),4481P1,RLV529-01-0,135,4481P1,RLV529-01-0 (135),TRUE,FALSE,Flint,1998-09-25,2025-10-21,,,,,,,,,,,,,
YRY215-01-0 (399),4124P1,YRY215-01-0,399,4124P1,YRY215-01-0 (399),TRUE,FALSE,Pregnancy Loss,1981-01-12,2024-10-04,,,,,,,,,,,,,
DVY195-01-A (647),4496F1,,,DVY195-01-A (647),4496F1,FALSE,FALSE,0-5 Month Flint,2026-08-30,2026-09-29,,,,,,,2026-10-07,,,,,,
KRS023-01-A (218),4136F1,,,KRS023-01-A (218),4136F1,FALSE,FALSE,0-5 Month Complete,2025-04-22,2025-04-29,2025-04-30,,,2025-04-29,2025-04-30,2025-04-30,2025-04-30,,2025-04-30,2025-04-30,2025-04-30,2025-04-30,
ZQN091-01-A (680),4761F1,,,ZQN091-01-A (680),4761F1,FALSE,FALSE,0-5 Month Complete,2025-11-21,2025-11-25,,2026-03-25,,2026-01-09,2026-03-23,2026-03-23,2026-03-24,,2026-03-24,2026-03-24,2026-03-24,2026-03-24,
BRL402-01-A (723),4132F1,,,BRL402-01-A (723),4132F1,FALSE,FALSE,0-5 Month Complete,2025-03-25,2025-05-15,2025-05-20,,,2025-05-15,2025-05-20,2025-05-20,2025-05-20,,2025-05-20,2025-05-20,2025-05-20,2025-05-20,
GHD547-01-0 (146),4791P1,GHD547-01-0,146,4791P1,GHD547-01-0 (146),TRUE,FALSE,Prenatal Complete,1989-02-17,2025-10-01,,,,,,,,,,,,,
MGW204-01-0 (508),4142P1,MGW204-01-0,508,4142P1,MGW204-01-0 (508),TRUE,FALSE,Prenatal Complete,1991-10-02,2025-01-10,,,,,,,,,,,,,
KML208-01-A (987),4163F1,,,KML208-01-A (987),4163F1,FALSE,FALSE,0-5 Month Complete,2025-12-28,2026-01-13,,2026-02-23,,2026-02-16,2026-03-06,2026-03-06,2026-03-02,,2026-03-06,,2026-03-06,2026-03-06,
RZM693-01-0 (366),4174P1,RZM693-01-0,366,4174P1,RZM693-01-0 (366),TRUE,FALSE,Prenatal Complete,1992-06-11,2025-10-17,,,,,,,,,,,,,
WGL767-01-A (515),4757F1,,,WGL767-01-A (515),4757F1,FALSE,FALSE,0-5 Month Complete,2025-11-03,2025-11-25,,,,2025-11-25,2026-01-28,2026-01-28,2026-01-28,,2026-01-30,2026-01-30,,2026-01-30,
ZCS109-01-0 (805),4470P1,ZCS109-01-0,805,4470P1,ZCS109-01-0 (805),TRUE,FALSE,Prenatal Complete,1998-03-01,2025-08-18,,,,,,,,,,,,,
QQL383-01-0 (871),4715P1,QQL383-01-0,871,4715P1,QQL383-01-0 (871),TRUE,FALSE,Prenatal Complete,1992-11-03,2024-07-19,,,,,,,,,,,,,
BRS431-01-A (120),4497F1,,,BRS431-01-A (120),4497F1,FALSE,FALSE,0-5 Month Flint,2026-06-21,2026-07-31,,,,,,,2026-08-27,,,,,,
JFL342-01-A (690),4131F1,,,JFL342-01-A (690),4131F1,FALSE,FALSE,0-5 Month Complete,2025-04-16,2025-05-15,2025-06-02,,,2025-06-02,2025-06-04,2025-06-04,2025-06-03,,2025-06-04,2025-06-04,,2025-06-04,
NCD314-01-A (426),4117F1,,,NCD314-01-A (426),4117F1,FALSE,FALSE,0-5 Month Complete,2024-12-01,2025-01-16,,,,2025-02-28,,,,,,,,,
YNF452-01-A (317),4417F1,,,YNF452-01-A (317),4417F1,FALSE,FALSE,0-5 Month Complete,2024-12-21,2025-03-21,2025-05-31,,2025-06-03,2025-06-19,,,,,,,,,
PGR160-01-A (153),4780F1,,,PGR160-01-A (153),4780F1,FALSE,FALSE,0-5 Month Complete,2026-01-02,2026-07-13,,,,,,,,,,,,,
NDP128-01-A (954),4701F1,,,NDP128-01-A (954),4701F1,FALSE,FALSE,0-5 Month Complete,2024-08-19,2024-12-09,2024-12-09,,2024-12-05,2024-12-09,2024-12-09,2024-12-09,2024-12-09,,2024-12-09,2024-12-09,2024-12-09,,
NCS144-01-0 (376),4137P1,NCS144-01-0,376,4137P1,NCS144-01-0 (376),TRUE,FALSE,Prenatal Complete,1985-01-14,2024-12-06,,,,,,,,,,,,,
HKN599-01-A (317),4158F1,,,HKN599-01-A (317),4158F1,FALSE,FALSE,0-5 Month Complete,2025-12-18,2026-01-09,,,,,,,,,,,,,
TDX359-01-0 (136),4719P1,TDX359-01-0,136,4719P1,TDX359-01-0 (136),TRUE,FALSE,Prenatal Complete,1997-10-01,2024-07-19,,,,,,,,,,,,,
JJT668-01-A (449),4735F1,,,JJT668-01-A (449),4735F1,FALSE,FALSE,0-5 Month Complete,2025-03-16,2025-04-30,2025-05-12,,2025-05-01,2025-05-12,2025-05-12,2025-05-12,2025-05-12,,,2025-05-12,2025-05-12,2025-05-12,
CKL621-01-A (624),4128F1,,,CKL621-01-A (624),4128F1,FALSE,FALSE,0-5 Month Complete,2025-05-16,2025-06-16,2025-07-23,,,2025-07-14,2025-07-31,2025-07-31,2025-07-30,,2025-07-31,2025-07-31,2025-07-31,2025-07-31,
YVP454-01-0 (399),4442P1,YVP454-01-0,399,4442P1,YVP454-01-0 (399),TRUE,FALSE,Withdrawn & Lost Contact,1989-07-26,2024-11-07,,,,,,,,,,,,,
PHN877-02-0 (904),4730P1,PHN877-02-0,904,4730P1,PHN877-02-0 (904),TRUE,FALSE,Prenatal Complete,1984-12-28,2024-07-19,,,,,,,,,,,,,
FGD590-01-0 (914),4151P1,FGD590-01-0,914,4151P1,FGD590-01-0 (914),TRUE,FALSE,Prenatal Complete,1998-08-06,2025-05-09,,,,,,,,,,,,,
PGM615-01-0 (475),4425P1,PGM615-01-0,475,4425P1,PGM615-01-0 (475),TRUE,FALSE,Prenatal Complete,1997-02-03,2024-07-29,,,,,,,,,,,,,
NQD377-01-A (185),4811F1,,,NQD377-01-A (185),4811F1,FALSE,FALSE,0-5 Month Traverse City,2026-08-07,2026-08-27,,,,2026-08-31,,,2026-08-28,,,,,,
YYB078-01-0 (102),4428P1,YYB078-01-0,102,4428P1,YYB078-01-0 (102),TRUE,FALSE,Prenatal Complete,2001-01-16,2024-08-19,,,,,,,,,,,,,
QTD282-01-0 (640),4473P1,QTD282-01-0,640,4473P1,QTD282-01-0 (640),TRUE,FALSE,Prenatal Complete,1995-04-15,2025-09-18,,,,,,,,,,,,,
KBB279-01-A (558),4790F1,,,KBB279-01-A (558),4790F1,FALSE,FALSE,0-5 Month Complete,2026-02-26,2026-03-18,,2026-03-18,,2026-03-18,2026-04-22,2026-04-22,2026-03-18,2026-04-30,,2026-04-22,2026-04-22,2026-04-22,
MFH339-01-0 (277),4449P1,MFH339-01-0,277,4449P1,MFH339-01-0 (277),TRUE,FALSE,Flint,1999-12-15,2024-12-18,,,,,,,,,,,,,
ZLX499-01-A (241),4776F1,,,ZLX499-01-A (241),4776F1,FALSE,FALSE,0-5 Month Complete,2026-02-13,2026-03-09,,2026-03-11,,2026-03-11,2026-04-21,2026-05-27,2026-03-11,,2026-05-29,2026-05-29,,2026-05-29,2026-05-29
LZV055-01-A (779),4724F1,,,LZV055-01-A (779),4724F1,FALSE,FALSE,0-5 Month Complete,2024-08-26,2024-12-09,2024-12-09,,2024-12-05,2024-12-09,2024-12-09,2024-12-09,2024-12-09,,2024-12-09,2024-12-09,2024-12-09,,
GJP886-01-0 (706),4505P1,GJP886-01-0,706,4505P1,GJP886-01-0 (706),TRUE,FALSE,Flint,1988-09-05,2026-04-14,,,,,,,,,,,,,
SJB279-01-A (186),4118F1,,,SJB279-01-A (186),4118F1,FALSE,FALSE,0-5 Month Complete,2025-02-19,2025-05-15,,,,,,,,,,,,,
KRK077-01-0 (673),4767P1,KRK077-01-0,673,4767P1,KRK077-01-0 (673),TRUE,FALSE,Prenatal Complete,1995-03-15,2025-06-27,,,,,,,,,,,,,
SLX595-01-B (945),4813F2,,,SLX595-01-B (945),4813F2,FALSE,FALSE,0-5 Month Traverse City,2026-09-10,2026-10-08,,,,,,,2026-10-08,,,,,,
ZRB102-01-0 (508),4486P1,ZRB102-01-0,508,4486P1,ZRB102-01-0 (508),TRUE,FALSE,Prenatal Complete,2005-11-26,2025-11-05,,,,,,,,,,,,,
NXQ093-01-0 (102),4401P1,NXQ093-01-0,102,4401P1,NXQ093-01-0 (102),TRUE,FALSE,Pregnancy Loss,1995-07-26,2024-07-02,,,,,,,,,,,,,
YCB161-01-A (723),4490F1,,,YCB161-01-A (723),4490F1,FALSE,FALSE,0-5 Month Flint,2026-05-16,2026-05-29,,2026-09-29,,,,,,,,,,,
GYL243-01-A (218),4114F1,,,GYL243-01-A (218),4114F1,FALSE,FALSE,0-5 Month Complete,2024-12-19,2025-01-16,2025-01-28,,2025-01-23,2025-03-10,2025-02-04,2025-02-04,2025-02-20,,2025-02-04,2025-02-04,2025-02-04,,
LGG437-01-A (789),4777F1,,,LGG437-01-A (789),4777F1,FALSE,FALSE,0-5 Month Complete,2026-01-05,2026-01-17,,2026-03-02,,2026-01-18,2026-02-24,2026-02-24,2026-02-22,,2026-02-24,2026-02-24,2026-02-24,2026-02-24,
PTL466-01-0 (103),4433P1,PTL466-01-0,103,4433P1,PTL466-01-0 (103),TRUE,FALSE,Prenatal Complete,2003-07-08,2024-09-05,,,,,,,,,,,,,
MZG636-01-0 (904),4191P1,MZG636-01-0,904,4191P1,MZG636-01-0 (904),TRUE,FALSE,Prenatal Complete,2002-11-19,2026-04-02,,,,,,,,,,,,,
SPR953-01-0 (201),4720P1,SPR953-01-0,201,4720P1,SPR953-01-0 (201),TRUE,FALSE,Prenatal Complete,1988-12-05,2024-07-19,,,,,,,,,,,,,
NQW810-01-0 (970),4464P1,NQW810-01-0,970,4464P1,NQW810-01-0 (970),TRUE,FALSE,Prenatal Complete,1993-08-20,2025-07-03,,,,,,,,,,,,,
KKK768-01-A (251),4171F1,,,KKK768-01-A (251),4171F1,FALSE,FALSE,0-5 Month Complete,2026-02-26,2026-03-20,2026-05-18,,2026-05-13,2026-08-17,,,2026-08-19,,,,,,
JBG482-01-A (558),4482F1,,,JBG482-01-A (558),4482F1,FALSE,FALSE,0-5 Month Flint,2026-04-06,2026-04-09,2026-08-13,,,2026-04-12,,,2026-06-19,,,,,,
THQ829-01-0 (103),4773P1,THQ829-01-0,103,4773P1,THQ829-01-0 (103),TRUE,FALSE,Prenatal Complete,1992-02-08,2025-07-29,,,,,,,,,,,,,
BHB279-01-A (459),4772F1,,,BHB279-01-A (459),4772F1,FALSE,FALSE,0-5 Month Complete,2025-12-17,2026-01-17,,2026-02-12,,2026-02-12,2026-02-19,2026-02-22,2026-02-23,,2026-02-24,2026-02-24,2026-02-24,2025-12-24,
CVH892-01-0 (607),4126P1,CVH892-01-0,607,4126P1,CVH892-01-0 (607),TRUE,FALSE,Prenatal Complete,2005-08-26,2024-10-11,,,,,,,,,,,,,
JXP185-01-A (581),4437F1,,,JXP185-01-A (581),4437F1,FALSE,FALSE,0-5 Month Complete,2025-02-12,2025-03-22,2025-05-31,,2025-06-03,2025-03-22,2025-06-07,2025-06-07,2025-06-07,,2025-06-07,,,2025-06-07,
YPB464-01-A (350),4414F1,,,YPB464-01-A (350),4414F1,FALSE,FALSE,0-5 Month Complete,2024-11-29,2025-03-21,,,,2025-03-30,,,,,,,,,
GDJ477-01-0 (178),4725P1,GDJ477-01-0,178,4725P1,GDJ477-01-0 (178),TRUE,FALSE,Prenatal Complete,1992-07-24,2024-07-19,,,,,,,,,,,,,
GXM057-01-A (317),4438F1,,,GXM057-01-A (317),4438F1,FALSE,FALSE,0-5 Month Complete,2025-03-14,2025-04-02,2025-05-31,,2025-06-03,2025-05-16,2025-06-06,2025-06-06,2025-06-06,,2025-06-06,,2025-06-06,2025-06-06,
QDZ468-01-A (614),4162F1,,,QDZ468-01-A (614),4162F1,FALSE,FALSE,0-5 Month Complete,2026-01-24,2026-01-28,2026-03-16,,2026-03-03,2026-03-02,2026-03-11,2026-03-11,2026-03-05,,2026-03-11,2026-03-11,,2026-03-11,
VCJ373-01-0 (475),4774P1,VCJ373-01-0,475,4774P1,VCJ373-01-0 (475),TRUE,FALSE,Prenatal Complete,2001-11-06,2025-07-29,,,,,,,,,,,,,
NCS144-01-A (954),4137F1,,,NCS144-01-A (954),4137F1,FALSE,FALSE,0-5 Month Complete,2025-05-24,2025-06-16,,,,2025-08-26,,,,,,,,,
SJH036-01-A (987),4436F1,,,SJH036-01-A (987),4436F1,FALSE,FALSE,0-5 Month Complete,2025-02-22,2025-03-22,2025-05-31,,2025-06-03,2025-03-22,2025-06-13,2025-06-13,2025-06-13,,2025-06-13,2025-06-13,2025-06-13,2025-06-13,
YHK945-01-A (515),4703F1,,,YHK945-01-A (515),4703F1,FALSE,FALSE,0-5 Month Complete,2024-08-28,2025-01-26,2025-01-27,,2025-01-09,2025-01-29,2025-01-27,2025-01-27,2025-01-27,,2025-01-27,2025-01-27,2025-01-27,,
NJK720-01-0 (343),4819P1,NJK720-01-0,343,4819P1,NJK720-01-0 (343),TRUE,FALSE,Traverse City,1991-09-20,2026-05-07,,,,,,,,,,,,,
LTS268-01-0 (102),4707P1,LTS268-01-0,102,4707P1,LTS268-01-0 (102),TRUE,FALSE,Prenatal Complete,1987-01-22,2024-07-19,,,,,,,,,,,,,
YGQ976-02-A (845),4188F1,,,YGQ976-02-A (845),4188F1,FALSE,FALSE,0-5 Month Detroit,2026-06-14,2026-09-10,,,,2026-09-10,,,,,,,,,
RZS580-02-0 (432),4814P1,RZS580-02-0,432,4814P1,RZS580-02-0 (432),TRUE,FALSE,Prenatal Complete,1992-09-10,2026-04-20,,,,,,,,,,,,,
YMP799-01-A (176),4747F1,,,YMP799-01-A (176),4747F1,FALSE,FALSE,0-5 Month Complete,2025-02-25,2025-05-01,2025-05-29,,2025-05-26,2025-05-29,2025-05-29,2025-05-29,2025-05-29,,2025-06-19,2025-06-19,2025-05-29,2025-05-29,
LNM531-01-0 (475),4782P1,LNM531-01-0,475,4782P1,LNM531-01-0 (475),TRUE,FALSE,Prenatal Complete,1995-10-17,2025-09-16,,,,,,,,,,,,,
VHD766-01-A (218),4455F1,,,VHD766-01-A (218),4455F1,FALSE,FALSE,0-5 Month Complete,2025-08-28,2025-10-01,2025-11-20,,2025-11-14,2025-10-01,2026-01-31,2026-01-31,,,2026-01-31,2026-01-31,2026-01-31,2026-01-31,
JQN133-01-A (153),4102F1,,,JQN133-01-A (153),4102F1,FALSE,FALSE,0-5 Month Complete,2024-12-23,2025-01-10,2025-01-21,,2025-01-10,2025-01-13,2025-01-21,2025-01-21,2025-01-21,,,2025-01-21,,,
MMV961-01-A (581),4427F1,,,MMV961-01-A (581),4427F1,FALSE,FALSE,0-5 Month Complete,2025-01-07,2025-03-22,2025-06-27,,2025-06-23,2025-03-25,2025-07-03,2025-07-03,2025-07-03,,2025-07-03,2025-07-03,2025-07-03,2025-07-03,
LMX568-01-0 (135),4768P1,LMX568-01-0,135,4768P1,LMX568-01-0 (135),TRUE,FALSE,Prenatal Complete,1986-09-27,2025-06-27,,,,,,,,,,,,,
NCG882-01-0 (277),4106P1,NCG882-01-0,277,4106P1,NCG882-01-0 (277),TRUE,FALSE,Prenatal Complete,1998-11-23,2024-07-02,,,,,,,,,,,,,
RZV201-01-A (746),4133F1,,,RZV201-01-A (746),4133F1,FALSE,FALSE,0-5 Month Complete,2025-04-01,2025-05-15,,,,2025-09-28,,,,,,,,,
YQX985-01-0 (795),4821P1,YQX985-01-0,795,4821P1,YQX985-01-0 (795),TRUE,FALSE,Prenatal Complete,1991-04-11,2026-05-07,,,,,,,,,,,,,
KKK768-01-0 (673),4171P1,KKK768-01-0,673,4171P1,KKK768-01-0 (673),TRUE,FALSE,Prenatal Complete,2004-03-06,2025-10-02,,,,,,,,,,,,,
NQD377-01-0 (607),4811P1,NQD377-01-0,607,4811P1,NQD377-01-0 (607),TRUE,FALSE,Traverse City,1990-10-03,2026-03-20,,,,,,,,,,,,,
FLN684-01-A (119),4176F1,,,FLN684-01-A (119),4176F1,FALSE,FALSE,0-5 Month Detroit,2026-04-30,2026-05-11,,,,,,,,,,,,,
TBK281-01-0 (343),4484P1,TBK281-01-0,343,4484P1,TBK281-01-0 (343),TRUE,FALSE,Flint,2001-11-28,2025-10-23,,,,,,,,,,,,,
GGF358-01-0 (179),4168P1,GGF358-01-0,179,4168P1,GGF358-01-0 (179),TRUE,FALSE,Prenatal Complete,1996-07-27,2025-09-08,,,,,,,,,,,,,
LVK846-01-0 (970),4479P1,LVK846-01-0,970,4479P1,LVK846-01-0 (970),TRUE,FALSE,Prenatal Complete,2000-03-29,2025-10-17,,,,,,,,,,,,,
RMH180-01-0 (475),4729P1,RMH180-01-0,475,4729P1,RMH180-01-0 (475),TRUE,FALSE,Prenatal Complete,1991-07-01,2024-07-19,,,,,,,,,,,,,
GRN417-01-A (152),4799F1,,,GRN417-01-A (152),4799F1,FALSE,FALSE,0-5 Month Traverse City,2026-04-15,2026-05-14,2026-05-21,,2026-05-21,2026-05-18,,,,,,,,,
KXF530-01-0 (508),4421P1,KXF530-01-0,508,4421P1,KXF530-01-0 (508),TRUE,FALSE,Prenatal Complete,1983-02-11,2024-07-15,,,,,,,,,,,,,
RSZ202-01-0 (102),4462P1,RSZ202-01-0,102,4462P1,RSZ202-01-0 (102),TRUE,FALSE,Prenatal Complete,2004-01-20,2025-06-25,,,,,,,,,,,,,
DYK248-01-A (251),4453F1,,,DYK248-01-A (251),4453F1,FALSE,FALSE,0-5 Month Complete,2025-06-17,2025-06-24,2025-11-20,,2025-11-14,2025-07-30,2025-11-20,2025-11-20,2025-11-20,,2025-11-20,2025-11-20,2025-11-20,2025-11-20,
BXJ770-02-A (152),4499F1,,,BXJ770-02-A (152),4499F1,FALSE,FALSE,0-5 Month Flint,2026-07-31,2026-08-11,,,,,,,2026-08-13,,,,,,
NDP128-01-0 (376),4701P1,NDP128-01-0,376,4701P1,NDP128-01-0 (376),TRUE,FALSE,Prenatal Complete,1986-05-22,2024-07-19,,,,,,,,,,,,,
VDW899-01-B (978),4731F2,,,VDW899-01-B (978),4731F2,FALSE,FALSE,0-5 Month Complete,2024-10-26,2025-02-13,2025-02-19,,2025-02-14,2025-02-17,2026-02-19,,2025-02-19,,2025-02-19,2025-02-19,,,
ZNN648-01-0 (267),4522P1,ZNN648-01-0,267,4522P1,ZNN648-01-0 (267),TRUE,FALSE,Flint,1991-01-27,2026-08-27,,,,,,,,,,,,,
GZR716-01-0 (136),4737P1,GZR716-01-0,136,4737P1,GZR716-01-0 (136),TRUE,FALSE,Prenatal Complete,1991-03-28,2024-09-13,,,,,,,,,,,,,
SBH525-01-0 (244),4716P1,SBH525-01-0,244,4716P1,SBH525-01-0 (244),TRUE,FALSE,Prenatal Complete,1991-06-03,2024-07-19,,,,,,,,,,,,,
LZV055-01-0 (201),4724P1,LZV055-01-0,201,4724P1,LZV055-01-0 (201),TRUE,FALSE,Prenatal Complete,1992-11-21,2024-07-19,,,,,,,,,,,,,
CCC242-01-0 (452),4714P1,CCC242-01-0,452,4714P1,CCC242-01-0 (452),TRUE,FALSE,Prenatal Complete,1989-03-20,2024-07-19,,,,,,,,,,,,,
VQH840-01-0 (838),4755P1,VQH840-01-0,838,4755P1,VQH840-01-0 (838),TRUE,FALSE,Prenatal Complete,1995-07-08,2025-05-14,,,,,,,,,,,,,
SLX595-01-A (911),4813F1,,,SLX595-01-A (911),4813F1,FALSE,FALSE,0-5 Month Traverse City,2026-09-10,2026-10-08,,,,,,,2026-10-08,,,,,,
JYR948-01-0 (333),4711P1,JYR948-01-0,333,4711P1,JYR948-01-0 (333),TRUE,FALSE,Prenatal Complete,1989-09-09,2024-07-19,,,,,,,,,,,,,
TPW315-01-A (713),4432F1,,,TPW315-01-A (713),4432F1,FALSE,FALSE,0-5 Month Complete,2025-02-28,2025-03-22,2025-05-31,,2025-06-03,2025-03-30,2025-06-07,2025-06-07,2025-06-07,,2025-06-07,,2025-06-07,2025-06-07,
RXZ141-01-0 (333),4521P1,RXZ141-01-0,333,4521P1,RXZ141-01-0 (333),TRUE,FALSE,Flint,1990-11-12,2026-08-20,,,,,,,,,,,,,
BSM142-01-A (822),4402F1,,,BSM142-01-A (822),4402F1,FALSE,FALSE,0-5 Month Complete,2024-11-05,2025-03-19,,,,,,,,,,,,,
MKV454-01-A (416),4192F1,,,MKV454-01-A (416),4192F1,FALSE,FALSE,0-5 Month Detroit,2026-09-14,2026-10-08,,,,,,,,,,,,,
DLW793-01-0 (805),4412P1,DLW793-01-0,805,4412P1,DLW793-01-0 (805),TRUE,FALSE,Prenatal Complete,1988-02-14,2024-07-02,,,,,,,,,,,,,
BLK940-01-0 (145),4109P1,BLK940-01-0,145,4109P1,BLK940-01-0 (145),TRUE,FALSE,Prenatal Complete,1998-08-20,2024-07-02,,,,,,,,,,,,,
RZY993-02-0 (894),4515P1,RZY993-02-0,894,4515P1,RZY993-02-0 (894),TRUE,FALSE,Flint,2004-10-23,2026-07-13,,,,,,,,,,,,,
ZLX499-01-0 (663),4776P1,ZLX499-01-0,663,4776P1,ZLX499-01-0 (663),TRUE,FALSE,Prenatal Complete,1998-09-21,2025-09-10,,,,,,,,,,,,,
PLD055-01-0 (277),4734P1,PLD055-01-0,277,4734P1,PLD055-01-0 (277),TRUE,FALSE,Prenatal Complete,1990-05-13,2024-08-14,,,,,,,,,,,,,
JBV363-01-0 (409),4763P1,JBV363-01-0,409,4763P1,JBV363-01-0 (409),TRUE,FALSE,Prenatal Complete,1988-07-04,2025-06-24,,,,,,,,,,,,,
KGN694-01-0 (574),4764P1,KGN694-01-0,574,4764P1,KGN694-01-0 (574),TRUE,FALSE,Prenatal Complete,1991-06-21,2025-06-24,,,,,,,,,,,,,
KSV514-01-0 (937),4509P1,KSV514-01-0,937,4509P1,KSV514-01-0 (937),TRUE,FALSE,Flint,1994-08-17,2026-06-10,,,,,,,,,,,,,
XKQ019-01-A (515),4705F1,,,XKQ019-01-A (515),4705F1,FALSE,FALSE,0-5 Month Complete,2024-08-17,2024-11-22,2024-12-03,,2024-11-25,2024-12-03,2024-12-03,2024-12-03,2024-12-03,,2024-12-03,2024-12-03,2024-12-03,,
HVF853-01-0 (607),4495P1,HVF853-01-0,607,4495P1,HVF853-01-0 (607),TRUE,FALSE,Prenatal Complete,1994-03-31,2025-11-21,,,,,,,,,,,,,
LGT159-01-0 (673),4127P1,LGT159-01-0,673,4127P1,LGT159-01-0 (673),TRUE,FALSE,Prenatal Complete,1992-04-18,2024-10-18,,,,,,,,,,,,,
JLN021-02-0 (211),4838P1,JLN021-02-0,211,4838P1,JLN021-02-0 (211),TRUE,FALSE,Traverse City,1990-04-17,2026-09-02,,,,,,,,,,,,,
MMV961-01-0 (103),4427P1,MMV961-01-0,103,4427P1,MMV961-01-0 (103),TRUE,FALSE,Prenatal Complete,1986-10-13,2024-08-12,,,,,,,,,,,,,
LMX568-01-A (713),4768F1,,,LMX568-01-A (713),4768F1,FALSE,FALSE,0-5 Month Complete,2025-11-17,2026-02-01,,2026-02-16,,2026-02-16,,,2026-04-09,,,,,,
TBK281-01-A (921),4484F1,,,TBK281-01-A (921),4484F1,FALSE,FALSE,0-5 Month Flint,2026-03-28,2026-04-09,,,,,,,,,,,,,
XVP185-01-0 (399),4489P1,XVP185-01-0,399,4489P1,XVP185-01-0 (399),TRUE,FALSE,Prenatal Complete,2003-08-12,2025-11-12,,,,,,,,,,,,,
YND734-01-A (350),4706F1,,,YND734-01-A (350),4706F1,FALSE,FALSE,0-5 Month Complete,2024-09-18,2024-11-22,2024-12-06,,2024-11-25,2024-12-05,2024-12-06,2024-12-06,2024-12-06,,2024-12-06,2024-12-06,2024-12-06,,
VPB978-01-0 (103),4518P1,VPB978-01-0,103,4518P1,VPB978-01-0 (103),TRUE,FALSE,Flint,1998-12-09,2026-08-03,,,,,,,,,,,,,
YQX985-01-A (373),4821F1,,,YQX985-01-A (373),4821F1,FALSE,FALSE,0-5 Month Traverse City,2026-09-06,2026-09-10,2026-10-01,,2026-09-17,2026-09-14,,,2026-09-14,,,,,,
FGC147-01-A (393),4130F1,,,FGC147-01-A (393),4130F1,FALSE,FALSE,0-5 Month Complete,2025-04-18,2025-05-15,,,,,,,,,,,,,
LHC177-01-0 (145),4446P1,LHC177-01-0,145,4446P1,LHC177-01-0 (145),TRUE,FALSE,Flint,1994-11-25,2024-12-04,,,,,,,,,,,,,
XGN391-01-0 (805),4457P1,XGN391-01-0,805,4457P1,XGN391-01-0 (805),TRUE,FALSE,Prenatal Complete,1993-02-25,2025-04-07,,,,,,,,,,,,,
HRG544-01-0 (409),4121P1,HRG544-01-0,409,4121P1,HRG544-01-0 (409),TRUE,FALSE,Prenatal Complete,1987-11-21,2024-09-03,,,,,,,,,,,,,
YND734-01-0 (772),4706P1,YND734-01-0,772,4706P1,YND734-01-0 (772),TRUE,FALSE,Prenatal Complete,1994-06-16,2024-07-19,,,,,,,,,,,,,
LZV055-02-0 (234),4806P1,LZV055-02-0,234,4806P1,LZV055-02-0 (234),TRUE,FALSE,Traverse City,1992-11-21,2025-12-04,,,,,,,,,,,,,
SMZ551-01-A (746),4170F1,,,SMZ551-01-A (746),4170F1,FALSE,FALSE,0-5 Month Complete,2025-12-19,2026-01-09,,,,,,,,,,,,,
QVW747-01-A (109),4119F1,,,QVW747-01-A (109),4119F1,FALSE,FALSE,0-5 Month Complete,2025-01-24,2025-02-18,,,,2025-04-28,,,,,,,,,
JLN021-01-A (756),4745F1,,,JLN021-01-A (756),4745F1,FALSE,FALSE,0-5 Month Complete,2025-02-27,2025-04-22,2025-04-22,,,2025-04-22,2025-04-22,2025-04-22,2025-04-22,,2025-04-22,2025-04-22,2025-04-22,2025-04-22,
YCB161-01-0 (145),4490P1,YCB161-01-0,145,4490P1,YCB161-01-0 (145),TRUE,FALSE,Prenatal Complete,1989-02-19,2025-11-14,,,,,,,,,,,,,
MTH981-01-A (416),4110F1,,,MTH981-01-A (416),4110F1,FALSE,FALSE,0-5 Month Complete,2024-11-25,2026-07-15,,,,,,,,,,,,,
RZY993-01-0 (861),4406P1,RZY993-01-0,861,4406P1,RZY993-01-0 (861),TRUE,FALSE,Prenatal Complete,2004-10-23,2024-07-02,,,,,,,,,,,,,
JCX999-01-A (581),4420F1,,,JCX999-01-A (581),4420F1,FALSE,FALSE,0-5 Month Complete,2025-02-12,2025-03-21,,,,,,,,,,,,,
CLC701-01-0 (749),4430P1,CLC701-01-0,749,4430P1,CLC701-01-0 (749),TRUE,FALSE,Prenatal Complete,2002-12-10,2024-08-26,,,,,,,,,,,,,
WCV960-01-A (548),4155F1,,,WCV960-01-A (548),4155F1,FALSE,FALSE,0-5 Month Complete,2025-10-25,2025-12-11,2026-01-07,,2025-12-11,2025-12-11,2026-01-08,2026-01-08,2026-01-08,,2026-01-08,2026-01-08,2026-01-08,2026-01-08,
VFC610-01-A (723),4140F1,,,VFC610-01-A (723),4140F1,FALSE,FALSE,0-5 Month Complete,2025-06-04,2025-06-16,2025-10-22,,2025-10-10,,,,,,,,,,
DXH431-01-A (921),4752F1,,,DXH431-01-A (921),4752F1,FALSE,FALSE,0-5 Month Complete,2025-06-28,2025-07-08,2025-07-31,,2025-07-10,2025-07-09,2025-07-31,2025-07-31,2025-07-31,,2025-07-31,2025-07-31,2025-07-31,,
TKN820-01-0 (706),4472P1,TKN820-01-0,706,4472P1,TKN820-01-0 (706),TRUE,FALSE,Prenatal Complete,2006-01-30,2025-08-28,,,,,,,,,,,,,
PSQ576-01-A (779),4713F1,,,PSQ576-01-A (779),4713F1,FALSE,FALSE,0-5 Month Complete,2024-09-12,2025-02-13,2025-02-20,,2025-01-09,2025-02-20,2025-02-20,2025-02-20,2025-02-20,,2025-02-20,2025-02-20,,,
BVD945-01-A (987),4743F1,,,BVD945-01-A (987),4743F1,FALSE,FALSE,0-5 Month Complete,2025-03-06,2025-05-09,2025-05-29,,2025-05-26,2025-05-12,2025-05-29,2025-05-29,2025-05-29,,2025-05-29,2025-05-29,2025-05-29,2025-05-29,
XPJ670-01-0 (970),4732P1,XPJ670-01-0,970,4732P1,XPJ670-01-0 (970),TRUE,FALSE,Prenatal Complete,1985-12-14,2024-07-19,,,,,,,,,,,,,
NWN510-01-0 (772),4461P1,NWN510-01-0,772,4461P1,NWN510-01-0 (772),TRUE,FALSE,Prenatal Complete,1987-10-25,2025-06-25,,,,,,,,,,,,,
JCX999-02-0 (136),4516P1,JCX999-02-0,136,4516P1,JCX999-02-0 (136),TRUE,FALSE,Flint,2001-03-15,2026-08-04,,,,,,,,,,,,,
RSZ202-01-A (680),4462F1,,,RSZ202-01-A (680),4462F1,FALSE,FALSE,0-5 Month Complete,2025-12-02,2025-12-10,,,,2025-12-11,,,,,,,,,
YXJ085-01-0 (267),4422P1,YXJ085-01-0,267,4422P1,YXJ085-01-0 (267),TRUE,FALSE,Prenatal Complete,2005-07-06,2024-07-15,,,,,,,,,,,,,
KRR544-01-A (449),4408F1,,,KRR544-01-A (449),4408F1,FALSE,FALSE,0-5 Month Complete,2024-12-17,2025-03-21,2025-05-31,,2025-06-03,2025-03-29,2025-06-14,2025-06-14,2025-06-14,,,2025-06-14,2025-06-14,2025-06-14,
XKQ019-01-0 (937),4705P1,XKQ019-01-0,937,4705P1,XKQ019-01-0 (937),TRUE,FALSE,Prenatal Complete,1994-08-17,2024-07-19,,,,,,,,,,,,,
CDL346-01-A (525),4483F1,,,CDL346-01-A (525),4483F1,FALSE,FALSE,0-5 Month Flint,2026-05-11,2026-05-29,2026-08-14,,2026-08-14,2026-06-09,,,2026-06-19,,,,,,
NDG495-01-A (888),4709F1,,,NDG495-01-A (888),4709F1,FALSE,FALSE,0-5 Month Complete,2024-10-05,2024-11-22,2024-12-02,,2024-11-25,2024-12-03,2024-12-11,2024-12-11,2024-12-11,,2025-02-25,2025-02-25,2024-12-11,,
FQH249-01-0 (409),4740P1,FQH249-01-0,409,4740P1,FQH249-01-0 (409),TRUE,FALSE,Prenatal Complete,1988-05-01,2024-09-20,,,,,,,,,,,,,
TJJ345-01-0 (607),4771P1,TJJ345-01-0,607,4771P1,TJJ345-01-0 (607),TRUE,FALSE,Prenatal Complete,1998-01-27,2025-07-03,,,,,,,,,,,,,
FGC147-01-0 (815),4130P1,FGC147-01-0,815,4130P1,FGC147-01-0 (815),TRUE,FALSE,Prenatal Complete,2001-12-26,2024-11-08,,,,,,,,,,,,,
HHW537-01-A (251),4407F1,,,HHW537-01-A (251),4407F1,FALSE,FALSE,0-5 Month Complete,2024-10-03,2025-03-21,,,,,,,,,,,,,
XFH617-01-A (185),4742F1,,,XFH617-01-A (185),4742F1,FALSE,FALSE,0-5 Month Complete,2025-03-11,2025-04-30,2025-05-29,,2025-05-01,2025-05-08,2025-05-29,2025-05-29,2025-05-29,,2025-05-29,2025-05-29,2025-05-29,2025-05-29,
JDZ749-01-0 (871),4180P1,JDZ749-01-0,871,4180P1,JDZ749-01-0 (871),TRUE,FALSE,Prenatal Complete,1999-02-14,2026-01-07,,,,,,,,,,,,,
CVH892-01-A (185),4126F1,,,CVH892-01-A (185),4126F1,FALSE,FALSE,0-5 Month Complete,2025-03-25,2025-05-15,2025-06-03,,2025-05-30,2025-05-27,,,,,,,,,
FBF788-01-A (690),4474F1,,,FBF788-01-A (690),4474F1,FALSE,FALSE,0-5 Month Complete,2026-02-07,2026-02-24,,,,2026-02-25,,,2026-04-09,,,,,,
ZQR455-01-0 (366),4753P1,ZQR455-01-0,366,4753P1,ZQR455-01-0 (366),TRUE,FALSE,Prenatal Complete,1991-03-29,2025-02-12,,,,,,,,,,,,,
FGL622-01-A (624),4467F1,,,FGL622-01-A (624),4467F1,FALSE,FALSE,0-5 Month Complete,2025-11-27,2025-12-10,2026-04-10,,2026-04-03,2025-12-10,2026-04-10,2026-04-10,2026-04-09,,,2026-04-10,2026-04-10,2026-04-10,
YYB078-01-A (680),4428F1,,,YYB078-01-A (680),4428F1,FALSE,FALSE,0-5 Month Complete,2025-03-18,2025-04-02,2025-05-31,,2025-06-03,2025-05-24,2025-09-13,2025-09-13,2025-09-13,,2025-09-14,2025-09-14,2025-09-13,2025-09-13,
SBW730-01-A (251),4138F1,,,SBW730-01-A (251),4138F1,FALSE,FALSE,0-5 Month Complete,2025-06-23,2025-08-20,,,,2025-10-02,,,,,,,,,
MNZ485-01-0 (201),4510P1,MNZ485-01-0,201,4510P1,MNZ485-01-0 (201),TRUE,FALSE,Flint,2000-11-22,2026-06-16,,,,,,,,,,,,,
BWX346-01-A (515),4187F1,,,BWX346-01-A (515),4187F1,FALSE,FALSE,0-5 Month Detroit,2026-07-31,2026-08-04,2026-10-13,,2026-10-01,,,,,,,,,,
GYL243-01-0 (640),4114P1,GYL243-01-0,640,4114P1,GYL243-01-0 (640),TRUE,FALSE,Prenatal Complete,1989-09-21,2024-07-05,,,,,,,,,,,,,
JBV363-01-A (987),4763F1,,,JBV363-01-A (987),4763F1,FALSE,FALSE,0-5 Month Complete,2025-12-05,2026-01-10,2026-01-21,,2026-01-20,2026-01-10,2026-01-21,2026-01-21,2026-01-21,2026-01-21,2026-02-24,2026-02-24,2026-01-21,,
CZY408-01-A (647),4741F1,,,CZY408-01-A (647),4741F1,FALSE,FALSE,0-5 Month Complete,2025-02-17,2025-03-10,2025-03-19,,2025-03-12,2025-04-09,2025-04-09,2025-04-09,2025-04-09,,2025-04-09,2025-04-10,2025-04-09,2025-04-09,
VYC886-01-A (845),4809F1,,,VYC886-01-A (845),4809F1,FALSE,FALSE,0-5 Month Traverse City,2026-06-18,2026-08-05,,2026-08-25,,2026-08-25,,,2026-08-06,,,,,,
CJF735-01-0 (113),4441P1,CJF735-01-0,113,4441P1,CJF735-01-0 (113),TRUE,FALSE,Prenatal Complete,2001-07-19,2024-11-07,,,,,,,,,,,,,
VXJ013-01-0 (871),4198P1,VXJ013-01-0,871,4198P1,VXJ013-01-0 (871),TRUE,FALSE,Detroit,1993-02-22,2026-05-15,,,,,,,,,,,,,
WVK885-01-0 (432),4789P1,WVK885-01-0,432,4789P1,WVK885-01-0 (432),TRUE,FALSE,Prenatal Complete,2001-03-30,2025-09-26,,,,,,,,,,,,,
TTY851-01-0 (498),4134P1,TTY851-01-0,498,4134P1,TTY851-01-0 (498),TRUE,FALSE,Prenatal Complete,1995-01-07,2024-11-15,,,,,,,,,,,,,
CPS604-01-A (153),4115F1,,,CPS604-01-A (153),4115F1,FALSE,FALSE,0-5 Month Complete,2025-01-30,2025-02-18,2025-05-05,,2025-04-10,2025-04-02,,,,,,,,,
YNF452-01-0 (739),4417P1,YNF452-01-0,739,4417P1,YNF452-01-0 (739),TRUE,FALSE,Prenatal Complete,1993-02-25,2024-07-02,,,,,,,,,,,,,
LZQ650-01-0 (169),4101P1,LZQ650-01-0,169,4101P1,LZQ650-01-0 (169),TRUE,FALSE,Prenatal Complete,2002-10-31,2024-07-02,,,,,,,,,,,,,
PHN877-03-0 (937),4840P1,PHN877-03-0,937,4840P1,PHN877-03-0 (937),TRUE,FALSE,Traverse City,1984-12-28,2026-10-05,,,,,,,,,,,,,
GZD028-01-A (120),4413F1,,,GZD028-01-A (120),4413F1,FALSE,FALSE,0-5 Month Complete,2024-12-13,2025-03-21,,,,2025-04-14,,,,,,,,,
QVW747-01-0 (531),4119P1,QVW747-01-0,531,4119P1,QVW747-01-0 (531),TRUE,FALSE,Prenatal Complete,1999-03-11,2024-08-09,,,,,,,,,,,,,
ZYG995-01-0 (564),4829P1,ZYG995-01-0,564,4829P1,ZYG995-01-0 (564),TRUE,FALSE,Traverse City,1994-08-31,2026-05-26,,,,,,,,,,,,,
YJQ442-01-0 (937),4169P1,YJQ442-01-0,937,4169P1,YJQ442-01-0 (937),TRUE,FALSE,Prenatal Complete,1991-05-23,2025-09-18,,,,,,,,,,,,,
NPM662-01-A (350),4409F1,,,NPM662-01-A (350),4409F1,FALSE,FALSE,0-5 Month Complete,2024-10-19,2025-03-21,,,,2025-03-22,,,,,,,,,
DRG448-01-0 (376),4498P1,DRG448-01-0,376,4498P1,DRG448-01-0 (376),TRUE,FALSE,Flint,2001-11-19,2026-02-25,,,,,,,,,,,,,
QRK467-02-0 (772),4154P1,QRK467-02-0,772,4154P1,QRK467-02-0 (772),TRUE,FALSE,Prenatal Complete,1991-04-10,2025-06-25,,,,,,,,,,,,,
KML208-01-0 (409),4163P1,KML208-01-0,409,4163P1,KML208-01-0 (409),TRUE,FALSE,Prenatal Complete,1990-01-27,2025-08-15,,,,,,,,,,,,,
DFB473-01-B (361),4456F2,,,DFB473-01-B (361),4456F2,FALSE,FALSE,0-5 Month Complete,2025-06-13,2025-07-02,2025-10-16,,2025-10-02,2025-10-02,,,,,,,,,
NRD487-01-0 (706),4749P1,NRD487-01-0,706,4749P1,NRD487-01-0 (706),TRUE,FALSE,Traverse City,1993-05-11,2024-09-30,,,,,,,,,,,,,
BXJ770-01-0 (541),4418P1,BXJ770-01-0,541,4418P1,BXJ770-01-0 (541),TRUE,FALSE,Prenatal Complete,1993-05-07,2024-07-02,,,,,,,,,,,,,
PPF902-01-0 (508),4150P1,PPF902-01-0,508,4150P1,PPF902-01-0 (508),TRUE,FALSE,Prenatal Complete,1989-08-18,2025-05-02,,,,,,,,,,,,,
GVK177-01-A (284),4189F1,,,GVK177-01-A (284),4189F1,FALSE,FALSE,0-5 Month Detroit,2026-05-22,2026-06-17,2026-10-13,,2026-09-30,2026-09-30,,,2026-09-30,,,,,,
GJP886-01-A (284),4505F1,,,GJP886-01-A (284),4505F1,FALSE,FALSE,0-5 Month Flint,2026-08-28,2026-09-29,,,,,,,,,,,,,
HYM398-01-A (647),4807F1,,,HYM398-01-A (647),4807F1,FALSE,FALSE,0-5 Month Complete,2026-04-26,2026-05-14,,2026-05-15,,2026-05-15,2026-07-10,2026-07-10,2026-05-15,,2026-07-10,2026-07-10,2026-07-10,2026-07-10,2026-07-10
YMF346-01-0 (772),4718P1,YMF346-01-0,772,4718P1,YMF346-01-0 (772),TRUE,FALSE,Prenatal Complete,1991-04-09,2024-07-19,,,,,,,,,,,,,
GRM073-01-A (153),4122F1,,,GRM073-01-A (153),4122F1,FALSE,FALSE,0-5 Month Complete,2025-01-10,2025-02-18,2025-04-09,,2025-04-01,2025-03-31,2025-04-09,2025-04-09,2025-04-09,,,2025-04-09,2025-04-09,2025-04-09,
TLN478-01-A (614),4781F1,,,TLN478-01-A (614),4781F1,FALSE,FALSE,0-5 Month Traverse City,2026-03-09,2026-03-18,,2026-04-09,,2026-03-20,2026-04-29,2026-04-29,2026-03-20,,,,,,
XRB073-01-0 (673),4164P1,XRB073-01-0,673,4164P1,XRB073-01-0 (673),TRUE,FALSE,Prenatal Complete,2002-11-19,2025-08-21,,,,,,,,,,,,,
WGL767-01-0 (937),4757P1,WGL767-01-0,937,4757P1,WGL767-01-0 (937),TRUE,FALSE,Prenatal Complete,1993-11-11,2025-06-14,,,,,,,,,,,,,
GZR716-01-A (614),4737F1,,,GZR716-01-A (614),4737F1,FALSE,FALSE,0-5 Month Complete,2025-02-20,2025-04-30,2025-05-12,,2025-05-01,2025-04-30,2025-05-12,2025-05-12,2025-05-12,,2025-05-12,2025-05-12,2025-05-12,2025-05-12,
TPW315-01-0 (135),4432P1,TPW315-01-0,135,4432P1,TPW315-01-0 (135),TRUE,FALSE,Prenatal Complete,1993-11-20,2024-08-26,,,,,,,,,,,,,
KLZ533-01-0 (871),4404P1,KLZ533-01-0,871,4404P1,KLZ533-01-0 (871),TRUE,FALSE,Prenatal Complete,1994-05-14,2024-07-02,,,,,,,,,,,,,
CPP633-01-A (120),4468F1,,,CPP633-01-A (120),4468F1,FALSE,FALSE,0-5 Month Complete,2026-01-06,2026-01-20,,,,2026-01-31,,,,,,,,,
PZJ271-01-A (515),4775F1,,,PZJ271-01-A (515),4775F1,FALSE,FALSE,0-5 Month Complete,2025-12-02,2025-12-05,2026-01-12,,2026-01-09,2025-12-08,2026-01-12,2026-01-12,2026-01-12,2026-01-12,2026-03-18,2026-03-18,2026-01-12,,
BWJ550-01-A (954),4440F1,,,BWJ550-01-A (954),4440F1,FALSE,FALSE,0-5 Month Complete,2025-05-07,2025-06-04,2025-09-25,,2025-09-09,2025-06-27,2025-09-25,2025-09-25,2025-09-25,,2025-09-25,2025-09-25,2025-09-25,2025-09-25,
QJL577-01-A (383),4717F1,,,QJL577-01-A (383),4717F1,FALSE,FALSE,0-5 Month Complete,2024-09-28,2025-01-31,2025-02-10,,2025-01-24,2025-02-09,2025-02-10,2025-02-10,2025-02-10,,2025-02-10,2025-02-10,2025-02-10,,
XPJ670-01-A (548),4732F1,,,XPJ670-01-A (548),4732F1,FALSE,FALSE,0-5 Month Complete,2024-11-25,2025-01-31,2025-02-10,,2025-02-03,,,,,,,,,,
GNX561-01-A (350),4460F1,,,GNX561-01-A (350),4460F1,FALSE,FALSE,0-5 Month Complete,2025-12-03,2025-12-10,,,,2025-12-18,,,2026-04-09,,,,,,
HWV734-01-0 (102),4796P1,HWV734-01-0,102,4796P1,HWV734-01-0 (102),TRUE,FALSE,Prenatal Complete,1991-01-27,2025-10-22,,,,,,,,,,,,,
GZD028-01-0 (442),4413P1,GZD028-01-0,442,4413P1,GZD028-01-0 (442),TRUE,FALSE,Prenatal Complete,1997-09-09,2024-07-02,,,,,,,,,,,,,
LSH641-01-A (119),4149F1,,,LSH641-01-A (119),4149F1,FALSE,FALSE,0-5 Month Complete,2025-10-22,2025-12-11,2025-12-11,,2025-12-11,2025-12-05,,,,,,,,,
BQV670-01-A (251),4500F1,,,BQV670-01-A (251),4500F1,FALSE,FALSE,0-5 Month Flint,2026-08-06,2026-08-11,,,,,,,2026-08-13,,,,,,
JTJ199-01-0 (838),4183P1,JTJ199-01-0,838,4183P1,JTJ199-01-0 (838),TRUE,FALSE,Prenatal Complete,1985-05-05,2026-02-06,,,,,,,,,,,,,
JYR948-01-A (911),4711F1,,,JYR948-01-A (911),4711F1,FALSE,FALSE,0-5 Month Complete,2024-09-12,2025-01-26,2025-01-27,,2025-01-09,2025-02-09,2025-01-27,2025-01-27,2025-01-27,,2025-01-27,2025-01-27,2025-01-27,,
HYM398-01-0 (169),4807P1,HYM398-01-0,169,4807P1,HYM398-01-0 (169),TRUE,FALSE,Prenatal Complete,1998-09-21,2025-12-04,,,,,,,,,,,,,
NEEDS 3.01 CONSENT TO REGISTER,4723F1,,,Needs 3.01 Consent to register,4723F1,FALSE,FALSE,0-5 Month Complete,2024-09-27,2026-06-17,,,,,,,,,,,,,
CZY408-01-0 (169),4741P1,CZY408-01-0,169,4741P1,CZY408-01-0 (169),TRUE,FALSE,Prenatal Complete,1987-04-27,2024-09-24,,,,,,,,,,,,,
NJJ950-01-0 (475),4513P1,NJJ950-01-0,475,4513P1,NJJ950-01-0 (475),TRUE,FALSE,Flint,1993-01-12,2026-06-16,,,,,,,,,,,,,
VXB964-01-0 (102),4203P1,VXB964-01-0,102,4203P1,VXB964-01-0 (102),TRUE,FALSE,Detroit,1988-03-05,2026-06-12,,,,,,,,,,,,,
ZWP028-01-0 (366),4822P1,ZWP028-01-0,366,4822P1,ZWP028-01-0 (366),TRUE,FALSE,Traverse City,2004-08-09,2026-05-07,,,,,,,,,,,,,
HWP759-01-0 (135),4181P1,HWP759-01-0,135,4181P1,HWP759-01-0 (135),TRUE,FALSE,Prenatal Complete,1996-11-26,2026-01-23,,,,,,,,,,,,,
JFL342-01-0 (112),4131P1,JFL342-01-0,112,4131P1,JFL342-01-0 (112),TRUE,FALSE,Prenatal Complete,1984-03-02,2024-11-08,,,,,,,,,,,,,
JBP890-01-0 (376),4172P1,JBP890-01-0,376,4172P1,JBP890-01-0 (376),TRUE,FALSE,Prenatal Complete,1997-08-06,2025-10-10,,,,,,,,,,,,,
GHD547-01-A (624),4791F1,,,GHD547-01-A (624),4791F1,FALSE,FALSE,0-5 Month Complete,2026-02-23,2026-03-09,,2026-03-18,,2026-02-17,2026-04-22,2026-04-22,2026-03-17,,2026-04-22,2026-04-22,,2026-04-22,
MHL306-01-0 (277),4830P1,MHL306-01-0,277,4830P1,MHL306-01-0 (277),TRUE,FALSE,Traverse City,1989-08-11,2026-06-02,,,,,,,,,,,,,
QBF961-01-A (822),4185F1,,,QBF961-01-A (822),4185F1,FALSE,FALSE,0-5 Month Detroit,2026-09-12,2026-09-28,,,,,,,,,,,,,
YQM393-01-0 (201),4835P1,YQM393-01-0,201,4835P1,YQM393-01-0 (201),TRUE,FALSE,Traverse City,1986-10-04,2026-07-07,,,,,,,,,,,,,
GBF935-01-0 (947),4193P1,GBF935-01-0,947,4193P1,GBF935-01-0 (947),TRUE,FALSE,Detroit,1995-10-18,2026-04-24,,,,,,,,,,,,,
ZQN091-01-0 (102),4761P1,ZQN091-01-0,102,4761P1,ZQN091-01-0 (102),TRUE,FALSE,Prenatal Complete,1991-04-29,2025-06-19,,,,,,,,,,,,,
TDX359-02-0 (169),4839P1,TDX359-02-0,169,4839P1,TDX359-02-0 (169),TRUE,FALSE,Traverse City,1997-10-01,2026-09-09,,,,,,,,,,,,,
GJG046-01-A (591),4494F1,,,GJG046-01-A (591),4494F1,FALSE,FALSE,0-5 Month Flint,2026-04-26,2026-05-29,2026-08-13,,,2026-06-03,2026-08-13,2026-08-13,2026-07-30,,,,2026-08-13,,
QQL383-01-A (449),4715F1,,,QQL383-01-A (449),4715F1,FALSE,FALSE,0-5 Month Complete,2024-10-15,2025-01-31,2025-02-10,,2025-01-09,2025-02-03,2025-02-20,2025-02-20,2025-02-20,,2025-02-20,2025-02-20,2025-02-20,,
NDG495-02-A (921),4784F1,,,NDG495-02-A (921),4784F1,FALSE,FALSE,0-5 Month Complete,2026-03-04,2026-03-09,2026-03-20,,2026-03-11,2026-03-10,2026-03-20,2026-03-20,2026-03-10,2026-03-20,,2026-03-20,2026-03-20,2026-03-20,
TBV278-01-0 (904),4795P1,TBV278-01-0,904,4795P1,TBV278-01-0 (904),TRUE,FALSE,Prenatal Complete,2004-10-23,2025-10-22,,,,,,,,,,,,,
SBZ481-01-0 (871),4808P1,SBZ481-01-0,871,4808P1,SBZ481-01-0 (871),TRUE,FALSE,Prenatal Complete,2002-10-31,2025-12-12,,,,,,,,,,,,,
BHB279-01-0 (881),4772P1,BHB279-01-0,881,4772P1,BHB279-01-0 (881),TRUE,FALSE,Prenatal Complete,1997-04-22,2025-07-25,,,,,,,,,,,,,
JBM041-02-0 (914),4825P1,JBM041-02-0,914,4825P1,JBM041-02-0 (914),TRUE,FALSE,Traverse City,2001-04-14,2026-05-21,,,,,,,,,,,,,
GJG046-01-0 (113),4494P1,GJG046-01-0,113,4494P1,GJG046-01-0 (113),TRUE,FALSE,Prenatal Complete,1998-04-01,2025-11-17,,,,,,,,,,,,,
WDL327-01-0 (574),4190P1,WDL327-01-0,574,4190P1,WDL327-01-0 (574),TRUE,FALSE,Prenatal Complete,1988-05-07,2026-03-25,,,,,,,,,,,,,
KPV524-01-0 (871),4765P1,KPV524-01-0,871,4765P1,KPV524-01-0 (871),TRUE,FALSE,Prenatal Complete,1989-09-24,2025-06-26,,,,,,,,,,,,,
SJH036-01-0 (409),4436P1,SJH036-01-0,409,4436P1,SJH036-01-0 (409),TRUE,FALSE,Prenatal Complete,1992-07-19,2024-10-09,,,,,,,,,,,,,
PHN877-02-A (482),4730F1,,,PHN877-02-A (482),4730F1,FALSE,FALSE,0-5 Month Complete,2024-11-02,2025-02-13,2025-02-25,,2025-02-14,2025-02-25,2025-02-25,2025-02-25,2025-02-25,,2025-02-25,2025-02-25,2025-02-25,,
KHN535-01-A (987),4794F1,,,KHN535-01-A (987),4794F1,FALSE,FALSE,0-5 Month Traverse City,2026-03-30,2026-04-10,2026-04-20,,2026-04-20,2026-04-10,2026-04-20,2026-04-20,2026-04-10,2026-04-20,,,2026-04-20,,
JNW534-01-A (416),4111F1,,,JNW534-01-A (416),4111F1,FALSE,FALSE,0-5 Month Complete,2024-12-17,2025-02-18,,,,,,,,,,,,,
KGN694-01-A (152),4764F1,,,KGN694-01-A (152),4764F1,FALSE,FALSE,0-5 Month Complete,2025-11-30,2026-01-10,,2026-02-20,,2026-01-14,2026-02-20,2026-02-20,2026-02-18,2026-04-21,2025-11-20,2026-02-20,2026-02-20,2026-02-20,
WDL327-01-A (152),4190F1,,,WDL327-01-A (152),4190F1,FALSE,FALSE,0-5 Month Detroit,2026-08-27,2026-09-10,,,,,,,,,,,,,
DDK216-01-0 (815),4217P1,DDK216-01-0,815,4217P1,DDK216-01-0 (815),TRUE,FALSE,Detroit,2004-09-17,2026-09-11,,,,,,,,,,,,,
LYY167-01-0 (399),4828P1,LYY167-01-0,399,4828P1,LYY167-01-0 (399),TRUE,FALSE,Traverse City,1998-06-23,2026-05-26,,,,,,,,,,,,,
KPT365-01-0 (904),4201P1,KPT365-01-0,904,4201P1,KPT365-01-0 (904),TRUE,FALSE,Detroit,2006-10-12,2026-06-05,,,,,,,,,,,,,
MJZ709-01-0 (136),4410P1,MJZ709-01-0,136,4410P1,MJZ709-01-0 (136),TRUE,FALSE,Prenatal Complete,1995-12-21,2024-07-02,,,,,,,,,,,,,
YXQ139-01-0 (498),4215P1,YXQ139-01-0,498,4215P1,YXQ139-01-0 (498),TRUE,FALSE,Pregnancy Loss,1998-11-29,2026-08-17,,,,,,,,,,,,,
RDL710-01-0 (277),4112P1,RDL710-01-0,277,4112P1,RDL710-01-0 (277),TRUE,FALSE,Prenatal Complete,1995-06-28,2024-07-02,,,,,,,,,,,,,
CDX218-01-0 (277),4179P1,CDX218-01-0,277,4179P1,CDX218-01-0 (277),TRUE,FALSE,Prenatal Complete,2005-01-25,2025-12-17,,,,,,,,,,,,,
WSG161-02-A (383),4824F1,,,WSG161-02-A (383),4824F1,FALSE,FALSE,0-5 Month Traverse City,2026-09-13,2026-10-02,,,,,,,,,,,,,
RMH180-01-A (153),4729F1,,,RMH180-01-A (153),4729F1,FALSE,FALSE,0-5 Month Complete,2024-10-18,2025-01-07,2025-01-08,,,2025-01-10,2025-01-08,2025-01-08,2025-01-08,,2025-01-08,2025-01-08,2025-01-08,,
HWP759-01-A (713),4181F1,,,HWP759-01-A (713),4181F1,FALSE,FALSE,0-5 Month Detroit,2026-08-16,2026-08-24,,2026-09-24,,,,,2026-09-24,,,,,,
CYS167-01-A (482),4411F1,,,CYS167-01-A (482),4411F1,FALSE,FALSE,0-5 Month Complete,2024-12-13,2025-03-21,2025-05-31,,2025-05-31,2025-04-04,2025-05-31,2025-05-31,,,2025-05-31,,2025-05-31,,
NCG882-01-A (855),4106F1,,,NCG882-01-A (855),4106F1,FALSE,FALSE,0-5 Month Complete,2024-11-29,2025-01-16,2025-02-12,,2025-01-23,2025-02-12,2025-02-12,2025-02-12,2025-02-12,,2025-02-12,2025-02-12,2025-02-12,,
QGY155-01-0 (871),4207P1,QGY155-01-0,871,4207P1,QGY155-01-0 (871),TRUE,FALSE,Detroit,1995-08-18,2026-06-26,,,,,,,,,,,,,
JFL874-01-0 (442),4511P1,JFL874-01-0,442,4511P1,JFL874-01-0 (442),TRUE,FALSE,Flint,1997-12-19,2026-06-16,,,,,,,,,,,,,
NGV392-01-A (350),4760F1,,,NGV392-01-A (350),4760F1,FALSE,FALSE,0-5 Month Complete,2025-11-20,2026-01-10,,2026-03-19,,2026-01-10,2026-02-21,2026-02-21,2026-02-20,2026-04-21,2026-02-24,2026-02-24,,,
GMB721-01-A (525),4434F1,,,GMB721-01-A (525),4434F1,FALSE,FALSE,0-5 Month Complete,2025-03-01,2025-04-28,2025-07-24,,2025-07-17,2025-06-25,,,,,,,,,
GDJ477-01-A (756),4725F1,,,GDJ477-01-A (756),4725F1,FALSE,FALSE,0-5 Month Complete,2024-10-15,2024-11-22,2024-12-03,,2024-11-25,2024-12-03,2024-12-03,2024-12-03,2024-12-03,,2024-12-03,2024-12-04,2024-12-03,,
KBB279-01-0 (980),4790P1,KBB279-01-0,980,4790P1,KBB279-01-0 (980),TRUE,FALSE,Prenatal Complete,1992-11-19,2025-10-01,,,,,,,,,,,,,
JBG482-01-0 (980),4482P1,JBG482-01-0,980,4482P1,JBG482-01-0 (980),TRUE,FALSE,Flint,1990-01-19,2025-10-21,,,,,,,,,,,,,
XGT144-01-A (449),4145F1,,,XGT144-01-A (449),4145F1,FALSE,FALSE,0-5 Month Complete,2025-08-27,2026-07-15,,,,,,,,,,,,,
PPF902-01-B (120),4150F2,,,PPF902-01-B (120),4150F2,FALSE,FALSE,0-5 Month Complete,2025-12-02,2026-01-05,2026-02-11,,2026-02-04,2026-02-11,2026-02-11,,2026-02-11,,2026-02-11,2026-02-11,,,
QHL554-01-0 (574),4785P1,QHL554-01-0,574,4785P1,QHL554-01-0 (574),TRUE,FALSE,Prenatal Complete,1998-10-15,2025-09-17,,,,,,,,,,,,,
BCB299-01-0 (782),4818P1,BCB299-01-0,782,4818P1,BCB299-01-0 (782),TRUE,FALSE,Traverse City,1998-09-02,2026-05-07,,,,,,,,,,,,,
WSG161-02-0 (805),4824P1,WSG161-02-0,805,4824P1,WSG161-02-0 (805),TRUE,FALSE,Traverse City,2000-06-01,2026-05-20,,,,,,,,,,,,,
WCN217-01-0 (541),4152P1,WCN217-01-0,541,4152P1,WCN217-01-0 (541),TRUE,FALSE,Prenatal Complete,1985-08-01,2025-05-16,,,,,,,,,,,,,
LGT159-02-A (284),4196F1,,,LGT159-02-A (284),4196F1,FALSE,FALSE,0-5 Month Detroit,2026-09-11,2026-09-28,,,,,,,,,,,,,
GRN417-01-0 (574),4799P1,GRN417-01-0,574,4799P1,GRN417-01-0 (574),TRUE,FALSE,Prenatal Complete,1993-07-04,2025-10-23,,,,,,,,,,,,,
QHF620-01-A (756),4726F1,,,QHF620-01-A (756),4726F1,FALSE,FALSE,0-5 Month Complete,2024-10-14,2025-01-30,2025-01-30,,,2025-02-03,2025-01-30,2025-01-30,2025-01-30,,2025-02-19,2025-02-19,2025-01-30,,
LVK846-01-A (548),4479F1,,,LVK846-01-A (548),4479F1,FALSE,FALSE,0-5 Month Complete,2026-02-14,2026-02-19,,,,2026-02-20,,,2026-04-09,,,,,,
NWN510-01-A (350),4461F1,,,NWN510-01-A (350),4461F1,FALSE,FALSE,0-5 Month Complete,2025-11-26,2025-12-10,2026-04-09,,2026-04-03,2025-12-13,2026-04-09,2026-04-09,2026-04-08,,2026-04-09,,2026-04-09,2026-04-09,
YRC466-01-0 (937),4783P1,YRC466-01-0,937,4783P1,YRC466-01-0 (937),TRUE,FALSE,Prenatal Complete,1992-04-17,2025-09-16,,,,,,,,,,,,,
FFM260-02-0 (113),4209P2,FFM260-02-0,113,4209P2,FFM260-02-0 (113),TRUE,FALSE,Detroit,2002-01-10,2026-07-14,,,,,,,,,,,,,
FBF788-01-0 (112),4474P1,FBF788-01-0,112,4474P1,FBF788-01-0 (112),TRUE,FALSE,Flint,1994-05-14,2025-09-18,,,,,,,,,,,,,
TJJ345-01-A (185),4771F1,,,TJJ345-01-A (185),4771F1,FALSE,FALSE,0-5 Month Complete,2025-11-26,2026-01-17,,2026-03-03,,2026-01-18,,,2026-03-03,,,,,,
KMN951-01-0 (640),4508P1,KMN951-01-0,640,4508P1,KMN951-01-0 (640),TRUE,FALSE,Flint,1995-10-04,2026-05-29,,,,,,,,,,,,,
WHT014-01-A (317),4493F1,,,WHT014-01-A (317),4493F1,FALSE,FALSE,0-5 Month Flint,2026-04-13,2026-05-29,,,,2026-06-09,,,,,,,,,
SLX595-01-0 (333),4813P1,SLX595-01-0,333,4813P1,SLX595-01-0 (333),TRUE,FALSE,Traverse City,1989-12-31,2026-04-16,,,,,,,,,,,,,
XYN414-01-0 (267),4750P1,XYN414-01-0,267,4750P1,XYN414-01-0 (267),TRUE,FALSE,Prenatal Complete,1994-03-29,2024-10-02,,,,,,,,,,,,,
XBR066-01-0 (739),4476P1,XBR066-01-0,739,4476P1,XBR066-01-0 (739),TRUE,FALSE,Prenatal Complete,1980-12-02,2025-09-30,,,,,,,,,,,,,
JLN021-01-0 (178),4745P1,JLN021-01-0,178,4745P1,JLN021-01-0 (178),TRUE,FALSE,Prenatal Complete,1990-04-17,2024-09-30,,,,,,,,,,,,,
JWP930-02-0 (937),4810P1,JWP930-02-0,937,4810P1,JWP930-02-0 (937),TRUE,FALSE,Prenatal Complete,1995-10-23,2025-12-12,,,,,,,,,,,,,
CKL621-01-0 (146),4128P1,CKL621-01-0,146,4128P1,CKL621-01-0 (146),TRUE,FALSE,Prenatal Complete,2000-10-22,2024-10-25,,,,,,,,,,,,,
KNV856-01-0 (169),4216P1,KNV856-01-0,169,4216P1,KNV856-01-0 (169),TRUE,FALSE,Detroit,1990-06-20,2026-09-11,,,,,,,,,,,,,
QZC678-01-A (680),4186F1,,,QZC678-01-A (680),4186F1,FALSE,FALSE,0-5 Month Detroit,2026-09-24,2026-10-08,,,,,,,,,,,,,
KDC458-01-0 (146),4173P1,KDC458-01-0,146,4173P1,KDC458-01-0 (146),TRUE,FALSE,Prenatal Complete,1997-10-11,2025-10-10,,,,,,,,,,,,,
SNM563-01-0 (871),4793P1,SNM563-01-0,871,4793P1,SNM563-01-0 (871),TRUE,FALSE,Prenatal Complete,1991-10-04,2025-10-13,,,,,,,,,,,,,
NNX593-01-0 (168),4798P1,NNX593-01-0,168,4798P1,NNX593-01-0 (168),TRUE,FALSE,Prenatal Complete,2007-01-04,2025-10-23,,,,,,,,,,,,,
FQH249-01-A (987),4740F1,,,FQH249-01-A (987),4740F1,FALSE,FALSE,0-5 Month Complete,2025-02-22,2025-08-06,,,,,,,,,,,,,
ZBM618-01-0 (739),4465P1,ZBM618-01-0,739,4465P1,ZBM618-01-0 (739),TRUE,FALSE,Prenatal Complete,1992-04-09,2025-07-09,,,,,,,,,,,,,
TKS011-01-0 (607),4501P1,TKS011-01-0,607,4501P1,TKS011-01-0 (607),TRUE,FALSE,Flint,2002-10-24,2026-03-05,,,,,,,,,,,,,
VHD766-01-0 (640),4455P1,VHD766-01-0,640,4455P1,VHD766-01-0 (640),TRUE,FALSE,Flint,1994-04-15,2025-02-14,,,,,,,,,,,,,
FQF816-01-A (921),4759F1,,,FQF816-01-A (921),4759F1,FALSE,FALSE,0-5 Month Complete,2025-11-13,2025-11-25,,2026-01-12,,2025-11-25,,,,,,,,,
KRR544-01-0 (871),4408P1,KRR544-01-0,871,4408P1,KRR544-01-0 (871),TRUE,FALSE,Prenatal Complete,2002-08-09,2024-07-02,,,,,,,,,,,,,
HQK219-01-0 (475),4135P1,HQK219-01-0,475,4135P1,HQK219-01-0 (475),TRUE,FALSE,Prenatal Complete,2003-04-16,2024-11-15,,,,,,,,,,,,,
KRW246-01-0 (103),4827P1,KRW246-01-0,103,4827P1,KRW246-01-0 (103),TRUE,FALSE,Traverse City,1995-02-03,2026-05-26,,,,,,,,,,,,,
WWW781-01-0 (696),4756P1,WWW781-01-0,696,4756P1,WWW781-01-0 (696),TRUE,FALSE,Prenatal Complete,1996-07-19,2025-05-16,,,,,,,,,,,,,
ZRH064-01-A (515),4458F1,,,ZRH064-01-A (515),4458F1,FALSE,FALSE,0-5 Month Complete,2025-10-15,2025-11-20,2026-04-10,,2026-04-03,2025-11-07,2026-04-13,2026-04-13,2026-04-13,,2026-04-13,2026-04-13,2026-04-13,2026-04-13,
KLZ533-01-A (449),4404F1,,,KLZ533-01-A (449),4404F1,FALSE,FALSE,0-5 Month Complete,2024-09-27,2025-03-19,,,,,,,,,,,,,
LGT159-02-0 (706),4196P2,LGT159-02-0,706,4196P2,LGT159-02-0 (706),TRUE,FALSE,Prenatal Complete,1992-04-18,2026-05-11,,,,,,,,,,,,,
MGW204-01-A (186),4142F1,,,MGW204-01-A (186),4142F1,FALSE,FALSE,0-5 Month Complete,2025-06-25,2025-07-09,2025-08-25,,2025-08-19,2025-08-18,2025-08-25,2025-08-25,2025-08-25,,2025-08-25,2025-08-25,,2025-08-25,
YKM485-01-0 (169),4478P1,YKM485-01-0,169,4478P1,YKM485-01-0 (169),TRUE,FALSE,Pregnancy Loss,2006-09-29,2025-10-06,,,,,,,,,,,,,
VZY119-01-0 (663),4424P1,VZY119-01-0,663,4424P1,VZY119-01-0 (663),TRUE,FALSE,Prenatal Complete,2001-03-18,2024-07-29,,,,,,,,,,,,,
NQS727-01-0 (169),4177P1,NQS727-01-0,169,4177P1,NQS727-01-0 (169),TRUE,FALSE,Prenatal Complete,2000-03-22,2025-12-05,,,,,,,,,,,,,
PQD023-01-0 (277),4826P1,PQD023-01-0,277,4826P1,PQD023-01-0 (277),TRUE,FALSE,Traverse City,1986-10-20,2026-05-26,,,,,,,,,,,,,
GDN788-01-0 (475),4712P1,GDN788-01-0,475,4712P1,GDN788-01-0 (475),TRUE,FALSE,Prenatal Complete,1999-06-03,2024-07-19,,,,,,,,,,,,,
GVK177-01-0 (706),4189P1,GVK177-01-0,706,4189P1,GVK177-01-0 (706),TRUE,FALSE,Prenatal Complete,1996-07-05,2026-03-20,,,,,,,,,,,,,
CZY180-01-A (548),4159F1,,,CZY180-01-A (548),4159F1,FALSE,FALSE,0-5 Month Complete,2025-12-09,2026-01-09,2026-04-18,,2026-04-09,2026-02-10,,,,,,,,,
LGG637-01-0 (277),4526P1,LGG637-01-0,277,4526P1,LGG637-01-0 (277),TRUE,FALSE,Flint,1997-08-01,2026-10-08,,,,,,,,,,,,,
WMD058-01-A (218),4788F1,,,WMD058-01-A (218),4788F1,FALSE,FALSE,0-5 Month Complete,2026-03-17,2026-04-22,,2026-04-30,,2026-04-27,2026-06-25,2026-08-26,2026-04-22,,2026-06-25,2026-06-25,2026-06-25,2026-06-25,2026-06-25
GDN788-01-A (153),4712F1,,,GDN788-01-A (153),4712F1,FALSE,FALSE,0-5 Month Complete,2024-08-31,2025-01-26,2025-02-10,,2025-01-09,2025-02-03,2025-02-10,2025-02-10,2025-02-10,,2025-02-11,2025-02-11,2025-02-10,,
LLZ021-01-0 (640),4405P1,LLZ021-01-0,640,4405P1,LLZ021-01-0 (640),TRUE,FALSE,Prenatal Complete,1995-04-03,2024-07-02,,,,,,,,,,,,,
KJR619-01-A (284),4426F1,,,KJR619-01-A (284),4426F1,FALSE,FALSE,0-5 Month Complete,2025-01-14,2025-03-22,2025-05-31,,2025-06-03,2025-03-22,2025-07-12,2025-07-12,2025-07-12,,,,2025-07-12,2025-07-12,
MJX352-01-A (350),4758F1,,,MJX352-01-A (350),4758F1,FALSE,FALSE,0-5 Month Complete,2025-11-15,2025-12-08,2026-01-15,,2026-01-09,2026-01-09,2026-01-15,2026-01-15,2026-01-15,2026-01-15,2026-02-24,2026-02-24,2026-01-15,,
QCD750-01-A (657),4487F1,,,QCD750-01-A (657),4487F1,FALSE,FALSE,0-5 Month Flint,2026-05-02,2026-05-29,,,,2026-06-03,,,2026-06-19,,,,,,
LTS268-01-A (680),4707F1,,,LTS268-01-A (680),4707F1,FALSE,FALSE,0-5 Month Complete,2024-08-29,2025-01-31,2025-02-22,,2025-01-09,2025-02-22,2025-02-22,2025-02-22,2025-02-22,,2025-02-22,2025-02-25,2025-02-22,,
TTY851-01-A (176),4134F1,,,TTY851-01-A (176),4134F1,FALSE,FALSE,0-5 Month Complete,2025-05-22,2025-06-06,2025-07-19,,2025-07-10,2025-10-25,2025-10-25,2025-10-25,2025-10-25,2025-10-25,2025-10-25,2025-10-25,2025-10-25,2025-10-25,
SMQ889-01-0 (333),4429P1,SMQ889-01-0,333,4429P1,SMQ889-01-0 (333),TRUE,FALSE,Prenatal Complete,2001-07-12,2024-08-19,,,,,,,,,,,,,
ZMK813-01-A (515),4444F1,,,ZMK813-01-A (515),4444F1,FALSE,FALSE,0-5 Month Complete,2025-04-24,2025-06-04,2025-09-04,,2025-09-02,2025-10-05,2025-10-06,2025-10-06,2025-10-06,,2025-10-06,,2025-10-06,2025-10-06,
XVP185-01-A (977),4489F1,,,XVP185-01-A (977),4489F1,FALSE,FALSE,0-5 Month Flint,2026-03-03,2026-04-09,2026-08-14,,2026-08-14,,,,2026-08-14,,,,,,
FNC855-01-0 (244),4443P1,FNC855-01-0,244,4443P1,FNC855-01-0 (244),TRUE,FALSE,Prenatal Complete,1999-08-08,2024-11-08,,,,,,,,,,,,,
RZS580-02-A (110),4814F1,,,RZS580-02-A (110),4814F1,FALSE,FALSE,0-5 Month Traverse City,2026-06-30,2026-08-05,,2026-08-25,,2026-08-25,,,2026-08-05,,,,,,
YRM458-01-0 (300),4105P1,YRM458-01-0,300,4105P1,YRM458-01-0 (300),TRUE,FALSE,Prenatal Complete,1996-02-06,2024-07-02,,,,,,,,,,,,,
QBF961-01-0 (244),4185P1,QBF961-01-0,244,4185P1,QBF961-01-0 (244),TRUE,FALSE,Prenatal Complete,2003-02-21,2026-02-20,,,,,,,,,,,,,
PVP473-01-A (713),4123F1,,,PVP473-01-A (713),4123F1,FALSE,FALSE,0-5 Month Complete,2025-03-28,2025-05-15,2025-07-18,,2025-07-11,,,,,,,,,,
SJJ762-01-A (251),4786F1,,,SJJ762-01-A (251),4786F1,FALSE,FALSE,0-5 Month Complete,2026-02-18,2026-03-09,2026-04-07,,2026-03-24,2026-03-16,2026-04-07,2026-04-07,2026-03-19,,2026-04-21,2026-04-21,2026-04-07,2026-04-21,
YRM458-01-A (878),4105F1,,,YRM458-01-A (878),4105F1,FALSE,FALSE,0-5 Month Complete,2024-09-06,2025-02-18,,,,,,,,,,,,,
MNR068-01-0 (838),4721P1,MNR068-01-0,838,4721P1,MNR068-01-0 (838),TRUE,FALSE,Prenatal Complete,1995-09-02,2024-07-19,,,,,,,,,,,,,
VKD996-01-A (482),4139F1,,,VKD996-01-A (482),4139F1,FALSE,FALSE,0-5 Month Complete,2025-07-13,2025-07-14,2025-09-15,,,2025-09-04,2025-09-15,2025-09-15,2025-09-16,,2025-09-15,2025-09-15,2025-09-15,2025-09-15,
WNT485-01-0 (333),4166P1,WNT485-01-0,333,4166P1,WNT485-01-0 (333),TRUE,FALSE,Detroit,2001-10-23,2025-08-22,,,,,,,,,,,,,
JBP890-01-A (954),4172F1,,,JBP890-01-A (954),4172F1,FALSE,FALSE,0-5 Month Complete,2026-02-24,2026-03-20,,,2026-06-18,2026-05-19,,,2026-06-16,,,,,,
VXZ462-01-0 (663),4450P1,VXZ462-01-0,663,4450P1,VXZ462-01-0 (663),TRUE,FALSE,Flint,1999-08-20,2024-12-18,,,,,,,,,,,,,
CTT657-01-A (482),4435F1,,,CTT657-01-A (482),4435F1,FALSE,FALSE,0-5 Month Complete,2025-04-22,2025-12-10,,,,,,,,,,,,,
MLT236-01-A (317),4815F1,,,MLT236-01-A (317),4815F1,FALSE,FALSE,0-5 Month Traverse City,2026-08-15,2026-10-08,,,,2026-10-08,,,,,,,,,
NSQ870-01-0 (136),4704P1,NSQ870-01-0,136,4704P1,NSQ870-01-0 (136),TRUE,FALSE,Prenatal Complete,1988-10-15,2024-07-19,,,,,,,,,,,,,
QST675-01-A (911),4148F1,,,QST675-01-A (911),4148F1,FALSE,FALSE,0-5 Month Complete,2025-10-21,2025-12-11,2025-12-11,,2025-12-11,2025-12-05,2026-01-06,2026-01-06,2026-01-06,2026-04-21,,2026-01-06,2026-01-06,2026-01-06,
XTL216-01-A (614),4801F1,,,XTL216-01-A (614),4801F1,FALSE,FALSE,0-5 Month Complete,2026-03-31,2026-04-22,2026-05-19,,,2026-05-19,2026-05-19,2026-05-19,2026-05-11,2026-05-20,,,2026-05-19,,
LDB835-01-A (591),4803F1,,,LDB835-01-A (591),4803F1,FALSE,FALSE,0-5 Month Traverse City,2026-06-09,2026-08-05,2026-08-06,,,2026-08-06,2026-08-06,2026-08-06,2026-08-06,,,,2026-08-06,,
MPP904-01-0 (805),4506P1,MPP904-01-0,805,4506P1,MPP904-01-0 (805),TRUE,FALSE,Flint,1995-10-13,2026-05-11,,,,,,,,,,,,,
CKJ511-01-0 (914),4770P1,CKJ511-01-0,914,4770P1,CKJ511-01-0 (914),TRUE,FALSE,Prenatal Complete,2002-09-08,2025-06-27,,,,,,,,,,,,,
ZGC044-01-0 (343),4459P1,ZGC044-01-0,343,4459P1,ZGC044-01-0 (343),TRUE,FALSE,Prenatal Complete,2005-05-09,2025-06-04,,,,,,,,,,,,,
CSS863-02-A (416),4103F1,,,CSS863-02-A (416),4103F1,FALSE,FALSE,0-5 Month Complete,2024-07-22,2024-10-17,2024-12-04,,,2024-11-13,2024-12-05,2024-12-05,,2024-12-05,,2024-12-05,2024-12-05,,
WRD249-01-0 (871),4751P1,WRD249-01-0,871,4751P1,WRD249-01-0 (871),TRUE,FALSE,Prenatal Complete,2004-11-20,2024-10-02,,,,,,,,,,,,,
JDZ749-01-A (449),4180F1,,,JDZ749-01-A (449),4180F1,FALSE,FALSE,0-5 Month Detroit,2026-05-30,2026-06-15,,,,2026-09-10,,,2026-09-18,,,,,,
NNX593-01-A (746),4798F1,,,NNX593-01-A (746),4798F1,FALSE,FALSE,0-5 Month Traverse City,2026-04-07,2026-04-22,2026-05-21,,2026-05-21,2026-05-11,2026-05-21,2026-05-21,2026-05-15,,,,2026-05-21,,
YXJ085-01-A (845),4422F1,,,YXJ085-01-A (845),4422F1,FALSE,FALSE,0-5 Month Complete,2025-02-15,2025-03-21,,,,,,,,,,,,,
BHL971-01-0 (178),4447P1,BHL971-01-0,178,4447P1,BHL971-01-0 (178),TRUE,FALSE,Flint,1999-04-29,2024-12-04,,,,,,,,,,,,,
JWP930-02-A (515),4810F1,,,JWP930-02-A (515),4810F1,FALSE,FALSE,0-5 Month Complete,2026-04-29,2026-06-02,2026-06-08,,2026-06-08,2026-06-03,2026-06-08,2026-06-08,2026-06-03,2026-09-24,2026-06-23,2026-06-23,2026-06-08,2026-06-23,2026-06-23
MJX352-01-0 (772),4758P1,MJX352-01-0,772,4758P1,MJX352-01-0 (772),TRUE,FALSE,Prenatal Complete,1993-04-13,2025-06-18,,,,,,,,,,,,,
YQX985-01-B (407),4821F2,,,YQX985-01-B (407),4821F2,FALSE,FALSE,0-5 Month Traverse City,2026-09-06,2026-09-10,2026-10-01,,2026-09-17,2026-09-10,,,2026-09-10,,,,,,
KJR619-01-0 (706),4426P1,KJR619-01-0,706,4426P1,KJR619-01-0 (706),TRUE,FALSE,Prenatal Complete,1998-09-26,2024-07-31,,,,,,,,,,,,,
QDZ468-01-0 (136),4162P1,QDZ468-01-0,136,4162P1,QDZ468-01-0 (136),TRUE,FALSE,Prenatal Complete,1998-04-12,2025-07-31,,,,,,,,,,,,,
XPK044-01-A (416),4144F1,,,XPK044-01-A (416),4144F1,FALSE,FALSE,0-5 Month Complete,2025-07-24,2025-08-01,2025-10-20,,2025-10-10,2025-09-18,2025-10-20,2025-10-20,2025-10-20,,2025-10-20,2025-10-20,,2025-10-20,
PVP473-01-0 (135),4123P1,PVP473-01-0,135,4123P1,PVP473-01-0 (135),TRUE,FALSE,Prenatal Complete,2005-11-12,2024-09-27,,,,,,,,,,,,,
MTH981-01-0 (838),4110P1,MTH981-01-0,838,4110P1,MTH981-01-0 (838),TRUE,FALSE,Prenatal Complete,1984-10-18,2024-07-02,,,,,,,,,,,,,
LZW769-01-0 (630),4832P1,LZW769-01-0,630,4832P1,LZW769-01-0 (630),TRUE,FALSE,Traverse City,2003-07-24,2026-06-26,,,,,,,,,,,,,
XXW266-01-A (274),4157F1,,,XXW266-01-A (274),4157F1,FALSE,FALSE,0-5 Month Complete,2025-11-22,2025-12-11,,,,,,,,,,,,,
RDK869-01-0 (739),4104P1,RDK869-01-0,739,4104P1,RDK869-01-0 (739),TRUE,FALSE,Prenatal Complete,2005-07-11,2024-07-02,,,,,,,,,,,,,
GNX561-01-0 (772),4460P1,GNX561-01-0,772,4460P1,GNX561-01-0 (772),TRUE,FALSE,Prenatal Complete,1993-03-29,2025-06-12,,,,,,,,,,,,,
KPV524-01-A (449),4765F1,,,KPV524-01-A (449),4765F1,FALSE,FALSE,0-5 Month Complete,2025-12-08,2026-01-10,,2026-03-26,,2026-02-12,2026-05-11,2026-05-11,2026-04-09,,2026-05-11,2026-05-11,,2026-05-11,2026-05-07
RDC147-01-A (690),4739F1,,,RDC147-01-A (690),4739F1,FALSE,FALSE,0-5 Month Complete,2025-02-06,2025-03-05,2025-04-22,,2025-04-07,2025-03-18,2025-04-22,2025-04-22,2025-04-22,,2025-04-16,2025-04-16,2025-04-22,2025-04-22,
XFP756-01-0 (103),4182P1,XFP756-01-0,103,4182P1,XFP756-01-0 (103),TRUE,FALSE,Prenatal Complete,1991-04-01,2026-02-06,,,,,,,,,,,,,
XTZ385-01-0 (729),4204P1,XTZ385-01-0,729,4204P1,XTZ385-01-0 (729),TRUE,FALSE,Detroit,2000-03-22,2026-06-12,,,,,,,,,,,,,
CKX033-01-A (921),4143F1,,,CKX033-01-A (921),4143F1,FALSE,FALSE,0-5 Month Complete,2025-06-21,2025-08-20,,,,2025-09-03,,,,,,,,,
SLF955-01-A (317),4485F1,,,SLF955-01-A (317),4485F1,FALSE,FALSE,0-5 Month Complete,2026-01-05,2026-02-19,,2026-06-03,,2026-06-17,,,2026-04-09,,,,,,
ZGC044-01-A (921),4459F1,,,ZGC044-01-A (921),4459F1,FALSE,FALSE,0-5 Month Complete,2025-11-25,2025-12-10,2026-04-17,,2026-04-09,2025-12-10,2026-04-17,2026-04-17,2026-04-08,,2026-04-17,2026-04-17,2026-04-17,2026-04-17,2026-04-17
KWV665-01-A (878),4416F1,,,KWV665-01-A (878),4416F1,FALSE,FALSE,0-5 Month Complete,2025-01-15,2025-03-21,,,,2025-07-09,,,,,,,,,
FZV796-01-A (977),4766F1,,,FZV796-01-A (977),4766F1,FALSE,FALSE,0-5 Month Complete,2025-11-18,2025-12-02,,,2026-02-18,2025-12-04,2026-02-13,2026-02-13,2026-02-10,2026-03-24,2026-02-13,2026-02-13,2026-02-13,2026-02-13,
NQW810-01-A (548),4464F1,,,NQW810-01-A (548),4464F1,FALSE,FALSE,0-5 Month Complete,2025-11-14,2025-12-10,2026-04-09,,2026-04-03,2026-02-03,2026-04-09,2026-04-09,2026-04-08,,2026-04-09,,2026-04-09,2026-04-09,
JDX936-01-0 (739),4445P1,JDX936-01-0,739,4445P1,JDX936-01-0 (739),TRUE,FALSE,Flint,2003-08-20,2024-11-20,,,,,,,,,,,,,
SGC378-01-0 (442),4205P1,SGC378-01-0,442,4205P1,SGC378-01-0 (442),TRUE,FALSE,Detroit,1994-10-12,2026-06-22,,,,,,,,,,,,,
CBT926-01-0 (277),4488P1,CBT926-01-0,277,4488P1,CBT926-01-0 (277),TRUE,FALSE,Prenatal Complete,1997-08-23,2025-11-10,,,,,,,,,,,,,
PPF902-01-A (186),4150F1,,,PPF902-01-A (186),4150F1,FALSE,FALSE,0-5 Month Complete,2025-12-02,2026-01-05,2026-02-11,,2026-02-04,2026-02-02,2026-02-10,2026-02-10,2026-02-11,,2026-02-10,,,2026-02-10,
HHW537-01-0 (673),4407P1,HHW537-01-0,673,4407P1,HHW537-01-0 (673),TRUE,FALSE,Prenatal Complete,2002-05-14,2024-07-02,,,,,,,,,,,,,
BNJ340-01-0 (980),4469P1,BNJ340-01-0,980,4469P1,BNJ340-01-0 (980),TRUE,FALSE,Prenatal Complete,2000-11-03,2025-08-02,,,,,,,,,,,,,
RRB727-01-A (251),4746F1,,,RRB727-01-A (251),4746F1,FALSE,FALSE,0-5 Month Complete,2025-03-13,2025-04-30,2025-05-16,,2025-05-01,2025-05-15,2025-05-16,2025-05-16,2025-05-16,,2025-05-16,2025-05-16,2025-05-16,2025-05-16,
MTV723-01-0 (102),4491P1,MTV723-01-0,102,4491P1,MTV723-01-0 (102),TRUE,FALSE,Prenatal Complete,2000-01-16,2025-11-14,,,,,,,,,,,,,
FMN570-01-0 (376),4834P1,FMN570-01-0,376,4834P1,FMN570-01-0 (376),TRUE,FALSE,Traverse City,1991-12-12,2026-07-07,,,,,,,,,,,,,
NCY578-01-A (515),4792F1,,,NCY578-01-A (515),4792F1,FALSE,FALSE,0-5 Month Complete,2026-03-23,2026-04-10,,2026-04-18,,2026-04-17,2026-06-26,2026-06-26,2026-04-18,,2026-06-26,2026-06-26,2026-06-26,2026-06-26,
WMD058-01-0 (640),4788P1,WMD058-01-0,640,4788P1,WMD058-01-0 (640),TRUE,FALSE,Prenatal Complete,1985-04-08,2025-09-26,,,,,,,,,,,,,
JQN133-01-0 (475),4102P1,JQN133-01-0,475,4102P1,JQN133-01-0 (475),TRUE,FALSE,Prenatal Complete,1996-05-13,2024-07-02,,,,,,,,,,,,,
NPM662-01-0 (772),4409P1,NPM662-01-0,772,4409P1,NPM662-01-0 (772),TRUE,FALSE,Prenatal Complete,1988-09-28,2024-07-02,,,,,,,,,,,,,
SMZ551-01-0 (168),4170P1,SMZ551-01-0,168,4170P1,SMZ551-01-0 (168),TRUE,FALSE,Prenatal Complete,2002-12-08,2025-10-02,,,,,,,,,,,,,
CBT926-01-A (855),4488F1,,,CBT926-01-A (855),4488F1,FALSE,FALSE,0-5 Month Flint,2026-05-18,2026-05-29,2026-08-13,,2026-08-13,2026-06-03,2026-08-13,2026-08-13,2026-08-13,,,,2026-08-13,2026-08-13,
DVY195-01-0 (169),4496P1,DVY195-01-0,169,4496P1,DVY195-01-0 (169),TRUE,FALSE,Flint,1996-07-30,2026-02-07,,,,,,,,,,,,,
VVZ944-01-A (340),4507F1,,,VVZ944-01-A (340),4507F1,FALSE,FALSE,0-5 Month Flint,2026-06-30,2026-07-31,,,,,,,2026-08-02,,,,,,
DLW694-01-0 (805),4823P1,DLW694-01-0,805,4823P1,DLW694-01-0 (805),TRUE,FALSE,Traverse City,1998-08-19,2026-05-20,,,,,,,,,,,,,
GBH901-01-0 (782),4722P1,GBH901-01-0,782,4722P1,GBH901-01-0 (782),TRUE,FALSE,Prenatal Complete,1995-02-15,2024-07-19,,,,,,,,,,,,,
YPB464-01-0 (772),4414P1,YPB464-01-0,772,4414P1,YPB464-01-0 (772),TRUE,FALSE,Prenatal Complete,1999-01-21,2024-07-02,,,,,,,,,,,,,
PPL335-01-A (284),4480F1,,,PPL335-01-A (284),4480F1,FALSE,FALSE,0-5 Month Flint,2026-05-19,2026-05-29,,,,2026-06-16,,,2026-08-24,,,,,,
TFG529-01-0 (508),4837P1,TFG529-01-0,508,4837P1,TFG529-01-0 (508),TRUE,FALSE,Traverse City,1986-12-29,2026-07-21,,,,,,,,,,,,,
WCN217-01-A (119),4152F1,,,WCN217-01-A (119),4152F1,FALSE,FALSE,0-5 Month Complete,2025-11-12,2025-12-11,,,,2025-12-05,,,2026-02-18,,,,,,
FNC855-01-A (822),4443F1,,,FNC855-01-A (822),4443F1,FALSE,FALSE,0-5 Month Complete,2025-02-13,2025-05-12,2025-05-31,,2025-06-03,2025-06-04,,,,,,,,,
YGQ976-01-A (812),4113F1,,,YGQ976-01-A (812),4113F1,FALSE,FALSE,0-5 Month Complete,2024-11-24,2024-12-23,2025-01-08,,2024-12-29,2025-12-23,2025-01-08,2025-01-08,2025-01-08,,2025-01-08,2025-01-08,,,
BXJ770-01-A (119),4418F1,,,BXJ770-01-A (119),4418F1,FALSE,FALSE,0-5 Month Complete,2025-01-12,2025-03-21,2025-06-20,,2025-06-16,2025-05-04,,,,,,,,,
CZY180-01-0 (970),4159P1,CZY180-01-0,970,4159P1,CZY180-01-0 (970),TRUE,FALSE,Prenatal Complete,1994-03-21,2025-07-22,,,,,,,,,,,,,
XSP178-01-A (944),4748F1,,,XSP178-01-A (944),4748F1,FALSE,FALSE,0-5 Month Complete,2025-04-09,2025-05-09,2025-05-29,,2025-05-09,2025-05-12,2025-06-13,2025-06-13,2025-06-13,,2025-06-13,2025-06-13,2025-06-13,2025-06-13,
HGJ458-01-0 (277),4519P1,HGJ458-01-0,277,4519P1,HGJ458-01-0 (277),TRUE,FALSE,Flint,1998-09-23,2026-08-27,,,,,,,,,,,,,
YMF346-02-A (383),4812F1,,,YMF346-02-A (383),4812F1,FALSE,FALSE,0-5 Month Traverse City,2026-08-23,2026-09-03,,2026-09-03,,2026-09-03,2026-09-23,2026-09-23,2026-09-03,,2026-09-23,2026-09-23,2026-09-23,2026-09-23,2026-09-23
SBH525-01-A (822),4716F1,,,SBH525-01-A (822),4716F1,FALSE,FALSE,0-5 Month Complete,2024-10-13,2025-01-31,2025-02-20,,2025-01-09,2025-01-31,2025-02-20,2025-02-20,2025-02-20,,2025-02-20,2025-02-20,2025-02-20,,
JWP930-01-A (482),4708F1,,,JWP930-01-A (482),4708F1,FALSE,FALSE,0-5 Month Complete,2024-09-03,2025-01-31,2025-02-04,,2025-01-09,2024-02-03,2025-02-25,2025-02-25,2025-02-25,,2025-02-26,2025-02-25,2025-02-25,,
QZC678-01-0 (102),4186P1,QZC678-01-0,102,4186P1,QZC678-01-0 (102),TRUE,FALSE,Detroit,1998-09-12,2026-03-13,,,,,,,,,,,,,
YBC948-01-0 (574),4451P1,YBC948-01-0,574,4451P1,YBC948-01-0 (574),TRUE,FALSE,Prenatal Complete,1992-11-12,2025-01-10,,,,,,,,,,,,,
LDB835-01-0 (113),4803P1,LDB835-01-0,113,4803P1,LDB835-01-0 (113),TRUE,FALSE,Prenatal Complete,1995-09-25,2025-11-05,,,,,,,,,,,,,
YRM458-01-B (912),4105F2,,,YRM458-01-B (912),4105F2,FALSE,FALSE,0-5 Month Complete,2024-09-06,2025-02-18,,,,,,,,,,,,,
VFC610-01-0 (145),4140P1,VFC610-01-0,145,4140P1,VFC610-01-0 (145),TRUE,FALSE,Prenatal Complete,1987-03-10,2024-12-27,,,,,,,,,,,,,
DGQ288-01-0 (409),4202P1,DGQ288-01-0,409,4202P1,DGQ288-01-0 (409),TRUE,FALSE,Detroit,1990-08-27,2026-06-08,,,,,,,,,,,,,
PSQ576-01-0 (201),4713P1,PSQ576-01-0,201,4713P1,PSQ576-01-0 (201),TRUE,FALSE,Prenatal Complete,1992-09-06,2024-07-19,,,,,,,,,,,,,
HGH542-01-0 (113),4184P1,HGH542-01-0,113,4184P1,HGH542-01-0 (113),TRUE,FALSE,Prenatal Complete,1995-01-01,2026-02-20,,,,,,,,,,,,,
TBV278-01-A (482),4795F1,,,TBV278-01-A (482),4795F1,FALSE,FALSE,0-5 Month Traverse City,2026-03-20,2026-04-22,,2026-04-29,,2026-04-29,,,2026-04-22,,,,,,
DHM804-01-A (690),4452F1,,,DHM804-01-A (690),4452F1,FALSE,FALSE,0-5 Month Complete,2025-07-13,2025-07-30,2025-11-20,,2025-11-14,2025-09-04,,,,,,,,,
HQK219-01-A (153),4135F1,,,HQK219-01-A (153),4135F1,FALSE,FALSE,0-5 Month Complete,2025-06-20,2025-07-14,2025-08-04,,2025-07-29,2025-07-22,2025-08-04,2025-08-04,2025-08-04,,,2025-08-04,2025-08-04,2025-08-04,
KFX637-01-0 (772),4165P1,KFX637-01-0,772,4165P1,KFX637-01-0 (772),TRUE,FALSE,Prenatal Complete,1992-04-20,2025-08-22,,,,,,,,,,,,,
BZW702-01-0 (871),4762P1,BZW702-01-0,871,4762P1,BZW702-01-0 (871),TRUE,FALSE,Prenatal Complete,1990-09-10,2025-06-20,,,,,,,,,,,,,
KFX637-01-A (350),4165F1,,,KFX637-01-A (350),4165F1,FALSE,FALSE,0-5 Month Complete,2026-01-14,2026-01-28,2026-04-17,,2026-04-11,2026-03-23,2026-04-17,2026-04-17,2026-03-30,2026-04-15,,2026-04-17,,2026-04-17,2026-04-17
NCY578-01-0 (937),4792P1,NCY578-01-0,937,4792P1,NCY578-01-0 (937),TRUE,FALSE,Prenatal Complete,2003-01-10,2025-10-01,,,,,,,,,,,,,
LBZ361-01-A (119),4415F1,,,LBZ361-01-A (119),4415F1,FALSE,FALSE,0-5 Month Complete,2024-11-11,2025-03-21,,,,2025-03-22,,,,,,,,,
RRB727-01-0 (673),4746P1,RRB727-01-0,673,4746P1,RRB727-01-0 (673),TRUE,FALSE,Traverse City,1997-06-27,2024-09-30,,,,,,,,,,,,,
CZK707-01-A (251),4161F1,,,CZK707-01-A (251),4161F1,FALSE,FALSE,0-5 Month Complete,2026-01-12,2026-01-14,2026-03-05,,2026-03-03,2026-03-09,2026-03-06,2026-03-06,2026-02-24,,2026-03-06,,2026-03-06,2026-03-06,
XXW266-01-0 (696),4157P1,XXW266-01-0,696,4157P1,XXW266-01-0 (696),TRUE,FALSE,Prenatal Complete,2000-08-07,2025-07-07,,,,,,,,,,,,,
SYW884-01-A (340),4728F1,,,SYW884-01-A (340),4728F1,FALSE,FALSE,0-5 Month Complete,2024-10-07,2025-02-13,2025-02-22,,2025-02-14,2025-02-14,2025-02-22,2025-02-22,2025-02-22,,2025-02-22,2025-02-22,2025-02-22,,
HVF853-01-A (185),4495F1,,,HVF853-01-A (185),4495F1,FALSE,FALSE,0-5 Month Flint,2026-03-17,2026-04-09,2026-08-13,,,2026-06-03,2026-08-13,2026-08-13,2026-06-19,,2026-08-13,,2026-08-13,2026-08-13,
JTJ199-01-A (416),4183F1,,,JTJ199-01-A (416),4183F1,FALSE,FALSE,0-5 Month Detroit,2026-07-24,2026-07-28,2026-09-22,,2026-09-16,2026-09-15,2026-09-22,2026-09-22,2026-09-18,,,,,2026-09-22,
SBW730-01-0 (673),4138P1,SBW730-01-0,673,4138P1,SBW730-01-0 (673),TRUE,FALSE,Prenatal Complete,1988-07-15,2024-12-20,,,,,,,,,,,,,
NSQ870-01-A (614),4704F1,,,NSQ870-01-A (614),4704F1,FALSE,FALSE,0-5 Month Complete,2024-08-24,2024-12-03,2024-12-04,,,2024-12-04,2024-12-04,2024-12-04,2024-12-04,,2025-02-19,2024-12-04,2024-12-04,,
WVN367-01-0 (366),4125P1,WVN367-01-0,366,4125P1,WVN367-01-0 (366),TRUE,FALSE,Pregnancy Loss,1990-05-28,2024-10-11,,,,,,,,,,,,,
YGQ976-01-0 (234),4113P1,YGQ976-01-0,234,4113P1,YGQ976-01-0 (234),TRUE,FALSE,Prenatal Complete,2004-01-15,2024-07-02,,,,,,,,,,,,,
XFH617-01-0 (607),4742P1,XFH617-01-0,607,4742P1,XFH617-01-0 (607),TRUE,FALSE,Prenatal Complete,1989-11-03,2024-09-24,,,,,,,,,,,,,
BSM142-01-0 (244),4402P1,BSM142-01-0,244,4402P1,BSM142-01-0 (244),TRUE,FALSE,Prenatal Complete,1997-08-22,2024-07-02,,,,,,,,,,,,,
FKT089-01-0 (673),4463P1,FKT089-01-0,673,4463P1,FKT089-01-0 (673),TRUE,FALSE,Prenatal Complete,2001-10-30,2025-06-25,,,,,,,,,,,,,
KHN535-01-0 (409),4794P1,KHN535-01-0,409,4794P1,KHN535-01-0 (409),TRUE,FALSE,Prenatal Complete,2004-06-26,2025-10-22,,,,,,,,,,,,,
SWX219-01-A (143),4160F1,,,SWX219-01-A (143),4160F1,FALSE,FALSE,0-5 Month Complete,2025-11-19,2025-12-11,2026-01-09,,2025-12-11,2025-12-09,,,,,,,,,
TVX776-01-0 (729),4820P1,TVX776-01-0,729,4820P1,TVX776-01-0 (729),TRUE,FALSE,Traverse City,1998-10-12,2026-05-07,,,,,,,,,,,,,
TGZ018-01-0 (937),4129P1,TGZ018-01-0,937,4129P1,TGZ018-01-0 (937),TRUE,FALSE,Pregnancy Loss,1990-05-11,2024-11-08,,,,,,,,,,,,,
CKJ511-01-A (492),4770F1,,,CKJ511-01-A (492),4770F1,FALSE,FALSE,0-5 Month Complete,2025-12-12,2026-01-20,,2026-04-09,,2026-03-18,,,2026-04-09,,,,,,
MTV723-01-A (680),4491F1,,,MTV723-01-A (680),4491F1,FALSE,FALSE,0-5 Month Flint,2026-05-05,2026-05-29,,,,2026-06-09,,,2026-06-19,,,,,,
BJH456-01-A (624),4800F1,,,BJH456-01-A (624),4800F1,FALSE,FALSE,0-5 Month Complete,2026-04-03,2026-04-10,,2026-04-10,,2026-04-10,2026-05-10,2026-05-10,2026-04-10,,,2026-05-14,,2026-05-14,2026-05-14
XYN414-01-A (845),4750F1,,,XYN414-01-A (845),4750F1,FALSE,FALSE,0-5 Month Complete,2025-02-24,2025-04-30,2025-05-12,,2025-05-01,2025-04-30,2025-05-12,2025-05-12,2025-05-12,,2025-05-12,2025-05-12,2025-05-12,2025-05-12,
KTS279-01-0 (135),4723P1,KTS279-01-0,135,4723P1,KTS279-01-0 (135),TRUE,FALSE,Prenatal Complete,1994-08-16,2024-07-19,,,,,,,,,,,,,
BPB474-01-0 (146),4147P1,BPB474-01-0,146,4147P1,BPB474-01-0 (146),TRUE,FALSE,Pregnancy Loss,1999-07-30,2025-03-14,,,,,,,,,,,,,
MVK292-01-A (416),4439F1,,,MVK292-01-A (416),4439F1,FALSE,FALSE,0-5 Month Complete,2025-02-16,2025-04-28,,,,,,,,,,,,,
LRJ642-01-A (185),4727F1,,,LRJ642-01-A (185),4727F1,FALSE,FALSE,0-5 Month Complete,2024-10-08,2025-02-24,2025-04-03,,2025-02-24,2025-03-03,2025-04-03,2025-04-03,2025-04-03,,,2025-04-03,,,
YRC466-01-A (515),4783F1,,,YRC466-01-A (515),4783F1,FALSE,FALSE,0-5 Month Complete,2026-02-09,2026-03-09,2026-03-16,,2026-03-24,2026-03-16,2026-04-07,2026-04-07,2026-04-07,,2026-04-07,2026-04-07,2026-04-07,2026-04-07,2026-04-08
XPK044-01-0 (838),4144P1,XPK044-01-0,838,4144P1,XPK044-01-0 (838),TRUE,FALSE,Prenatal Complete,1987-05-24,2025-01-17,,,,,,,,,,,,,
DXH431-01-0 (343),4752P1,DXH431-01-0,343,4752P1,DXH431-01-0  (343),TRUE,FALSE,Prenatal Complete,1990-09-13,2025-01-30,,,,,,,,,,,,,
QKK592-01-0 (706),4423P1,QKK592-01-0,706,4423P1,QKK592-01-0 (706),TRUE,FALSE,Pregnancy Loss,1991-05-15,2024-07-22,,,,,,,,,,,,,
HGH542-01-A (591),4184F1,,,HGH542-01-A (591),4184F1,FALSE,FALSE,0-5 Month Detroit,2026-07-07,2026-07-21,,,,,,,,,,,,,
MJZ709-01-A (614),4410F1,,,MJZ709-01-A (614),4410F1,FALSE,FALSE,0-5 Month Complete,2024-12-26,2025-03-21,,,,2025-03-23,,,,,,,,,
YNF452-01-B (351),4417F2,,,YNF452-01-B (351),4417F2,FALSE,FALSE,0-5 Month Complete,2024-12-21,2025-03-21,2025-05-31,,2025-06-03,2025-06-19,,,,,,,,,
BJH456-01-0 (146),4800P1,BJH456-01-0,146,4800P1,BJH456-01-0 (146),TRUE,FALSE,Prenatal Complete,1995-08-17,2025-10-28,,,,,,,,,,,,,
KQS117-01-0 (739),4213P1,KQS117-01-0,739,4213P1,KQS117-01-0 (739),TRUE,FALSE,Detroit,1989-12-29,2026-08-07,,,,,,,,,,,,,
CYS167-01-0 (904),4411P1,CYS167-01-0,904,4411P1,CYS167-01-0 (904),TRUE,FALSE,Prenatal Complete,1998-09-20,2024-07-02,,,,,,,,,,,,,
NDG495-01-0 (310),4709P1,NDG495-01-0,310,4709P1,NDG495-01-0 (310),TRUE,FALSE,Prenatal Complete,2005-04-26,2024-07-19,,,,,,,,,,,,,
YGQ976-02-0 (267),4188P2,YGQ976-02-0,267,4188P2,YGQ976-02-0 (267),TRUE,FALSE,Prenatal Complete,2004-01-15,2026-03-19,,,,,,,,,,,,,
ZCS109-01-A (383),4470F1,,,ZCS109-01-A (383),4470F1,FALSE,FALSE,0-5 Month Complete,2025-12-22,2026-02-19,2026-06-22,,2026-06-17,2026-02-19,,,2026-04-09,,2026-08-14,2026-08-14,,,2026-08-14
DGQ288-01-A (987),4202F1,,,DGQ288-01-A (987),4202F1,FALSE,FALSE,0-5 Month Detroit,2026-09-14,2026-10-08,,,,,,,,,,,,,
HQR631-01-0 (640),4805P1,HQR631-01-0,640,4805P1,HQR631-01-0 (640),TRUE,FALSE,Prenatal Complete,1998-08-17,2025-12-04,,,,,,,,,,,,,
SJJ762-01-0 (673),4786P1,SJJ762-01-0,673,4786P1,SJJ762-01-0 (673),TRUE,FALSE,Prenatal Complete,1991-09-02,2025-09-25,,,,,,,,,,,,,
HPX087-01-A (548),4769F1,,,HPX087-01-A (548),4769F1,FALSE,FALSE,0-5 Month Complete,2025-12-07,2026-01-09,2026-02-19,,2026-02-13,2026-02-12,2026-02-19,2026-02-19,2026-02-19,2026-02-19,2026-04-16,2026-02-19,,2026-02-19,2026-04-16
DLW793-01-A (383),4412F1,,,DLW793-01-A (383),4412F1,FALSE,FALSE,0-5 Month Complete,2024-12-30,2025-03-21,,,,,,,,,,,,,
LBZ361-01-0 (541),4415P1,LBZ361-01-0,541,4415P1,LBZ361-01-0 (541),TRUE,FALSE,Prenatal Complete,1990-04-04,2024-07-02,,,,,,,,,,,,,
CWB510-01-0 (113),4817P1,CWB510-01-0,113,4817P1,CWB510-01-0 (113),TRUE,FALSE,Traverse City,1995-06-21,2026-04-21,,,,,,,,,,,,,
DFB473-01-A (327),4456F1,,,DFB473-01-A (327),4456F1,FALSE,FALSE,0-5 Month Complete,2025-06-13,2025-07-02,2025-10-16,,2025-10-02,2025-10-02,,,,,,,,,
LGT156-01-A (251),4127F1,,,LGT156-01-A (251),4127F1,FALSE,FALSE,0-5 Month Complete,2025-05-02,2025-05-15,,2026-04-10,,2025-05-29,,,,,,,,,
RZM693-01-A (944),4174F1,,,RZM693-01-A (944),4174F1,FALSE,FALSE,0-5 Month Detroit,2026-03-20,2026-04-09,2026-07-07,,2026-06-16,,2026-07-07,2026-07-07,2026-07-07,,,,,2026-07-07,2026-07-07
BQV670-01-0 (673),4500P1,BQV670-01-0,673,4500P1,BQV670-01-0 (673),TRUE,FALSE,Flint,1991-06-03,2026-03-05,,,,,,,,,,,,,
JBM041-01-0 (881),4736P1,JBM041-01-0,881,4736P1,JBM041-01-0  (881),TRUE,FALSE,Prenatal Complete,2001-04-14,2024-09-11,,,,,,,,,,,,,
SFV056-01-0 (805),4141P1,SFV056-01-0,805,4141P1,SFV056-01-0 (805),TRUE,FALSE,Prenatal Complete,2000-03-25,2024-12-27,,,,,,,,,,,,,
VZY119-01-A (241),4424F1,,,VZY119-01-A (241),4424F1,FALSE,FALSE,0-5 Month Complete,2025-02-04,2025-03-21,,,,,,,,,,,,,
CXB725-01-0 (310),4107P1,CXB725-01-0,310,4107P1,CXB725-01-0 (310),TRUE,FALSE,Prenatal Complete,1999-07-29,2024-07-02,,,,,,,,,,,,,
LGZ547-01-0 (904),4153P1,LGZ547-01-0,904,4153P1,LGZ547-01-0 (904),TRUE,FALSE,Prenatal Complete,1998-09-18,2025-05-23,,,,,,,,,,,,,
DRG492-01-A (921),4471F1,,,DRG492-01-A (921),4471F1,FALSE,FALSE,0-5 Month Complete,2026-01-22,2026-02-19,2026-04-09,,2026-04-03,2026-02-19,2026-04-13,2026-04-13,2026-04-09,,2026-04-13,,2026-04-13,2026-04-13,
FQF816-01-0 (343),4759P1,FQF816-01-0,343,4759P1,FQF816-01-0 (343),TRUE,FALSE,Prenatal Complete,1991-05-20,2025-06-18,,,,,,,,,,,,,
PPL335-01-0 (706),4480P1,PPL335-01-0,706,4480P1,PPL335-01-0 (706),TRUE,FALSE,Prenatal Complete,1991-12-07,2025-10-20,,,,,,,,,,,,,
RQC129-01-0 (541),4525P1,RQC129-01-0,541,4525P1,RQC129-01-0 (541),TRUE,FALSE,Flint,2001-03-06,2026-10-08,,,,,,,,,,,,,
WDZ858-01-A (911),4802F1,,,WDZ858-01-A (911),4802F1,FALSE,FALSE,0-5 Month Traverse City,2026-04-24,2026-05-14,2026-10-19,,,2026-05-26,,,2026-05-31,,,,,,
MVK292-01-0 (838),4439P1,MVK292-01-0,838,4439P1,MVK292-01-0 (838),TRUE,FALSE,Prenatal Complete,2002-06-05,2024-10-30,,,,,,,,,,,,,
BZW702-01-A (449),4762F1,,,BZW702-01-A (449),4762F1,FALSE,FALSE,0-5 Month Complete,2025-10-28,2025-11-05,2025-12-05,,2025-12-09,2025-11-07,2025-12-05,2025-12-05,2025-12-05,2025-12-05,2026-01-16,2026-01-16,2025-12-05,,
SYW884-01-0 (762),4728P1,SYW884-01-0,762,4728P1,SYW884-01-0 (762),TRUE,FALSE,Prenatal Complete,1995-01-25,2024-07-19,,,,,,,,,,,,,
WVK885-01-A (110),4789F1,,,WVK885-01-A (110),4789F1,FALSE,FALSE,0-5 Month Complete,2026-03-05,2026-03-25,,2026-03-26,,2026-03-26,2026-04-17,2026-04-17,2026-03-26,,2026-04-17,2026-04-17,2026-04-17,2026-04-17,2026-04-17
PGM615-01-A (153),4425F1,,,PGM615-01-A (153),4425F1,FALSE,FALSE,0-5 Month Complete,2025-03-03,2025-04-28,,,,2025-08-28,,,,,,,,,
LGZ547-01-A (482),4153F1,,,LGZ547-01-A (482),4153F1,FALSE,FALSE,0-5 Month Complete,2025-11-28,2026-01-05,2026-01-20,,2026-01-20,2026-01-13,2026-01-20,2026-01-20,2026-01-22,,,2026-01-20,2026-01-20,2026-01-20,
GXM057-01-0 (739),4438P1,GXM057-01-0,739,4438P1,GXM057-01-0 (739),TRUE,FALSE,Prenatal Complete,1986-02-18,2024-10-16,,,,,,,,,,,,,
ZMK813-01-0 (937),4444P1,ZMK813-01-0,937,4444P1,ZMK813-01-0 (937),TRUE,FALSE,Prenatal Complete,1991-05-26,2024-11-20,,,,,,,,,,,,,
SBZ481-01-A (449),4808F1,,,SBZ481-01-A (449),4808F1,FALSE,FALSE,0-5 Month Traverse City,2026-05-22,2026-08-25,,2026-10-08,,2026-08-27,,,2026-08-25,,,,,,
YHK945-01-0 (937),4703P1,YHK945-01-0,937,4703P1,YHK945-01-0 (937),TRUE,FALSE,Prenatal Complete,1990-06-08,2024-07-19,,,,,,,,,,,,,
WHT014-01-0 (739),4493P1,WHT014-01-0,739,4493P1,WHT014-01-0 (739),TRUE,FALSE,Prenatal Complete,2000-09-27,2025-11-17,,,,,,,,,,,,,
SWX219-01-0 (465),4160P1,SWX219-01-0,465,4160P1,SWX219-01-0 (465),TRUE,FALSE,Prenatal Complete,1992-08-06,2025-07-22,,,,,,,,,,,,,
YMF346-02-0 (805),4812P1,YMF346-02-0,805,4812P1,YMF346-02-0 (805),TRUE,FALSE,Prenatal Complete,1991-04-09,2026-04-16,,,,,,,,,,,,,
DFB473-01-0 (749),4456P1,DFB473-01-0,749,4456P1,DFB473-01-0 (749),TRUE,FALSE,Prenatal Complete,2000-09-10,2025-02-27,,,,,,,,,,,,,
KMN951-01-A (218),4508F1,,,KMN951-01-A (218),4508F1,FALSE,FALSE,0-5 Month Flint,2026-10-05,2026-10-07,,,,,,,2026-10-07,,,,,,
BLK940-01-A (723),4109F1,,,BLK940-01-A (723),4109F1,FALSE,FALSE,0-5 Month Complete,2024-10-12,2024-10-28,2025-01-27,,2025-01-23,2024-10-14,,,,,,,,,
QTD282-01-A (218),4473F1,,,QTD282-01-A (218),4473F1,FALSE,FALSE,0-5 Month Complete,2026-01-22,2026-02-19,,2026-06-17,,,,,2026-04-09,,,,,,
XWT051-01-0 (300),4816P1,XWT051-01-0,300,4816P1,XWT051-01-0 (300),TRUE,FALSE,Traverse City,1998-11-18,2026-04-21,,,,,,,,,,,,,
ZRB102-01-A (186),4486F1,,,ZRB102-01-A (186),4486F1,FALSE,FALSE,0-5 Month Flint,2026-03-25,2026-04-09,,,,2026-04-22,,,2026-06-19,,,,,,
VDW899-01-0 (366),4731P1,VDW899-01-0,366,4731P1,VDW899-01-0 (366),TRUE,FALSE,Prenatal Complete,1990-10-20,2024-07-19,,,,,,,,,,,,,
CNJ952-01-B (922),4466F2,,,CNJ952-01-B (922),4466F2,FALSE,FALSE,0-5 Month Complete,2025-12-18,2026-01-20,2026-04-17,,2026-04-09,2026-01-21,2026-04-17,2026-04-17,2026-04-09,,2026-04-17,2026-04-17,,,
NZK975-01-0 (267),4492P1,NZK975-01-0,267,4492P1,NZK975-01-0 (267),TRUE,FALSE,Prenatal Complete,1991-08-25,2025-11-17,,,,,,,,,,,,,
VYC886-01-0 (267),4809P1,VYC886-01-0,267,4809P1,VYC886-01-0 (267),TRUE,FALSE,Prenatal Complete,2007-03-06,2025-12-12,,,,,,,,,,,,,
VXZ462-01-A (241),4450F1,,,VXZ462-01-A (241),4450F1,FALSE,FALSE,0-5 Month Complete,2025-05-17,2025-06-04,,,,,,,,,,,,,
VKD996-01-0 (904),4139P1,VKD996-01-0,904,4139P1,VKD996-01-0 (904),TRUE,FALSE,Prenatal Complete,2003-04-29,2024-12-20,,,,,,,,,,,,,
NZK975-01-A (845),4492F1,,,NZK975-01-A (845),4492F1,FALSE,FALSE,0-5 Month Flint,2026-05-24,2026-05-29,,,,2026-06-03,,,,,,,,,
MBF159-01-0 (179),4512P1,MBF159-01-0,179,4512P1,MBF159-01-0 (179),TRUE,FALSE,Flint,2001-07-09,2026-06-16,,,,,,,,,,,,,
BNJ340-01-A (558),4469F1,,,BNJ340-01-A (558),4469F1,FALSE,FALSE,0-5 Month Complete,2025-12-16,2025-12-19,2026-04-11,,2026-04-03,2025-12-21,2026-04-13,2026-04-13,2026-04-09,,2026-04-13,2026-04-13,2026-04-13,2026-04-13,2026-04-13
SNM563-01-A (449),4793F1,,,SNM563-01-A (449),4793F1,FALSE,FALSE,0-5 Month Complete,2026-03-05,2026-03-18,,2026-04-07,,2026-04-06,2026-06-16,2026-06-16,2026-04-07,,2026-07-14,2026-07-14,2026-07-14,2026-07-14,
QHL554-01-A (152),4785F1,,,QHL554-01-A (152),4785F1,FALSE,FALSE,0-5 Month Complete,2026-02-27,2026-03-09,2026-04-15,,2026-04-11,2026-03-17,2026-04-15,2026-04-15,2026-03-17,2026-04-15,2026-04-28,2026-04-28,2026-04-15,,2026-04-28
TWW182-01-0 (432),4517P1,TWW182-01-0,432,4517P1,TWW182-01-0 (432),TRUE,FALSE,Flint,1996-01-13,2026-07-31,,,,,,,,,,,,,
SSF737-01-A (482),4502F1,,,SSF737-01-A (482),4502F1,FALSE,FALSE,0-5 Month Flint,2026-07-24,2026-07-31,,,,2026-08-14,,,2026-08-30,,,,,,
ZVD237-01-0 (103),4120P1,ZVD237-01-0,103,4120P1,ZVD237-01-0 (103),TRUE,FALSE,Prenatal Complete,1990-01-24,2024-09-03,,,,,,,,,,,,,
RDL710-01-A (855),4112F1,,,RDL710-01-A (855),4112F1,FALSE,FALSE,0-5 Month Complete,2025-01-18,2025-02-18,,,,2025-03-06,,,,,,,,,
KRS023-01-0 (640),4136P1,KRS023-01-0,640,4136P1,KRS023-01-0 (640),TRUE,FALSE,Prenatal Complete,1997-02-27,2024-11-22,,,,,,,,,,,,,
MFH339-01-A (855),4449F1,,,MFH339-01-A (855),4449F1,FALSE,FALSE,0-5 Month Complete,2025-04-20,2025-05-12,,,,,,,,,,,,,
NQS727-01-A (647),4177F1,,,NQS727-01-A (647),4177F1,FALSE,FALSE,0-5 Month Detroit,2026-05-01,2026-05-11,,,,,,,,,,,,,
LHC177-01-A (723),4446F1,,,LHC177-01-A (723),4446F1,FALSE,FALSE,0-5 Month Complete,2025-04-16,2025-05-12,,,,2025-06-05,,,,,,,,,
BWJ550-01-0 (376),4440P1,BWJ550-01-0,376,4440P1,BWJ550-01-0 (376),TRUE,FALSE,Flint,1995-01-07,2024-11-05,,,,,,,,,,,,,
GMB721-01-0 (947),4434P1,GMB721-01-0,947,4434P1,GMB721-01-0 (947),TRUE,FALSE,Prenatal Complete,2003-02-27,2024-09-27,,,,,,,,,,,,,
JZC874-01-A (383),4403F1,,,JZC874-01-A (383),4403F1,FALSE,FALSE,0-5 Month Complete,2024-11-22,2025-03-19,,,,,,,,,,,,,
VLQ825-01-0 (169),4733P1,VLQ825-01-0,169,4733P1,VLQ825-01-0 (169),TRUE,FALSE,Prenatal Complete,1990-01-20,2024-08-09,,,,,,,,,,,,,
XPH753-01-0 (970),4475P1,XPH753-01-0,970,4475P1,XPH753-01-0 (970),TRUE,FALSE,Prenatal Complete,1999-10-06,2025-09-25,,,,,,,,,,,,,
ZVD237-01-A (581),4120F1,,,ZVD237-01-A (581),4120F1,FALSE,FALSE,0-5 Month Complete,2025-01-31,2025-02-18,,,,2025-02-26,,,,,,,,,
SMB785-01-A (251),4779F1,,,SMB785-01-A (251),4779F1,FALSE,FALSE,0-5 Month Complete,2025-12-22,2026-02-01,,2026-03-11,,2026-03-11,,,,,,,,,
LSJ957-01-0 (937),4156P1,LSJ957-01-0,937,4156P1,LSJ957-01-0 (937),TRUE,FALSE,Pregnancy Loss,1994-07-03,2025-06-26,,,,,,,,,,,,,
ZKL165-01-0 (904),4778P1,ZKL165-01-0,904,4778P1,ZKL165-01-0 (904),TRUE,FALSE,Prenatal Complete,1992-06-16,2025-08-01,,,,,,,,,,,,,
MGV078-01-A (350),4454F1,,,MGV078-01-A (350),4454F1,FALSE,FALSE,0-5 Month Complete,2025-07-29,2025-07-30,2025-11-20,,2025-11-14,2025-09-30,2025-11-20,2025-11-20,2025-11-20,2025-11-20,2025-11-20,2025-11-20,2025-11-20,2025-11-20,
JXP185-01-0 (103),4437P1,JXP185-01-0,103,4437P1,JXP185-01-0 (103),TRUE,FALSE,Prenatal Complete,1996-07-11,2024-10-10,,,,,,,,,,,,,
XGT144-01-0 (871),4145P1,XGT144-01-0,871,4145P1,XGT144-01-0 (871),TRUE,FALSE,Prenatal Complete,1996-11-27,2025-02-14,,,,,,,,,,,,,
NDB658-01-0 (178),4167P1,NDB658-01-0,178,4167P1,NDB658-01-0 (178),TRUE,FALSE,Withdrawn & Lost Contact,1992-11-17,2025-08-28,,,,,,,,,,,,,
SLF955-01-0 (739),4485P1,SLF955-01-0,739,4485P1,SLF955-01-0 (739),TRUE,FALSE,Flint,1992-11-27,2025-10-31,,,,,,,,,,,,,
RZY993-01-A (439),4406F1,,,RZY993-01-A (439),4406F1,FALSE,FALSE,0-5 Month Complete,2024-11-24,2025-03-19,,,,2025-03-25,,,,,,,,,
PTL466-01-A (581),4433F1,,,PTL466-01-A (581),4433F1,FALSE,FALSE,0-5 Month Complete,2025-03-08,2025-04-02,2025-06-13,,2025-06-13,2025-06-01,,2025-06-13,2025-06-13,,2025-06-13,2025-06-13,2025-06-13,2025-06-13,
NXK935-01-0 (169),4710P1,NXK935-01-0,169,4710P1,NXK935-01-0 (169),TRUE,FALSE,Prenatal Complete,1988-06-02,2024-07-19,,,,,,,,,,,,,
CJF735-01-A (591),4441F1,,,CJF735-01-A (591),4441F1,FALSE,FALSE,0-5 Month Complete,2025-04-10,2025-04-28,2025-10-02,,2025-09-30,2025-06-12,2025-10-03,2025-10-03,2025-10-03,,2025-10-03,,2025-10-03,2025-10-03,
PTG182-01-0 (673),4448P1,PTG182-01-0,673,4448P1,PTG182-01-0 (673),TRUE,FALSE,Flint,1996-03-05,2024-12-04,,,,,,,,,,,,,
PTG182-01-A (251),4448F1,,,PTG182-01-A (251),4448F1,FALSE,FALSE,0-5 Month Complete,2025-05-30,2025-06-04,,,,,,,,,,,,,
LLZ021-01-A (218),4405F1,,,LLZ021-01-A (218),4405F1,FALSE,FALSE,0-5 Month Complete,2024-12-08,2025-03-19,,,,2025-04-02,,,,,,,,,
BRL402-01-0 (145),4132P1,BRL402-01-0,145,4132P1,BRL402-01-0 (145),TRUE,FALSE,Prenatal Complete,1983-05-24,2024-11-08,,,,,,,,,,,,,
QST675-01-0 (333),4148P1,QST675-01-0,333,4148P1,QST675-01-0 (333),TRUE,FALSE,Prenatal Complete,1996-02-21,2025-03-28,,,,,,,,,,,,,
QQW065-01-0 (135),4197P1,QQW065-01-0,135,4197P1,QQW065-01-0 (135),TRUE,FALSE,Detroit,1995-10-25,2026-05-14,,,,,,,,,,,,,
VHD766-02-0 (673),4523P1,VHD766-02-0,673,4523P1,VHD766-02-0 (673),TRUE,FALSE,Flint,1994-04-15,2026-10-07,,,,,,,,,,,,,
THQ829-01-A (581),4773F1,,,THQ829-01-A (581),4773F1,FALSE,FALSE,0-5 Month Complete,2025-12-18,2026-01-16,,2026-01-16,,2026-02-12,2026-02-26,2026-02-26,2026-04-09,,,,,,
YBC948-01-A (152),4451F1,,,YBC948-01-A (152),4451F1,FALSE,FALSE,0-5 Month Complete,2025-05-09,2025-06-04,2025-09-06,,2025-09-03,2025-06-27,2025-09-06,2025-09-06,2025-09-06,,2025-09-06,2025-11-07,2025-09-05,2025-09-05,
BRS431-01-0 (442),4497P1,BRS431-01-0,442,4497P1,BRS431-01-0 (442),TRUE,FALSE,Prenatal Complete,2002-08-05,2026-02-20,,,,,,,,,,,,,
QHF620-01-0 (178),4726P1,QHF620-01-0,178,4726P1,QHF620-01-0 (178),TRUE,FALSE,Prenatal Complete,1993-06-02,2024-07-19,,,,,,,,,,,,,
MKV454-01-0 (838),4192P1,MKV454-01-0,838,4192P1,MKV454-01-0 (838),TRUE,FALSE,Detroit,2005-11-29,2026-04-08,,,,,,,,,,,,,
CLC701-01-A (327),4430F1,,,CLC701-01-A (327),4430F1,FALSE,FALSE,0-5 Month Complete,2025-02-07,2025-03-22,,,,2025-03-25,,,,,,,,,
WJV357-01-0 (201),4214P1,WJV357-01-0,201,4214P1,WJV357-01-0 (201),TRUE,FALSE,Detroit,1994-10-31,2026-08-07,,,,,,,,,,,,,
TKN820-01-A (284),4472F1,,,TKN820-01-A (284),4472F1,FALSE,FALSE,0-5 Month Complete,2026-01-25,2026-02-19,,,,,,,,,,,,,
RZS580-01-A (977),4702F1,,,RZS580-01-A (977),4702F1,FALSE,FALSE,0-5 Month Complete,2024-09-01,2024-12-05,2024-12-06,,,2024-12-09,2024-12-06,2024-12-06,2024-12-06,,2024-12-06,2024-12-06,2024-12-06,,
LGG437-01-0 (211),4777P1,LGG437-01-0,211,4777P1,LGG437-01-0 (211),TRUE,FALSE,Prenatal Complete,1994-04-29,2025-07-31,,,,,,,,,,,,,
MZG636-01-A (482),4191F1,,,MZG636-01-A (482),4191F1,FALSE,FALSE,0-5 Month Flint,2026-08-11,2026-08-24,,,,2026-08-27,,,,,,,,,
DTQ848-01-0 (904),4116P1,DTQ848-01-0,904,4116P1,DTQ848-01-0 (904),TRUE,FALSE,Prenatal Complete,1999-10-29,2024-07-19,,,,,,,,,,,,,
MLK253-01-0 (409),4503P1,MLK253-01-0,409,4503P1,MLK253-01-0 (409),TRUE,FALSE,Flint,1985-04-15,2026-03-24,,,,,,,,,,,,,
BWX346-01-0 (937),4187P1,BWX346-01-0,937,4187P1,BWX346-01-0 (937),TRUE,FALSE,Prenatal Complete,1990-11-13,2026-03-18,,,,,,,,,,,,,
TRP148-01-0 (102),4208P1,TRP148-01-0,102,4208P1,TRP148-01-0 (102),TRUE,FALSE,Detroit,1994-03-27,2026-07-10,,,,,,,,,,,,,
RDK869-01-A (317),4104F1,,,RDK869-01-A (317),4104F1,FALSE,FALSE,0-5 Month Complete,2024-11-08,2025-03-26,,,,,,,,,,,,,
LZQ650-02-0 (102),4178P2,LZQ650-02-0,102,4178P2,LZQ650-02-0 (102),TRUE,FALSE,Prenatal Complete,2002-10-31,2025-12-05,,,,,,,,,,,,,
GBH901-01-A (360),4722F1,,,GBH901-01-A (360),4722F1,FALSE,FALSE,0-5 Month Complete,2024-10-06,2025-02-12,2025-02-19,,2025-02-14,2025-02-14,2025-02-22,2025-02-22,2025-02-22,,2025-02-22,2025-02-25,2025-02-25,,
LNM531-01-A (153),4782F1,,,LNM531-01-A (153),4782F1,FALSE,FALSE,0-5 Month Complete,2026-03-05,2026-03-18,2026-04-16,,2026-03-27,2026-03-20,2026-04-16,2026-04-16,2026-03-25,,2026-04-16,2026-04-16,2026-04-16,2026-04-16,2026-04-16
LYQ080-01-0 (937),4212P1,LYQ080-01-0,937,4212P1,LYQ080-01-0 (937),TRUE,FALSE,Detroit,2003-09-18,2026-07-22,,,,,,,,,,,,,
RZV201-01-0 (168),4133P1,RZV201-01-0,168,4133P1,RZV201-01-0 (168),TRUE,FALSE,Prenatal Complete,1990-07-18,2024-11-11,,,,,,,,,,,,,
SMB785-01-0 (673),4779P1,SMB785-01-0,673,4779P1,SMB785-01-0 (673),TRUE,FALSE,Prenatal Complete,1996-01-16,2025-08-08,,,,,,,,,,,,,
XTL216-01-0 (136),4801P1,XTL216-01-0,136,4801P1,XTL216-01-0 (136),TRUE,FALSE,Prenatal Complete,1994-08-26,2025-10-28,,,,,,,,,,,,,
QJL577-01-0 (805),4717P1,QJL577-01-0,805,4717P1,QJL577-01-0 (805),TRUE,FALSE,Prenatal Complete,1999-04-18,2024-07-19,,,,,,,,,,,,,
QTD282-01-B (252),4473F2,,,QTD282-01-B (252),4473F2,FALSE,FALSE,0-5 Month Complete,2026-01-22,2026-02-19,,2026-06-17,,,,,2026-04-09,,,,,,
ZQR455-01-A (944),4753F1,,,ZQR455-01-A (944),4753F1,FALSE,FALSE,0-5 Month Complete,2025-07-24,2025-09-04,2025-09-23,,2025-09-11,2025-09-23,2025-09-23,2025-09-23,2025-09-23,,2025-09-25,2025-09-23,2025-09-23,,
QCD750-01-0 (179),4487P1,QCD750-01-0,179,4487P1,QCD750-01-0 (179),TRUE,FALSE,Prenatal Complete,1998-08-16,2025-11-05,,,,,,,,,,,,,
YHY072-01-0 (102),4206P1,YHY072-01-0,102,4206P1,YHY072-01-0 (102),TRUE,FALSE,Detroit,2008-01-18,2026-06-23,,,,,,,,,,,,,
LNT397-01-A (614),4419F1,,,LNT397-01-A (614),4419F1,FALSE,FALSE,0-5 Month Complete,2025-02-07,2025-03-21,,,,2025-03-24,,,,,,,,,
XRB073-01-A (251),4164F1,,,XRB073-01-A (251),4164F1,FALSE,FALSE,0-5 Month Complete,2026-01-27,2026-02-11,,,,,,,,,,,,,
JWP930-01-0 (904),4708P1,JWP930-01-0,904,4708P1,JWP930-01-0 (904),TRUE,FALSE,Prenatal Complete,1995-10-23,2024-07-19,,,,,,,,,,,,,
CLF149-01-0 (146),4218P1,CLF149-01-0,146,4218P1,,FALSE,TRUE,Detroit,2002-05-06,2026-10-02,,,,,,,,,,,,,
CTT657-01-0 (904),4435P1,CTT657-01-0,904,4435P1,CTT657-01-0 (904),TRUE,FALSE,Prenatal Complete,2001-02-08,2024-10-09,,,,,,,,,,,,,
KGQ877-01-0 (772),4520P1,KGQ877-01-0,772,4520P1,KGQ877-01-0 (772),TRUE,FALSE,Flint,2005-02-07,2026-08-06,,,,,,,,,,,,,
BVD945-01-0 (409),4743P1,BVD945-01-0,409,4743P1,BVD945-01-0 (409),TRUE,FALSE,Prenatal Complete,1993-09-08,2024-09-26,,,,,,,,,,,,,
FZV796-01-0 (399),4766P1,FZV796-01-0,399,4766P1,FZV796-01-0 (399),TRUE,FALSE,Prenatal Complete,1996-10-15,2025-06-27,,,,,,,,,,,,,
MGV078-01-0 (772),4454P1,MGV078-01-0,772,4454P1,MGV078-01-0 (772),TRUE,FALSE,Prenatal Complete,1992-12-30,2025-01-30,,,,,,,,,,,,,
BPM036-01-A (789),4744F1,,,BPM036-01-A (789),4744F1,FALSE,FALSE,0-5 Month Complete,2025-03-01,2025-06-09,2025-07-24,,2025-06-11,2025-08-01,2025-08-01,2025-08-01,2025-08-01,,2025-08-08,2025-08-01,2025-08-01,,
DYK248-01-0 (673),4453P1,DYK248-01-0,673,4453P1,DYK248-01-0 (673),TRUE,FALSE,Prenatal Complete,2000-05-14,2025-01-30,,,,,,,,,,,,,
VLQ825-01-A (647),4733F1,,,VLQ825-01-A (647),4733F1,FALSE,FALSE,0-5 Month Complete,2025-01-25,2025-02-26,2025-03-04,,2025-02-27,2025-02-27,2025-03-04,2025-03-04,2025-03-04,,2025-03-06,2025-03-06,2025-03-04,,
QRK467-02-A (581),4154F1,,,QRK467-02-A (581),4154F1,FALSE,FALSE,0-5 Month Complete,2025-12-14,2026-01-09,2026-02-18,,2026-02-02,2026-02-02,,,,,,,,,
FGL622-01-0 (146),4467P1,FGL622-01-0,146,4467P1,FGL622-01-0 (146),TRUE,FALSE,Prenatal Complete,2002-03-01,2025-07-24,,,,,,,,,,,,,
GRM073-01-0 (475),4122P1,GRM073-01-0,475,4122P1,GRM073-01-0 (475),TRUE,FALSE,Prenatal Complete,1995-08-07,2024-09-11,,,,,,,,,,,,,
XSP178-01-0 (366),4748P1,XSP178-01-0,366,4748P1,XSP178-01-0 (366),TRUE,FALSE,Prenatal Complete,1992-08-15,2024-09-30,,,,,,,,,,,,,
MNR068-01-A (416),4721F1,,,MNR068-01-A (416),4721F1,FALSE,FALSE,0-5 Month Complete,2024-10-03,2024-12-09,2024-12-09,,,2024-12-09,2024-12-09,2024-12-09,2024-12-09,,2024-12-09,2024-12-11,,,
NCD314-01-0 (848),4117P1,NCD314-01-0,848,4117P1,NCD314-01-0 (848),TRUE,FALSE,Prenatal Complete,1981-11-16,2024-08-02,,,,,,,,,,,,,
BYQ053-01-0 (607),4787P1,BYQ053-01-0,607,4787P1,BYQ053-01-0 (607),TRUE,FALSE,Prenatal Complete,1989-02-14,2025-09-25,,,,,,,,,,,,,
LZQ650-01-A (647),4101F1,,,LZQ650-01-A (647),4101F1,FALSE,FALSE,0-5 Month Complete,2024-10-23,2025-02-18,2025-03-17,,2025-03-06,2025-03-25,2025-03-17,2025-03-17,2025-03-17,,2025-03-17,2025-03-17,2025-03-17,,
SMQ889-01-A (911),4429F1,,,SMQ889-01-A (911),4429F1,FALSE,FALSE,0-5 Month Complete,2025-01-30,2025-03-22,2025-06-27,,2025-06-23,2025-03-26,2025-07-10,2025-07-10,,,,,2025-07-10,2025-07-10,
VVZ944-01-0 (762),4507P1,VVZ944-01-0,762,4507P1,VVZ944-01-0 (762),TRUE,FALSE,Flint,1997-10-30,2026-05-28,,,,,,,,,,,,,
PGR160-01-0 (475),4780P1,PGR160-01-0,475,4780P1,PGR160-01-0 (475),TRUE,FALSE,Prenatal Complete,1995-05-25,2025-08-08,,,,,,,,,,,,,
LZQ650-02-A (680),4178F1,,,LZQ650-02-A (680),4178F1,FALSE,FALSE,0-5 Month Detroit,2026-06-13,2026-06-15,,,,,,,,,,,,,
KDW752-01-0 (607),4514P1,KDW752-01-0,607,4514P1,KDW752-01-0 (607),TRUE,FALSE,Flint,2006-04-21,2026-07-03,,,,,,,,,,,,,
SJB279-01-0 (508),4118P1,SJB279-01-0,508,4118P1,SJB279-01-0 (508),TRUE,FALSE,Prenatal Complete,1984-08-01,2024-08-02,,,,,,,,,,,,,
PLD055-01-A (855),4734F1,,,PLD055-01-A (855),4734F1,FALSE,FALSE,0-5 Month Complete,2025-01-23,2025-02-24,2025-03-04,,2025-02-24,2025-03-01,2025-03-04,2025-03-04,2025-03-04,,2025-03-06,2025-03-06,,,
YJQ442-01-A (515),4169F1,,,YJQ442-01-A (515),4169F1,FALSE,FALSE,0-5 Month Complete,2026-01-31,2026-02-11,,,,2026-08-17,,,2026-08-19,,,,,,
RRB727-02-0 (706),4841P1,RRB727-02-0,706,4841P1,RRB727-02-0 (706),TRUE,FALSE,Traverse City,1997-06-27,2026-10-05,,,,,,,,,,,,,
TZB922-01-A (482),4431F1,,,TZB922-01-A (482),4431F1,FALSE,FALSE,0-5 Month Complete,2025-02-11,2025-04-02,,,,2025-04-18,,,,,,,,,
HWV734-01-A (680),4796F1,,,HWV734-01-A (680),4796F1,FALSE,FALSE,0-5 Month Complete,2026-02-27,2026-03-17,,2026-04-14,,2026-04-13,2026-06-23,2026-06-23,2026-04-13,,2026-06-23,2026-06-23,2026-06-23,2026-06-23,
RZS580-01-0 (399),4702P1,RZS580-01-0,399,4702P1,RZS580-01-0 (399),TRUE,FALSE,Prenatal Complete,1992-09-10,2024-07-19,,,,,,,,,,,,,
CPT603-01-0 (475),4477P1,CPT603-01-0,475,4477P1,CPT603-01-0 (475),TRUE,FALSE,Pregnancy Loss,1992-04-14,2025-10-01,,,,,,,,,,,,,
BPB474-02-0 (179),4211P2,BPB474-02-0,179,4211P2,BPB474-02-0 (179),TRUE,FALSE,Detroit,1999-07-30,2026-07-17,,,,,,,,,,,,,
MVY162-01-0 (168),4200P1,MVY162-01-0,168,4200P1,MVY162-01-0 (168),TRUE,FALSE,Detroit,2001-08-27,2026-06-05,,,,,,,,,,,,,
GGF358-01-A (657),4168F1,,,GGF358-01-A (657),4168F1,FALSE,FALSE,0-5 Month Complete,2026-02-03,2026-02-11,,,,2026-06-20,,,2026-06-22,,,,,,
LJS175-01-0 (673),4831P1,LJS175-01-0,673,4831P1,LJS175-01-0 (673),TRUE,FALSE,Traverse City,1989-09-19,2026-06-16,,,,,,,,,,,,,
HPX087-01-0 (970),4769P1,HPX087-01-0,970,4769P1,HPX087-01-0 (970),TRUE,FALSE,Prenatal Complete,2000-11-23,2025-06-27,,,,,,,,,,,,,
CZK707-01-0 (673),4161P1,CZK707-01-0,673,4161P1,CZK707-01-0 (673),TRUE,FALSE,Prenatal Complete,1997-02-15,2025-07-24,,,,,,,,,,,,,
CXB725-01-A (888),4107F1,,,CXB725-01-A (888),4107F1,FALSE,FALSE,0-5 Month Complete,2024-11-10,2025-01-31,2025-02-12,,2025-02-03,2025-01-31,2025-02-12,2025-02-12,2025-02-12,,2025-02-12,2025-02-12,2025-02-12,,
YMP799-01-0 (498),4747P1,YMP799-01-0,498,4747P1,YMP799-01-0 (498),TRUE,FALSE,Prenatal Complete,1986-07-13,2024-09-30,,,,,,,,,,,,,
