Participant ID,Participant Cohort,IPA Age Band,IPA Year,FTM,Event UUID,Invitee UUID,Event Start Date,Canceled,True Cancel,No Show,Rescheduled,Old Invitee URI,New Invitee URI,Event Created Date,Meeting Host,Participant Match Method
BBB555-01-A,3-20 year,3_5yr,2026,Anna,0b838508-caf3-4715-a914-73c64c4c5cbd,cb27ba5d-79ea-4a13-8152-56caca286dbb,2026-04-27,FALSE,FALSE,FALSE,FALSE,,,2026-04-01,Anna VanTubergen,child_name
BBD445-01-A,3-20 year,6_10yr,2026,Jo,e87a7401-0dc1-43d7-bb66-2a58725f552b,92a8d3b7-0c14-48df-a727-32822e8500ac,2026-10-03,FALSE,FALSE,FALSE,FALSE,,,2026-08-18,Jolyn Lerma,familyId+name
BGB558-01-A,3-20 year,6_10yr,2026,Nicole,238d5011-f106-47a8-a488-4dc71e89740b,1d61ca7b-3f14-4f6e-8778-8cb459f6ac8e,2026-10-16,FALSE,FALSE,FALSE,FALSE,,,2026-09-14,Nicole Lipcaman,child_echo_id
BGB558-01-A,3-20 year,6_10yr,2026,Nicole,647fcacc-703f-472e-b2cb-5ccefc21aa87,9e361360-df11-4de7-b5d6-ea007da970b4,2026-09-18,TRUE,TRUE,FALSE,FALSE,https://api.calendly.com/scheduled_events/2510c470-bab7-4fb2-8912-f6cc9e43ef3c/invitees/c3506395-ebc8-4815-a3bc-b6c7898d0b99,,2026-09-01,Nicole Lipcaman,child_echo_id
BGB558-01-A,3-20 year,6_10yr,2026,Nicole,2510c470-bab7-4fb2-8912-f6cc9e43ef3c,c3506395-ebc8-4815-a3bc-b6c7898d0b99,2026-09-03,TRUE,FALSE,FALSE,TRUE,,https://api.calendly.com/scheduled_events/647fcacc-703f-472e-b2cb-5ccefc21aa87/invitees/9e361360-df11-4de7-b5d6-ea007da970b4,2026-08-19,Nicole Lipcaman,child_echo_id
BGT851-01-A,3-20 year,6_10yr,2026,Toye,ed2506a0-422a-4947-9b4a-f8a177892e8d,ba0f286b-0421-42fd-845e-5e23c2c3a689,2026-06-09,FALSE,FALSE,FALSE,FALSE,,,2026-05-19,Shetoye  Rice,child_name
BJH083-01-A,3-20 year,6_10yr,2026,Andrew,df0b9c41-2009-4e1c-9354-ba600bfc5b8f,2050a51a-4d35-4b6e-b093-861a02697d82,2026-09-20,TRUE,TRUE,FALSE,FALSE,,,2026-09-07,Andrew Davis,child_name
BJH083-01-A,3-20 year,6_10yr,2026,Andrew,8d11de74-4575-46b8-93e9-2d23743919d6,b7446238-fb4f-4268-8bc5-5751616746f7,2026-09-20,TRUE,TRUE,FALSE,FALSE,,,2026-08-28,Andrew Davis,child_name
BJH083-01-A,3-20 year,6_10yr,2026,Andrew,8b0db459-b519-451b-8520-e63ac9c33d85,cfbae38a-8a04-456f-aff7-493caefeb388,2026-09-19,TRUE,TRUE,FALSE,FALSE,,,2026-08-16,Andrew Davis,child_echo_id
BKK569-01-A,3-20 year,6_10yr,2026,Kowlini,ebb1c7bf-e552-4937-b02b-43ccf964a5b7,2b3a065c-b803-4d68-8639-2d56f713a60c,2026-09-02,FALSE,FALSE,FALSE,FALSE,,,2026-08-28,Kowlini Wickramasinghe,child_custom_id
BKV315-01-A,3-20 year,11_17yr,2026,Anna,91f8be67-4ec9-4d17-9f9c-42ec5c1587ab,38e9bf7d-48b7-4905-8463-e6cb1f7a8828,2026-05-12,FALSE,FALSE,FALSE,FALSE,,,2026-05-04,Anna VanTubergen,child_name
BKX774-01-A,3-20 year,11_17yr,2026,Jo,26a083f2-8ec1-47f4-a08a-93396d0d3253,3cab9f80-2d74-4f62-b127-71b75487a621,2026-06-06,FALSE,FALSE,FALSE,FALSE,,,2026-04-27,Jolyn Lerma,child_custom_id
BKX774-01-A,3-20 year,11_17yr,2026,Jo,f4c905ef-10fc-48ef-91f0-0bef24b86731,2bb33a9c-047d-4161-b16f-e8f315127dfe,2026-06-06,FALSE,FALSE,FALSE,FALSE,,,2026-04-27,Jolyn Lerma,child_custom_id
BNH325-01-A,3-20 year,3_5yr,2026,Anna,781d1fb5-9a78-4146-a606-694a86719716,3391bbf1-c2ff-40db-8d46-60e348e78215,2026-07-03,TRUE,FALSE,FALSE,TRUE,https://api.calendly.com/scheduled_events/34768f26-2797-43dd-82b2-2a861146bf50/invitees/e329214b-51d0-42f4-b680-13233d962cdf,https://api.calendly.com/scheduled_events/92a2296e-1c18-4a07-8e1e-2ff03830df6d/invitees/008cdc1c-2fd6-4f3b-8e7e-93b63379d649,2026-06-24,Anna VanTubergen,child_name
BNH325-01-A,3-20 year,3_5yr,2026,Anna,0d4eb43a-30c9-4325-8b79-70b53de7c9ce,b6aa7f06-aa80-403f-bfd3-dd744fa4fac4,2026-07-02,FALSE,FALSE,FALSE,FALSE,https://api.calendly.com/scheduled_events/92a2296e-1c18-4a07-8e1e-2ff03830df6d/invitees/008cdc1c-2fd6-4f3b-8e7e-93b63379d649,,2026-06-29,Anna VanTubergen,child_name
BNH325-01-A,3-20 year,3_5yr,2026,Anna,92a2296e-1c18-4a07-8e1e-2ff03830df6d,008cdc1c-2fd6-4f3b-8e7e-93b63379d649,2026-06-29,TRUE,FALSE,FALSE,TRUE,https://api.calendly.com/scheduled_events/781d1fb5-9a78-4146-a606-694a86719716/invitees/3391bbf1-c2ff-40db-8d46-60e348e78215,https://api.calendly.com/scheduled_events/0d4eb43a-30c9-4325-8b79-70b53de7c9ce/invitees/b6aa7f06-aa80-403f-bfd3-dd744fa4fac4,2026-06-24,Anna VanTubergen,child_name
BNH325-01-A,3-20 year,3_5yr,2026,Anna,34768f26-2797-43dd-82b2-2a861146bf50,e329214b-51d0-42f4-b680-13233d962cdf,2026-06-24,TRUE,FALSE,FALSE,TRUE,,https://api.calendly.com/scheduled_events/781d1fb5-9a78-4146-a606-694a86719716/invitees/3391bbf1-c2ff-40db-8d46-60e348e78215,2026-06-17,Anna VanTubergen,child_name
BPM036-01-A,6-35 month,12_23_month,2026,Nicole,39791eba-ed04-44b5-80b1-9213dc08ba73,31a82e4d-3516-436e-bff6-dbd0e6d10919,2026-08-28,FALSE,FALSE,TRUE,FALSE,,,2026-07-08,Nicole Lipcaman,child_echo_id
BPT625-01-A,3-20 year,6_10yr,2026,Andrew,3d052923-767d-4d82-a346-0b89801fb6a1,529d5377-62bd-4b45-a8cc-88e2bcbfcba0,2026-08-03,FALSE,FALSE,FALSE,FALSE,,,2026-07-27,Andrew Davis,child_echo_id
BPZ685-01-A,3-20 year,3_5yr,2026,Jo,2b536889-93c9-4426-a4fa-53177b84782a,d9f42b13-eb82-40e4-aa32-49ac1b513118,2026-05-03,FALSE,FALSE,FALSE,FALSE,,,2026-04-22,Jolyn Lerma,familyId+name
BQW274-01-A,3-20 year,3_5yr,2026,Jo,99ddbc98-73d6-4fd3-9092-cab39fcc5353,f7b1ed87-3c6b-48a4-9a63-bbebbdc1d36b,2026-06-03,FALSE,FALSE,FALSE,FALSE,,,2026-05-13,Jolyn Lerma,familyId+name
BRL402-01-A,6-35 month,12_23_month,2026,Andrew,d23bdb7a-f2db-4494-bf29-70a781899a0c,28782319-c62a-49f2-8fd4-bf1e74c9b770,2026-09-17,FALSE,FALSE,FALSE,FALSE,,,2026-08-28,Andrew Davis,child_echo_id
BTK197-01-A,3-20 year,6_10yr,2026,Nicole,d9ce47ab-a9b8-4dc4-8a2a-72882bbcc764,30d28467-3d39-471b-8804-ecd094edf127,2026-07-30,FALSE,FALSE,FALSE,FALSE,,,2026-06-30,Nicole Lipcaman,child_echo_id
BXJ770-01-A,6-35 month,12_23_month,2026,Jody,d10da20d-e158-4b41-b624-dd8eb546b9d0,c20ab15c-eb3a-4f77-8944-132604063c41,2026-08-12,TRUE,TRUE,FALSE,FALSE,,,2026-06-17,Jody Kendall,child_custom_id
BZP492-01-A,3-20 year,3_5yr,2026,Andrew,ae23e652-3b17-4569-90c3-9da9a5182ccd,14409654-a030-4946-9357-d99b36766096,2026-10-30,FALSE,FALSE,FALSE,FALSE,https://api.calendly.com/scheduled_events/5e55ac36-4ddf-453a-aaae-9f110a553c6b/invitees/635043d5-857e-4e94-bffb-5b2b8618316d,,2026-09-22,Andrew Davis,child_echo_id
BZP492-01-A,3-20 year,3_5yr,2026,Andrew,5e55ac36-4ddf-453a-aaae-9f110a553c6b,635043d5-857e-4e94-bffb-5b2b8618316d,2026-09-30,TRUE,FALSE,FALSE,TRUE,https://api.calendly.com/scheduled_events/63db5772-7787-48c8-ab26-8081e7d02ae6/invitees/b4c3995e-a9f3-4c25-b826-0b12e4c7413a,https://api.calendly.com/scheduled_events/ae23e652-3b17-4569-90c3-9da9a5182ccd/invitees/14409654-a030-4946-9357-d99b36766096,2026-08-19,Andrew Davis,child_echo_id
BZP492-01-A,3-20 year,3_5yr,2026,Toye,63db5772-7787-48c8-ab26-8081e7d02ae6,b4c3995e-a9f3-4c25-b826-0b12e4c7413a,2026-08-19,TRUE,FALSE,FALSE,TRUE,https://api.calendly.com/scheduled_events/47955978-9ea1-42b5-9710-029f0038cb0e/invitees/c581e621-2aad-4e0b-948d-dddcffe947cc,https://api.calendly.com/scheduled_events/5e55ac36-4ddf-453a-aaae-9f110a553c6b/invitees/635043d5-857e-4e94-bffb-5b2b8618316d,2026-06-17,Shetoye  Rice,child_name
BZP492-01-A,3-20 year,3_5yr,2026,Toye,47955978-9ea1-42b5-9710-029f0038cb0e,c581e621-2aad-4e0b-948d-dddcffe947cc,2026-06-17,TRUE,FALSE,FALSE,TRUE,,https://api.calendly.com/scheduled_events/63db5772-7787-48c8-ab26-8081e7d02ae6/invitees/b4c3995e-a9f3-4c25-b826-0b12e4c7413a,2026-04-27,Shetoye  Rice,child_name
CBL718-01-A,3-20 year,6_10yr,2026,Nicole,0bcfaffd-7750-4119-a267-1cb5d4926ceb,443c3326-0c2d-47bc-b1ba-9671324df493,2026-07-13,FALSE,FALSE,FALSE,FALSE,,,2026-06-11,Nicole Lipcaman,child_echo_id
CBW928-01-A,3-20 year,3_5yr,2026,Toye,56fd97e2-9cfd-4733-b91c-706f09113e86,6e1662e1-dc60-43d8-b79b-70c893eb0afb,2026-05-19,FALSE,FALSE,FALSE,FALSE,,,2026-04-23,Shetoye  Rice,child_name
CCC242-01-A,6-35 month,12_23_month,2026,Nicole,84d5b3e8-b961-46c3-a872-65b3db0a55b7,7c93f15e-7b5f-49c0-b827-c79c53fe3f9f,2026-03-26,FALSE,FALSE,FALSE,FALSE,,,2026-03-16,Nicole Lipcaman,child_echo_id
CDK744-01-A,3-20 year,6_10yr,2026,Jo,c99ff826-d3b2-4e9f-99fb-c808c0e3ee02,05cc7afb-1abf-49d7-a697-1c6da483fe95,2026-08-03,FALSE,FALSE,FALSE,FALSE,https://api.calendly.com/scheduled_events/c85f4552-1316-4aa3-a268-810cc15f0b76/invitees/901fc9f3-376a-43d6-99c6-807ce80b01d7,,2026-07-29,Jolyn Lerma,familyId+name
CDK744-01-A,3-20 year,6_10yr,2026,Jo,c85f4552-1316-4aa3-a268-810cc15f0b76,901fc9f3-376a-43d6-99c6-807ce80b01d7,2026-08-03,TRUE,FALSE,FALSE,TRUE,,https://api.calendly.com/scheduled_events/c99ff826-d3b2-4e9f-99fb-c808c0e3ee02/invitees/05cc7afb-1abf-49d7-a697-1c6da483fe95,2026-06-18,Jolyn Lerma,familyId+name
CGK997-01-A,3-20 year,6_10yr,2026,Nicole,b75708d2-c7a3-4fe7-8dfd-369b7f1f5f1d,911243d3-656f-4fa7-8380-ffaf73b847e1,2026-08-05,FALSE,FALSE,FALSE,FALSE,,,2026-07-07,Nicole Lipcaman,child_echo_id
CGT416-01-A,3-20 year,11_17yr,2026,Amy,7451db87-40f3-4ddf-86a1-297c0d5fae67,c1c7864c-38c5-466e-aa16-2b0020ccca2f,2026-03-13,FALSE,FALSE,FALSE,FALSE,,,2026-03-10,Amy Scharmen-Burgdolf,invitee_child_name
CHL989-01-A,3-20 year,6_10yr,2026,Nicole,1785bc34-5163-47ea-8741-a09c1828e194,ed948943-628f-44f4-84c8-63285ebc4f7a,2026-07-21,FALSE,FALSE,FALSE,FALSE,,,2026-07-08,Nicole Lipcaman,child_echo_id
CHL989-01-A,3-20 year,6_10yr,2026,Nicole,13b27128-c354-467a-a77f-62bcb6b4302e,3b0a38c1-e2e8-423a-b049-23eddfec0a92,2026-07-07,TRUE,TRUE,FALSE,FALSE,,,2026-06-17,Nicole Lipcaman,child_echo_id
CKH175-01-A,3-20 year,6_10yr,2026,Toye,6fdb8d76-1d48-4d95-87e4-755ebb4def9a,9f709085-6b0c-49c9-8053-fea44c519640,2026-07-29,TRUE,TRUE,FALSE,FALSE,,,2026-06-07,Shetoye  Rice,child_name
CKV256-01-A,3-20 year,3_5yr,2026,Toye,07e07c48-9b88-4eae-a97a-d29c500a0cff,3a05f413-97ba-41b2-a0c2-af2d8a7ca1c0,2026-07-02,FALSE,FALSE,FALSE,FALSE,https://api.calendly.com/scheduled_events/ac74f4a1-3d7d-42cd-966a-2fdbb8711406/invitees/134e9de7-de5d-4121-bb31-430297417abe,,2026-06-28,Shetoye  Rice,child_name
CKV256-01-A,3-20 year,6_10yr,2026,Toye,a7053230-f1f9-4a6f-a521-7944b58d1464,fa547aa8-6980-448b-95a6-0a443439a7ab,2026-08-18,TRUE,FALSE,FALSE,TRUE,,https://api.calendly.com/scheduled_events/ac74f4a1-3d7d-42cd-966a-2fdbb8711406/invitees/134e9de7-de5d-4121-bb31-430297417abe,2026-06-18,Shetoye  Rice,child_name
CKV256-01-A,3-20 year,6_10yr,2026,Toye,ac74f4a1-3d7d-42cd-966a-2fdbb8711406,134e9de7-de5d-4121-bb31-430297417abe,2026-08-18,TRUE,FALSE,FALSE,TRUE,https://api.calendly.com/scheduled_events/a7053230-f1f9-4a6f-a521-7944b58d1464/invitees/fa547aa8-6980-448b-95a6-0a443439a7ab,https://api.calendly.com/scheduled_events/07e07c48-9b88-4eae-a97a-d29c500a0cff/invitees/3a05f413-97ba-41b2-a0c2-af2d8a7ca1c0,2026-06-18,Shetoye  Rice,child_name
CLC701-01-A,6-35 month,12_23_month,2026,Jody,d481289b-ce63-47fb-be0c-36c1f05ac237,90e332a5-04e2-4a1b-8fbd-b53d16e00c33,2026-05-07,FALSE,FALSE,FALSE,FALSE,,,2026-04-02,Jody Kendall,child_custom_id
CLP827-01-A,3-20 year,6_10yr,2026,Andrew,54002cbd-220c-476d-9290-c7962f308ba3,b6a86618-51da-4be4-b41e-83e247651641,2026-10-29,FALSE,FALSE,FALSE,FALSE,,,2026-09-28,Andrew Davis,child_name
CLP827-01-A,3-20 year,6_10yr,2026,Andrew,9d0f99b6-ba92-4506-bbde-d79256e1f444,8a41af94-fbcf-4083-a6e4-eb99e9b707d2,2026-09-29,TRUE,TRUE,FALSE,FALSE,https://api.calendly.com/scheduled_events/74b693cb-9aec-431e-bb08-068aa77709ce/invitees/acec02c5-3ab3-4d41-bdc0-59bb2d430062,,2026-09-04,Andrew Davis,child_echo_id
CLP827-01-A,3-20 year,6_10yr,2026,Andrew,74b693cb-9aec-431e-bb08-068aa77709ce,acec02c5-3ab3-4d41-bdc0-59bb2d430062,2026-09-04,TRUE,FALSE,FALSE,TRUE,https://api.calendly.com/scheduled_events/7149306e-1a02-40d2-a6b2-50bb76b3b0b3/invitees/4250378b-f09e-4ae1-beea-69aadba64122,https://api.calendly.com/scheduled_events/9d0f99b6-ba92-4506-bbde-d79256e1f444/invitees/8a41af94-fbcf-4083-a6e4-eb99e9b707d2,2026-08-13,Andrew Davis,child_echo_id
CLP827-01-A,3-20 year,6_10yr,2026,Andrew,7149306e-1a02-40d2-a6b2-50bb76b3b0b3,4250378b-f09e-4ae1-beea-69aadba64122,2026-08-14,TRUE,FALSE,FALSE,TRUE,,https://api.calendly.com/scheduled_events/74b693cb-9aec-431e-bb08-068aa77709ce/invitees/acec02c5-3ab3-4d41-bdc0-59bb2d430062,2026-07-20,Andrew Davis,child_echo_id
CLX467-01-A,3-20 year,6_10yr,2026,Amy,80a9e29a-604f-434b-9334-cd85adfaaecf,ae325224-bf09-4ff6-87cb-8b207866d436,2026-09-22,FALSE,FALSE,FALSE,FALSE,,,2026-08-15,Amy Scharmen-Burgdolf,child_echo_id
CPS604-01-A,6-35 month,12_23_month,2026,Toye,6aea8baa-f470-4695-aaf2-8b6b1ddd807c,8c469745-d48f-47d7-9f34-effbb4f81340,2026-07-22,TRUE,TRUE,FALSE,FALSE,,,2026-06-17,Shetoye  Rice,child_name
CRB612-01-A,3-20 year,3_5yr,2026,Andrew,5266fc47-271b-46d1-90d3-34f6c1fa798d,f77c81a7-a9a1-47b6-af2e-0cbcd6284c5a,2026-09-10,FALSE,FALSE,FALSE,FALSE,https://api.calendly.com/scheduled_events/4146c12a-2f08-4852-9a96-7eb84243b461/invitees/096a354c-cabe-4c14-8be7-d7a0e19d5759,,2026-09-07,Andrew Davis,child_echo_id
CRB612-01-A,3-20 year,3_5yr,2026,Andrew,4146c12a-2f08-4852-9a96-7eb84243b461,096a354c-cabe-4c14-8be7-d7a0e19d5759,2026-09-08,TRUE,FALSE,FALSE,TRUE,https://api.calendly.com/scheduled_events/b700a1a7-9dba-43b1-a1c6-985bfb365432/invitees/63a5a909-5ca7-4d1d-96f7-8f890e1d31ce,https://api.calendly.com/scheduled_events/5266fc47-271b-46d1-90d3-34f6c1fa798d/invitees/f77c81a7-a9a1-47b6-af2e-0cbcd6284c5a,2026-08-31,Andrew Davis,child_echo_id
CRB612-01-A,3-20 year,3_5yr,2026,Andrew,b700a1a7-9dba-43b1-a1c6-985bfb365432,63a5a909-5ca7-4d1d-96f7-8f890e1d31ce,2026-08-31,TRUE,FALSE,FALSE,TRUE,,https://api.calendly.com/scheduled_events/4146c12a-2f08-4852-9a96-7eb84243b461/invitees/096a354c-cabe-4c14-8be7-d7a0e19d5759,2026-08-28,Andrew Davis,child_name
CRN594-01-A,3-20 year,11_17yr,2026,Amy,3c838e95-8832-4801-8b01-bbd7122b9bca,cd53e7a3-2a14-4430-933d-3dca7bdc0010,2026-04-15,FALSE,FALSE,FALSE,FALSE,,,2026-04-02,Amy Scharmen-Burgdolf,child_name
CRN594-01-A,3-20 year,11_17yr,2026,Cassie,0a4295c4-ca13-423a-a8e2-30cbd35a20e3,f3f5e7f9-66c3-475b-82b2-219f8753d85a,2026-03-31,TRUE,TRUE,FALSE,FALSE,,,2026-03-11,Cassie Nickerson,invitee_email
CSC443-01-A,3-20 year,6_10yr,2026,Nicole,752244ca-3187-4ced-b8fc-992bf7f27b06,f61bf656-8310-404a-8591-cddd89dfec06,2026-08-24,FALSE,FALSE,FALSE,FALSE,,,2026-08-14,Nicole Lipcaman,child_echo_id
CSG043-01-A,3-20 year,11_17yr,2026,Cassie,7a4af10f-9b88-4e81-962a-38a9a48ab47a,79e42a34-412c-4a51-8e01-a819574b4154,2026-07-20,FALSE,FALSE,FALSE,FALSE,https://api.calendly.com/scheduled_events/5a7af7d2-e7aa-4da0-b522-d1cd9f3801d9/invitees/5f40194e-8865-4cac-a428-cc998e306ff0,,2026-06-07,Cassie Nickerson,child_name
CSG043-01-A,3-20 year,11_17yr,2026,Cassie,5a7af7d2-e7aa-4da0-b522-d1cd9f3801d9,5f40194e-8865-4cac-a428-cc998e306ff0,2026-06-08,TRUE,FALSE,FALSE,TRUE,,https://api.calendly.com/scheduled_events/7a4af10f-9b88-4e81-962a-38a9a48ab47a/invitees/79e42a34-412c-4a51-8e01-a819574b4154,2026-04-23,Cassie Nickerson,child_name
CSS863-01-A,3-20 year,6_10yr,2026,Toye,1cf22b39-1fd7-4bb7-a151-0141b123a7c6,5b639c46-09bd-4029-b729-38a4a4e3f0b3,2026-07-21,FALSE,FALSE,FALSE,FALSE,,,2026-07-02,Shetoye  Rice,child_name
CSS863-02-A,6-35 month,12_23_month,2026,Breanna,923c40c8-0b5f-4668-a8eb-d19340394b94,6f72b9e2-32d9-45fb-8bd3-499c35c43ea2,2026-06-16,FALSE,FALSE,FALSE,FALSE,,,2026-06-08,Breanna Kornatowski,child_name
CVD069-01-A,3-20 year,6_10yr,2026,Jody,9f62e194-fb69-482e-a53f-b43558b10563,033b3de6-2000-437e-8333-0075effcc789,2026-09-30,TRUE,TRUE,FALSE,FALSE,,,2026-09-06,Jody Kendall,child_name
CVH085-01-A,3-20 year,6_10yr,2026,Jody,4a3afb54-9ee1-4950-ab65-94ea91e04ad2,f769aad7-7cfc-4c0c-8864-273237db1309,2026-07-11,FALSE,FALSE,FALSE,FALSE,https://api.calendly.com/scheduled_events/5acfb368-3ffc-4ad7-af65-e1fe710ae7f8/invitees/548395b0-c966-498c-a1b9-fddd7cec4a77,,2026-05-12,Jody Kendall,familyId+name
CVH085-01-A,3-20 year,6_10yr,2026,Jody,5acfb368-3ffc-4ad7-af65-e1fe710ae7f8,548395b0-c966-498c-a1b9-fddd7cec4a77,2026-05-19,TRUE,FALSE,FALSE,TRUE,,https://api.calendly.com/scheduled_events/4a3afb54-9ee1-4950-ab65-94ea91e04ad2/invitees/f769aad7-7cfc-4c0c-8864-273237db1309,2026-04-15,Jody Kendall,child_name
CWR588-01-A,3-20 year,6_10yr,2026,Andrew,c7df7416-e7a1-44f4-b354-96cb44b6827b,f965ec42-56f8-4b58-8e56-c3775052acb9,2026-08-27,FALSE,FALSE,FALSE,FALSE,https://api.calendly.com/scheduled_events/245fc02b-863a-4b4d-a3bf-68a8ffdd101f/invitees/d30ccd62-0f94-4b7a-acf4-b7ea67e3450e,,2026-08-24,Andrew Davis,child_echo_id
CWR588-01-A,3-20 year,6_10yr,2026,Andrew,245fc02b-863a-4b4d-a3bf-68a8ffdd101f,d30ccd62-0f94-4b7a-acf4-b7ea67e3450e,2026-08-24,TRUE,FALSE,FALSE,TRUE,,https://api.calendly.com/scheduled_events/c7df7416-e7a1-44f4-b354-96cb44b6827b/invitees/f965ec42-56f8-4b58-8e56-c3775052acb9,2026-08-18,Andrew Davis,child_name
CXB725-01-A,6-35 month,12_23_month,2026,Toye,51820f11-b5f0-4a67-8b5a-d15610c70ead,7774f2df-5aa7-4373-9c1f-05e561ac3ae1,2026-09-01,TRUE,TRUE,FALSE,FALSE,,,2026-07-06,Shetoye  Rice,invitee_email
CXB725-01-A,6-35 month,12_23_month,2026,Toye,647a5a54-ea2a-46ec-b56a-1e4d20fd7d14,35914227-0441-4ada-8605-d3d16df245a1,2026-08-11,TRUE,FALSE,FALSE,TRUE,,https://api.calendly.com/scheduled_events/ce17b54d-a884-4ebd-80f7-5ce4ecbd3ecc/invitees/f68fe2de-d00b-4312-9c95-4299a3e03886,2026-06-16,Shetoye  Rice,invitee_mother_name
CXB725-01-A,6-35 month,12_23_month,2026,Toye,c466e72f-51df-4b14-80aa-d7c28f282cc8,fdcf9bc1-5a17-43f1-958f-ded67b13b3a1,2026-07-14,TRUE,TRUE,FALSE,FALSE,,,2026-07-08,Shetoye  Rice,invitee_email
CXB725-01-A,6-35 month,12_23_month,2026,Toye,ce17b54d-a884-4ebd-80f7-5ce4ecbd3ecc,f68fe2de-d00b-4312-9c95-4299a3e03886,2026-06-28,FALSE,FALSE,TRUE,FALSE,https://api.calendly.com/scheduled_events/647a5a54-ea2a-46ec-b56a-1e4d20fd7d14/invitees/35914227-0441-4ada-8605-d3d16df245a1,,2026-06-16,Shetoye  Rice,invitee_mother_name
CXB725-01-A,6-35 month,12_23_month,2026,Breanna,82a4ad0b-a1f4-48fa-aa9c-ec9e8fb8c6b2,4907133d-95b8-43ad-aec6-8e87d62fd66d,2026-06-16,FALSE,FALSE,TRUE,FALSE,,,2026-06-08,Breanna Kornatowski,invitee_email
CXM978-01-A,3-20 year,6_10yr,2026,Nicole,82cad34e-b048-40ca-9482-acbbb559c149,1f451691-e558-45cf-870b-0a10cc71d1f6,2026-06-17,FALSE,FALSE,FALSE,FALSE,,,2026-06-07,Nicole Lipcaman,child_echo_id
CXR904-01-A,3-20 year,6_10yr,2026,Kowlini,3fa36290-8c4d-4d12-a580-e2f9edc408b0,37cc773a-c2ea-45d8-a237-e982c816b718,2026-08-30,FALSE,FALSE,FALSE,FALSE,,,2026-08-27,Kowlini Wickramasinghe,child_custom_id
CXR904-01-A,3-20 year,6_10yr,2026,Kowlini,e2e8efcd-6325-42d2-a30b-eaf8fe9bffe6,c165e107-3568-4e91-b1eb-f1b988f9e138,2026-08-29,TRUE,FALSE,FALSE,TRUE,,https://api.calendly.com/scheduled_events/75e2c43f-5588-4983-9b01-e536715b9f46/invitees/a0284541-c567-424c-acee-fa3155082f07,2026-08-11,Kowlini Wickramasinghe,child_custom_id
CXR904-01-A,3-20 year,6_10yr,2026,Kowlini,75e2c43f-5588-4983-9b01-e536715b9f46,a0284541-c567-424c-acee-fa3155082f07,2026-08-29,TRUE,TRUE,FALSE,FALSE,https://api.calendly.com/scheduled_events/e2e8efcd-6325-42d2-a30b-eaf8fe9bffe6/invitees/c165e107-3568-4e91-b1eb-f1b988f9e138,,2026-08-18,Kowlini Wickramasinghe,child_custom_id
CZX484-01-A,3-20 year,6_10yr,2026,Andrew,f8bd3ffd-97c3-4bd7-839d-a943f40e17ff,cde18771-3b00-4a02-8e9a-b4db0786c462,2026-08-23,FALSE,FALSE,TRUE,FALSE,,,2026-08-01,Andrew Davis,child_echo_id
DGF778-01-A,3-20 year,6_10yr,2026,Nicole,873606ad-c2af-4d77-b3ac-738d09eaa963,01d17332-a0db-434c-be3a-1fac83353942,2026-09-01,FALSE,FALSE,FALSE,FALSE,,,2026-08-20,Nicole Lipcaman,child_echo_id
DJK313-01-A,3-20 year,6_10yr,2026,Nicole,dbee1e1f-0356-4f47-a01e-3d468bf05a31,05c3c12f-ebc5-4274-ab24-725a8518f3b5,2026-08-27,FALSE,FALSE,FALSE,FALSE,,,2026-08-20,Nicole Lipcaman,child_echo_id
DKC244-01-A,3-20 year,11_17yr,2026,Jo,13e1b16a-05a5-41ab-a5f5-218c72cfb388,e3aeabef-f5b8-472c-9202-4a4615a6c396,2026-06-10,FALSE,FALSE,FALSE,FALSE,,,2026-05-21,Jolyn Lerma,child_custom_id
DLC442-01-A,3-20 year,3_5yr,2026,Anna,00a74548-07a1-4c24-a24c-a3e4c0d74475,7f2a0bcf-3ba2-4b52-a09e-12bed0ac4232,2026-07-07,FALSE,FALSE,FALSE,FALSE,,,2026-06-11,Anna VanTubergen,child_name
DNW140-01-A,3-20 year,6_10yr,2026,Andrew,29d2178b-6a2e-46ef-b6a4-63792fbd4d72,cc71ea8a-cfbb-4e4a-a610-c8ab6dee0826,2026-09-01,FALSE,FALSE,FALSE,FALSE,,,2026-08-26,Andrew Davis,child_echo_id
DQZ583-01-A,3-20 year,3_5yr,2026,Andrew,877da7dc-845f-4b15-a8ae-161dc0337863,e4c8d159-11b4-473b-b008-a4fda86ed956,2026-09-17,FALSE,FALSE,FALSE,FALSE,,,2026-09-13,Andrew Davis,child_echo_id
DRW841-01-A,3-20 year,11_17yr,2026,Amy,aaf10f52-2f4f-4285-b946-6ce4fab8c27a,fafa620c-1742-4457-80eb-a88c238a16d2,2026-05-10,FALSE,FALSE,FALSE,FALSE,,,2026-04-10,Amy Scharmen-Burgdolf,child_echo_id
DSN848-01-A,3-20 year,6_10yr,2026,Kowlini,b323115c-c72d-4e1e-8c80-11f6b1b5b723,aef6a487-efb4-4039-b76b-57e0a3a4253c,2026-08-13,FALSE,FALSE,FALSE,FALSE,https://api.calendly.com/scheduled_events/c506e251-8488-47e3-bee2-7cc568138445/invitees/72d98753-775b-4b56-8c51-afd8df50905f,,2026-08-11,Kowlini Wickramasinghe,child_custom_id
DSN848-01-A,3-20 year,6_10yr,2026,Kowlini,c506e251-8488-47e3-bee2-7cc568138445,72d98753-775b-4b56-8c51-afd8df50905f,2026-08-13,TRUE,FALSE,FALSE,TRUE,,https://api.calendly.com/scheduled_events/b323115c-c72d-4e1e-8c80-11f6b1b5b723/invitees/aef6a487-efb4-4039-b76b-57e0a3a4253c,2026-08-02,Kowlini Wickramasinghe,child_custom_id
DTQ848-01-A,6-35 month,12_23_month,2026,Andrew,4b0d4964-ba20-4df5-b75e-0369697e766e,9c103965-4122-4888-9365-8fba5eb73c20,2026-08-24,TRUE,TRUE,FALSE,FALSE,https://api.calendly.com/scheduled_events/b4065c35-e938-40b8-b4ec-d402e2d7a879/invitees/a64e8b3e-f83a-494e-a852-3b4f2f7078c1,,2026-08-12,Andrew Davis,child_name
DTQ848-01-A,6-35 month,12_23_month,2026,Toye,b4065c35-e938-40b8-b4ec-d402e2d7a879,a64e8b3e-f83a-494e-a852-3b4f2f7078c1,2026-08-12,TRUE,FALSE,FALSE,TRUE,,https://api.calendly.com/scheduled_events/4b0d4964-ba20-4df5-b75e-0369697e766e/invitees/9c103965-4122-4888-9365-8fba5eb73c20,2026-06-16,Shetoye  Rice,child_name
DWB641-01-A,3-20 year,6_10yr,2026,Cassie,75c45f69-aa03-41a1-8f70-b3858e32aae7,9bee18e6-5d00-42e5-9456-cb9181a4c48e,2026-10-05,FALSE,FALSE,FALSE,FALSE,,,2026-08-15,Cassie Nickerson,child_name
DWJ555-01-A,3-20 year,6_10yr,2026,Kowlini,01438bf6-9c31-4c14-890f-448cde9a5c3a,405a6e37-0e7f-4c71-aab8-6848ab7199d1,2026-09-09,FALSE,FALSE,FALSE,FALSE,,,2026-09-03,Kowlini Wickramasinghe,child_custom_id
DWJ555-01-A,3-20 year,6_10yr,2026,Kowlini,ad7aa6e4-f6b9-4f46-9143-e3f7e5cc2f5f,08d5161e-3791-46a1-aeb5-55ab0c8b8242,2026-09-02,FALSE,FALSE,TRUE,FALSE,,,2026-08-31,Kowlini Wickramasinghe,child_custom_id
DYN462-01-A,3-20 year,3_5yr,2026,Toye,c5d00641-f883-432f-bcc0-84d36b9b8b51,9785e201-02e6-4b64-ba09-fd6710dd067d,2026-05-13,TRUE,TRUE,FALSE,FALSE,,,2026-04-27,Shetoye  Rice,child_name
FFC134-01-A,3-20 year,6_10yr,2026,Kowlini,01e240ee-ca8c-40d9-88fb-eeebb470eefd,cdaa9ce8-f19d-49d3-a042-c348c46f3eb1,2026-08-23,FALSE,FALSE,FALSE,FALSE,,,2026-08-06,Kowlini Wickramasinghe,child_custom_id
FHJ625-01-A,3-20 year,6_10yr,2026,Toye,ba9b240c-5f0d-4c60-b632-75fe9c74f374,bbd29bc9-2832-4b34-8b0d-210785db64df,2026-03-17,FALSE,FALSE,FALSE,FALSE,,,2026-03-12,Shetoye  Rice,invitee_email
FKD843-01-A,3-20 year,11_17yr,2026,Cassie,97130212-a0ca-4ff0-8479-b0dfc4774005,7fe1ee0b-1372-4e22-8e2e-6fd94c75da1f,2026-10-18,FALSE,FALSE,FALSE,FALSE,https://api.calendly.com/scheduled_events/4be9d5aa-5c81-4667-b1a3-f01050085d12/invitees/f8ca7e63-c02d-4dad-a92d-4e4b1272e200,,2026-09-19,Cassie Nickerson,child_name
FKD843-01-A,3-20 year,11_17yr,2026,Cassie,4be9d5aa-5c81-4667-b1a3-f01050085d12,f8ca7e63-c02d-4dad-a92d-4e4b1272e200,2026-09-21,TRUE,FALSE,FALSE,TRUE,,https://api.calendly.com/scheduled_events/97130212-a0ca-4ff0-8479-b0dfc4774005/invitees/7fe1ee0b-1372-4e22-8e2e-6fd94c75da1f,2026-07-15,Cassie Nickerson,child_name
FNC855-01-A,6-35 month,12_23_month,2026,Jody,24a2d047-0fbd-4499-8184-866700d051bb,b037d1e1-fdcc-4d31-be1f-0f92abf1349a,2026-08-03,FALSE,FALSE,FALSE,FALSE,,,2026-06-16,Jody Kendall,familyId+name
FNC855-01-A,6-35 month,12_23_month,2026,Jody,be6ed79a-0e82-4d53-bb49-20110b37cc28,58daf207-c5f7-4f53-8dda-5224bddfe3bb,2026-05-07,FALSE,FALSE,TRUE,FALSE,,,2026-04-02,Jody Kendall,child_custom_id
FNS996-01-A,3-20 year,11_17yr,2026,Amy,b6ac7f36-135b-449d-81e0-002d91971cf6,e06ae93d-0938-4955-bd6d-3b3a7e71cf30,2026-08-26,FALSE,FALSE,FALSE,FALSE,,,2026-08-24,Amy Scharmen-Burgdolf,child_name
FTC406-01-A,3-20 year,3_5yr,2026,Toye,1d3df0c6-f464-487d-a54b-a5aba4ecf62e,3647cfd2-e8b3-4530-b326-030da8e0c61f,2026-04-09,FALSE,FALSE,FALSE,FALSE,,,2026-03-28,Shetoye  Rice,child_name
FWH545-01-A,3-20 year,11_17yr,2026,Jo,0ae71194-6782-4e22-bf5e-730fdf87f021,ca354aae-29ac-4d48-8b5d-3fa0ee40c70d,2026-06-03,FALSE,FALSE,FALSE,FALSE,,,2026-04-29,Jolyn Lerma,child_custom_id
FWL830-01-A,3-20 year,6_10yr,2026,Nicole,b8f91177-8f19-42fa-9edd-0283b80eae3d,925a7597-e3e4-482b-ae84-9c148674ba48,2026-07-13,FALSE,FALSE,FALSE,FALSE,,,2026-06-29,Nicole Lipcaman,child_echo_id
FYB626-01-A,3-20 year,11_17yr,2026,Cassie,0fa429ad-5078-434f-a874-bb88c59c1b9a,9f1161d5-3916-472d-b8b7-b8dd48a693d9,2026-04-07,FALSE,FALSE,FALSE,FALSE,,,2026-03-27,Cassie Nickerson,child_name
FYC718-01-A,3-20 year,3_5yr,2026,Andrew,f6ab15fd-c3ef-4bf9-ac40-876b27966a27,86bfbfeb-5f0c-4957-8d52-3ecf9c1f6f9d,2026-07-31,FALSE,FALSE,FALSE,FALSE,,,2026-07-17,Andrew Davis,child_echo_id
FYG871-01-A,3-20 year,6_10yr,2026,Andrew,04405f2e-c9d8-4b3b-aca5-15fffbfe5c57,819c393d-2730-421e-9ef3-0f76e9ac16fe,2026-09-20,FALSE,FALSE,TRUE,FALSE,,,2026-09-08,Andrew Davis,child_echo_id
FYN107-01-A,3-20 year,3_5yr,2026,Toye,0fb0775b-aba0-4021-8e3d-c266825cf2e0,331596a8-013c-45c9-a044-efe801ef04c2,2026-05-20,FALSE,FALSE,FALSE,FALSE,,,2026-04-25,Shetoye  Rice,child_name
GBB029-01-A,3-20 year,6_10yr,2026,Andrew,4a65f14e-388c-405c-bae1-5e87fb5d932a,b3f56a9f-3349-4fee-a193-6a7a73c76485,2026-09-17,FALSE,FALSE,FALSE,FALSE,,,2026-08-30,Andrew Davis,child_echo_id
GBH901-01-A,6-35 month,12_23_month,2026,Nicole,ff57b0dd-ae71-4523-bcc5-23ea1fecf026,ebc83f50-b306-4abf-832c-374b00db5de4,2026-05-15,FALSE,FALSE,FALSE,FALSE,,,2026-04-01,Nicole Lipcaman,child_echo_id
GCP510-02-A,3-20 year,3_5yr,2026,Toye,1e49581c-4303-4dea-8058-421a28f31585,ad9b47b8-4078-4301-83e9-40629fe5e018,2026-09-08,TRUE,TRUE,FALSE,FALSE,,,2026-06-23,Shetoye  Rice,child_name
GCP510-02-A,3-20 year,3_5yr,2026,Kowlini,a018ecb7-b38a-4de6-9912-b42a529d1ddf,ce9a998c-519c-4116-b835-ee8814a11387,2026-08-31,FALSE,FALSE,FALSE,FALSE,,,2026-08-30,Kowlini Wickramasinghe,child_custom_id
GCP510-02-A,3-20 year,3_5yr,2026,Jody,d810103c-30ee-4174-aa75-89ada38f3e93,3606a753-2918-4efe-9967-9f7ed4079339,2026-08-31,TRUE,TRUE,FALSE,FALSE,,,2026-06-24,Jody Kendall,child_custom_id
GDJ477-01-A,6-35 month,12_23_month,2026,Nicole,2884cfdb-5d3a-4159-bf5e-3998be680b62,c337bfd2-0c26-48dd-a08e-dbe5ca79ccec,2026-03-28,FALSE,FALSE,FALSE,FALSE,,,2026-03-16,Nicole Lipcaman,child_echo_id
GDN788-01-A,6-35 month,12_23_month,2026,Nicole,ee300c05-1958-4b96-b2d2-5a010fe9355f,b46bd54a-4093-4a2b-9e09-b918c0d71a6a,2026-06-22,FALSE,FALSE,FALSE,FALSE,https://api.calendly.com/scheduled_events/ed6197da-b3c4-4b12-a1fb-fabe80a14420/invitees/72774435-9540-4de5-a80f-788c74653733,,2026-05-03,Nicole Lipcaman,child_echo_id
GDN788-01-A,6-35 month,12_23_month,2026,Nicole,ed6197da-b3c4-4b12-a1fb-fabe80a14420,72774435-9540-4de5-a80f-788c74653733,2026-05-18,TRUE,FALSE,FALSE,TRUE,,https://api.calendly.com/scheduled_events/ee300c05-1958-4b96-b2d2-5a010fe9355f/invitees/b46bd54a-4093-4a2b-9e09-b918c0d71a6a,2026-03-31,Nicole Lipcaman,child_echo_id
GDY251-01-A,3-20 year,3_5yr,2026,Toye,439ff426-0802-42df-ad8b-81a0236501da,5cdad623-6841-4b7e-9692-31a7596042e4,2026-07-15,FALSE,FALSE,TRUE,FALSE,,,2026-05-29,Shetoye  Rice,child_name
GFK818-01-A,3-20 year,3_5yr,2026,Anna,58674bba-e685-4ada-945d-a8dc3cd122c0,2c4841ff-52b0-49e7-83f8-ce07ffb7c2f3,2026-05-14,FALSE,FALSE,FALSE,FALSE,,,2026-05-12,Anna VanTubergen,child_name
GFP154-01-A,3-20 year,6_10yr,2026,Anna,e1830ed2-f547-449c-bd23-a228def0f34a,d09a63f3-5325-40ee-b01f-80bcd534cc7e,2026-08-10,FALSE,FALSE,FALSE,FALSE,,,2026-08-07,Anna VanTubergen,child_name
GHR496-01-A,3-20 year,6_10yr,2026,Andrew,798c51c7-f4c7-42b0-9cf5-2d3b9a58341c,5b656225-11d7-478f-98c3-d4edc5ac1965,2026-09-04,FALSE,FALSE,FALSE,FALSE,,,2026-08-31,Andrew Davis,child_echo_id
GKZ718-01-A,3-20 year,3_5yr,2026,Anna,78f45be6-90c4-4bbd-a6d3-da5e37b636ea,acc4155a-cb4a-41ff-bb4b-83350d70f227,2026-04-30,FALSE,FALSE,FALSE,FALSE,,,2026-04-06,Anna VanTubergen,child_name
GMB721-01-A,6-35 month,12_23_month,2026,Kowlini,06f68613-8653-4d83-b462-b3793d64d101,16ffec7e-8c16-40e6-8a02-59c378273afe,2026-10-05,FALSE,FALSE,FALSE,FALSE,,,2026-10-02,Kowlini Wickramasinghe,child_custom_id
GMB721-01-A,6-35 month,12_23_month,2026,Kowlini,d4c8e193-4947-4558-9343-2045961a384e,39ce73fe-9c9c-4e95-bb36-7f583a94df2a,2026-09-29,FALSE,FALSE,TRUE,FALSE,,,2026-09-23,Kowlini Wickramasinghe,child_custom_id
GMB721-01-A,6-35 month,12_23_month,2026,Kowlini,91307291-6c1d-411d-b1d2-35b9111c8d02,34398028-4930-4a1b-91c1-31768ec70169,2026-09-21,FALSE,FALSE,TRUE,FALSE,,,2026-09-19,Kowlini Wickramasinghe,child_custom_id
GMK178-01-A,3-20 year,6_10yr,2026,Nicole,d5a3be61-5a08-4803-9f77-67e2481adbb4,879630f7-8d7f-4eba-b1e1-e402a415b3a7,2026-08-25,FALSE,FALSE,FALSE,FALSE,,,2026-08-18,Nicole Lipcaman,child_echo_id
GMS994-01-A,3-20 year,11_17yr,2026,Jo,d5db87df-07d7-4dba-a69a-bc98d070472c,147b50a5-f086-41a5-94eb-65ab981a27cd,2026-04-08,FALSE,FALSE,FALSE,FALSE,,,2026-03-25,Jolyn Lerma,mom_id+name
GRM073-01-A,6-35 month,12_23_month,2026,Andrew,8281a689-5e23-4b3d-bcd7-af351db0c653,17f4dfe5-0e4e-496d-8003-bd1577c57708,2026-09-12,TRUE,TRUE,FALSE,FALSE,https://api.calendly.com/scheduled_events/91efead7-7275-434e-a608-534ff9c2b003/invitees/981ab5b8-12a3-413a-a60c-2e646472a48b,,2026-09-09,Andrew Davis,child_echo_id
GRM073-01-A,6-35 month,12_23_month,2026,Andrew,91efead7-7275-434e-a608-534ff9c2b003,981ab5b8-12a3-413a-a60c-2e646472a48b,2026-09-09,TRUE,FALSE,FALSE,TRUE,,https://api.calendly.com/scheduled_events/8281a689-5e23-4b3d-bcd7-af351db0c653/invitees/17f4dfe5-0e4e-496d-8003-bd1577c57708,2026-09-04,Andrew Davis,child_name
GRN392-01-A,3-20 year,11_17yr,2026,Cassie,1b86e076-29b1-4eb9-b294-9cfb833050ec,fd605df2-f163-4af1-a070-0ee9b8501ab3,2026-04-25,FALSE,FALSE,FALSE,FALSE,,,2026-03-24,Cassie Nickerson,child_echo_id
GVZ320-01-A,3-20 year,6_10yr,2026,Andrew,ee820dfc-70b0-4b08-adc1-a3e7464faa2f,ac1bd3d6-8ec7-40af-8d0c-dd904e025f77,2026-08-11,FALSE,FALSE,FALSE,FALSE,,,2026-08-09,Andrew Davis,child_echo_id
GWP690-01-A,3-20 year,11_17yr,2026,Jo,273cc9c6-f09b-4097-9ec1-8f4582045b6f,43a91eab-a1e6-421a-a7b2-4356590a353b,2026-04-22,FALSE,FALSE,FALSE,FALSE,https://api.calendly.com/scheduled_events/aaf40b0b-7e55-4887-85f8-d5316fcdc589/invitees/95fe39e0-6777-4f07-b919-23871479fae7,,2026-04-20,Jolyn Lerma,child_custom_id
GWP690-01-A,3-20 year,11_17yr,2026,Jo,aaf40b0b-7e55-4887-85f8-d5316fcdc589,95fe39e0-6777-4f07-b919-23871479fae7,2026-04-22,TRUE,FALSE,FALSE,TRUE,https://api.calendly.com/scheduled_events/89c96ba6-572d-4e7f-abf0-7145818837b1/invitees/87e21851-794d-456d-aba6-ff34ec203f98,https://api.calendly.com/scheduled_events/273cc9c6-f09b-4097-9ec1-8f4582045b6f/invitees/43a91eab-a1e6-421a-a7b2-4356590a353b,2026-03-28,Jolyn Lerma,child_custom_id
GWP690-01-A,3-20 year,11_17yr,2026,Jo,89c96ba6-572d-4e7f-abf0-7145818837b1,87e21851-794d-456d-aba6-ff34ec203f98,2026-03-28,TRUE,FALSE,FALSE,TRUE,,https://api.calendly.com/scheduled_events/aaf40b0b-7e55-4887-85f8-d5316fcdc589/invitees/95fe39e0-6777-4f07-b919-23871479fae7,2026-03-09,Jolyn Lerma,invitee_child_name
GYQ941-01-A,3-20 year,6_10yr,2026,Toye,b5a335da-0ff5-4d14-8fef-429b4fb118cb,6347fab0-6068-4584-94c7-02a6473bc0ad,2026-07-15,FALSE,FALSE,FALSE,FALSE,,,2026-06-08,Shetoye  Rice,child_name
GZM171-01-A,3-20 year,11_17yr,2026,Cassie,0913eb55-d31e-42fe-9770-4a9de3d2e85b,4652dc33-a956-48f9-9045-e7988c3aac86,2026-05-11,FALSE,FALSE,FALSE,FALSE,https://api.calendly.com/scheduled_events/1e8a7308-bf23-4ec3-a29a-5746bd38ae29/invitees/ca4413bd-ba74-4696-bf38-a75f0dbe0c5a,,2026-05-05,Cassie Nickerson,child_name
GZM171-01-A,3-20 year,11_17yr,2026,Jo,1e8a7308-bf23-4ec3-a29a-5746bd38ae29,ca4413bd-ba74-4696-bf38-a75f0dbe0c5a,2026-05-05,TRUE,FALSE,FALSE,TRUE,,https://api.calendly.com/scheduled_events/0913eb55-d31e-42fe-9770-4a9de3d2e85b/invitees/4652dc33-a956-48f9-9045-e7988c3aac86,2026-04-30,Jolyn Lerma,child_name
GZR716-01-A,6-35 month,12_23_month,2026,Nicole,715e36c0-f18a-42bf-b71a-a6c40e6285e0,73cea95e-b85f-434a-b537-d0767cc11461,2026-09-01,FALSE,FALSE,FALSE,FALSE,,,2026-08-19,Nicole Lipcaman,child_echo_id
HBN403-01-A,3-20 year,6_10yr,2026,Jo,a9bdcade-16ac-458d-ac0b-57a7484dd8e1,2707582b-1e77-44cd-be7e-5ae591962987,2026-09-29,FALSE,FALSE,TRUE,FALSE,https://api.calendly.com/scheduled_events/dfd9f142-d31a-4ca2-b38a-ebd7234c6c85/invitees/ad0eca2f-3d35-49e7-994a-6215554368bb,,2026-09-09,Jolyn Lerma,child_name
HBN403-01-A,3-20 year,6_10yr,2026,Cassie,dfd9f142-d31a-4ca2-b38a-ebd7234c6c85,ad0eca2f-3d35-49e7-994a-6215554368bb,2026-09-16,TRUE,FALSE,FALSE,TRUE,,https://api.calendly.com/scheduled_events/a9bdcade-16ac-458d-ac0b-57a7484dd8e1/invitees/2707582b-1e77-44cd-be7e-5ae591962987,2026-08-18,Cassie Nickerson,child_name
HBX436-01-A,3-20 year,11_17yr,2026,Amy,ce1be80e-ea95-4d25-89c4-add8f63158d4,f40e941f-80d9-4067-a83d-f07639e2ae7e,2026-08-06,FALSE,FALSE,FALSE,FALSE,,,2026-07-15,Amy Scharmen-Burgdolf,child_echo_id
HCG894-01-A,3-20 year,6_10yr,2026,Nicole,f8258b9b-c37a-471e-988b-d91da8fbf9e3,6161f8dc-2b03-41f3-96b9-2945c015cd03,2026-11-19,FALSE,FALSE,FALSE,FALSE,,,2026-08-30,Nicole Lipcaman,child_echo_id
HGX059-01-A,3-20 year,11_17yr,2026,Jo,dd2f72f3-bb19-4962-8643-c84835b61129,50b46959-0d46-4290-be04-d8a16a33bb1f,2026-05-03,TRUE,TRUE,FALSE,FALSE,,,2026-04-17,Jolyn Lerma,child_name
HGX059-01-A,3-20 year,11_17yr,2026,Jo,0c2f2180-869e-418a-93ac-f9feb8bc9f59,03e12057-3bce-42b2-a0a8-e626cb73576c,2026-04-18,FALSE,FALSE,FALSE,FALSE,,,2026-03-06,Jolyn Lerma,child_custom_id
HGZ645-01-A,3-20 year,6_10yr,2026,Nicole,a012fb64-1764-44f9-9158-3bbc00001ac6,a5f4e8cf-9d2a-403a-8b05-7299162b8c03,2026-06-22,FALSE,FALSE,FALSE,FALSE,,,2026-05-21,Nicole Lipcaman,child_echo_id
HHL079-01-A,3-20 year,6_10yr,2026,Jody,df0561b8-5262-4cfe-80ab-74bc60fe3bf7,da08d604-27e0-4c46-80f9-9cc1cac623fb,2026-07-14,FALSE,FALSE,FALSE,FALSE,,,2026-06-08,Jody Kendall,child_name
HHW537-01-A,6-35 month,12_23_month,2026,Jody,2f0da7a0-6e81-41dc-983b-e5b3907803ce,fc498ff1-42b4-4dfd-80d0-a8ae9e18ace4,2026-04-03,FALSE,FALSE,FALSE,FALSE,,,2026-03-20,Jody Kendall,invitee_email
HJC838-01-A,3-20 year,6_10yr,2026,Amy,db0d8048-0ddb-4797-a1a1-0afaa55d3e4d,6e21d443-67bf-4395-a15b-e4f387997b4a,2026-08-26,FALSE,FALSE,FALSE,FALSE,,,2026-08-17,Amy Scharmen-Burgdolf,child_echo_id
HKF151-01-A,3-20 year,11_17yr,2026,Cassie,dc64b1d7-1781-4667-8ac7-d74b9c28afbb,11af4852-97ef-4853-b760-397870556c5a,2026-07-13,FALSE,FALSE,FALSE,FALSE,,,2026-05-31,Cassie Nickerson,child_name
HKF151-02-A,3-20 year,11_17yr,2026,Cassie,2c28eaf1-8cde-4d2b-acd9-77d3347743ce,bede6408-f946-4949-ac2f-c990ea5c2366,2026-07-13,FALSE,FALSE,FALSE,FALSE,,,2026-05-31,Cassie Nickerson,child_name
HLW497-01-A,3-20 year,3_5yr,2026,Jody,e42ac309-d588-4d4c-a22c-a4cec1af06da,2e1990e0-a4b2-4c6d-897b-b20cff43a83c,2026-07-28,FALSE,FALSE,FALSE,FALSE,,,2026-06-01,Jody Kendall,familyId+name
HMP017-01-A,3-20 year,6_10yr,2026,Andrew,61a38713-183a-4e08-b005-061507840d14,6030f6b5-0ee0-45d2-826d-c5de7dc46747,2026-10-29,FALSE,FALSE,FALSE,FALSE,,,2026-09-30,Andrew Davis,child_name
HMP636-01-A,3-20 year,6_10yr,2026,Andrew,afa72e7a-3e41-49c8-bc84-c252b9ea775c,7bd35019-2afc-4255-aba3-3625b67bd06f,2026-08-03,FALSE,FALSE,FALSE,FALSE,,,2026-07-21,Andrew Davis,child_echo_id
HQB638-01-A,3-20 year,11_17yr,2026,Jo,811ea3ae-b40b-4e88-81db-b35ed8a05483,b65b7c81-b29d-41b8-9c6e-3f85a12b8ee1,2026-09-28,FALSE,FALSE,FALSE,FALSE,https://api.calendly.com/scheduled_events/ba3d6d04-0521-4487-88e1-fa7fa3b65236/invitees/cc448b92-2c9b-4761-b1bf-327b65e2af4b,,2026-08-23,Jolyn Lerma,child_custom_id
HQB638-01-A,3-20 year,11_17yr,2026,Cassie,ba3d6d04-0521-4487-88e1-fa7fa3b65236,cc448b92-2c9b-4761-b1bf-327b65e2af4b,2026-08-24,TRUE,FALSE,FALSE,TRUE,,https://api.calendly.com/scheduled_events/811ea3ae-b40b-4e88-81db-b35ed8a05483/invitees/b65b7c81-b29d-41b8-9c6e-3f85a12b8ee1,2026-07-20,Cassie Nickerson,child_name
HQX076-01-A,3-20 year,6_10yr,2026,Nicole,d1eeb24a-ec63-4176-8834-7687bd79db60,a7e6cc94-e5b4-4783-9629-def39fa6bb34,2026-07-16,FALSE,FALSE,FALSE,FALSE,,,2026-06-02,Nicole Lipcaman,child_echo_id
HQY396-01-A,3-20 year,6_10yr,2026,Nicole,28cab569-aeab-446e-91c4-502553a10d82,fb0fc006-1e91-44ab-ac06-9cc584e6e6b0,2026-08-27,FALSE,FALSE,FALSE,FALSE,,,2026-08-26,Nicole Lipcaman,invitee_email
HQY396-01-A,3-20 year,6_10yr,2026,Nicole,4f8236b5-50c8-4219-acf3-9d957d569ab4,5637396e-4b35-4add-8064-91a03989f214,2026-08-27,TRUE,TRUE,FALSE,FALSE,,,2026-08-14,Nicole Lipcaman,child_echo_id
HRF525-01-A,3-20 year,11_17yr,2026,Toye,f1a531f6-67fc-46f5-8d1a-4b9dfcc361d7,26d2e488-152a-4cd0-9630-8f6ab7616459,2026-08-25,TRUE,FALSE,FALSE,TRUE,,https://api.calendly.com/scheduled_events/69b968f2-db27-41f3-a6ff-b0891bc9edd0/invitees/a95860ad-2362-4a59-ac71-c67a325fe5b1,2026-06-22,Shetoye  Rice,child_name
HRF525-01-A,3-20 year,11_17yr,2026,Toye,69b968f2-db27-41f3-a6ff-b0891bc9edd0,a95860ad-2362-4a59-ac71-c67a325fe5b1,2026-08-23,FALSE,FALSE,FALSE,FALSE,https://api.calendly.com/scheduled_events/f1a531f6-67fc-46f5-8d1a-4b9dfcc361d7/invitees/26d2e488-152a-4cd0-9630-8f6ab7616459,,2026-08-22,Shetoye  Rice,child_name
HSD339-01-A,3-20 year,3_5yr,2026,Toye,559e0b19-42fa-479b-9c78-4c5f3fdf9945,c3440a71-d552-42bd-9cf6-602844e96efd,2026-04-30,FALSE,FALSE,FALSE,FALSE,,,2026-04-08,Shetoye  Rice,child_name
HSV917-01-A,3-20 year,11_17yr,2026,Jo,6160da03-2f7f-4aad-a2ad-a3020dac6ed3,69208cc6-beb5-42f5-9168-f9af192afd41,2026-05-04,FALSE,FALSE,FALSE,FALSE,,,2026-04-26,Jolyn Lerma,child_custom_id
HSX501-01-A,3-20 year,6_10yr,2026,Toye,b3f7ce8a-017d-48d5-9a58-0fdf69cfd72b,dde1604d-c1b1-4c66-9cbe-820ad340019e,2026-09-02,FALSE,FALSE,FALSE,FALSE,,,2026-06-25,Shetoye  Rice,child_name
HTW595-01-A,3-20 year,3_5yr,2026,Anna,eb79b2e6-4313-4a13-9a67-c3cbb3c22808,b01e7184-c514-4101-b3ea-18231bfc1900,2026-06-03,FALSE,FALSE,FALSE,FALSE,,,2026-05-22,Anna VanTubergen,child_name
HXK737-01-A,3-20 year,3_5yr,2026,Anna,e6211256-52d8-449a-9210-f4fa4d217a07,98348008-c412-4b2f-a027-031fa069a13b,2026-08-10,FALSE,FALSE,FALSE,FALSE,,,2026-07-29,Anna VanTubergen,child_name
HYP683-01-A,3-20 year,11_17yr,2026,Amy,55ff2362-ce95-4dcc-aadb-c5e39430013f,3f3b5595-ad8e-4788-a1a6-98baac19d346,2026-08-02,FALSE,FALSE,FALSE,FALSE,,,2026-07-06,Amy Scharmen-Burgdolf,child_echo_id
HYQ752-01-A,3-20 year,11_17yr,2026,Cassie,6061d1e7-23ea-477f-8694-7ce57d199977,d845fb23-21e6-4858-922c-8c2998e449ce,2026-06-28,FALSE,FALSE,FALSE,FALSE,,,2026-05-19,Cassie Nickerson,child_name
HZD623-01-A,3-20 year,11_17yr,2026,Jo,d6aaa8be-a0c7-4216-8f46-f6d290c61394,b1e97b50-7c3b-4f58-9a34-479d757a7711,2026-09-28,TRUE,TRUE,FALSE,FALSE,,,2026-08-12,Jolyn Lerma,child_custom_id
HZD623-01-A,3-20 year,11_17yr,2026,Cassie,2563fc07-501b-4cd7-9896-ffe7d68cac60,2df66d38-ad0a-44f2-aa4d-c77e855ee820,2026-09-16,TRUE,TRUE,FALSE,FALSE,,,2026-08-12,Cassie Nickerson,child_name
HZT648-01-A,3-20 year,11_17yr,2026,Jo,8b58b253-dcb0-4c57-b8e3-4af4c36e1a24,1f2bdf34-274a-4cab-8f2c-c695d389b2db,2026-04-16,FALSE,FALSE,FALSE,FALSE,,,2026-03-25,Jolyn Lerma,child_custom_id
JBM041-01-A,6-35 month,12_23_month,2026,Nicole,6599f9e7-b0b1-4430-97e9-b5584caebeaf,33259965-0c72-440f-b8a3-a6d937bf0e8d,2026-06-17,FALSE,FALSE,FALSE,FALSE,https://api.calendly.com/scheduled_events/4701684e-a34c-4d43-bc79-04530c042719/invitees/9d19b471-c355-4ca0-9d35-7cc9c21e5684,,2026-06-10,Nicole Lipcaman,child_echo_id
JBM041-01-A,6-35 month,12_23_month,2026,Nicole,4701684e-a34c-4d43-bc79-04530c042719,9d19b471-c355-4ca0-9d35-7cc9c21e5684,2026-06-10,TRUE,FALSE,FALSE,TRUE,https://api.calendly.com/scheduled_events/4bfdb3a1-5ad9-481a-8309-20289b21f953/invitees/36d4c37a-2b0e-4d33-a21b-450bb9254878,https://api.calendly.com/scheduled_events/6599f9e7-b0b1-4430-97e9-b5584caebeaf/invitees/33259965-0c72-440f-b8a3-a6d937bf0e8d,2026-05-28,Nicole Lipcaman,child_echo_id
JBM041-01-A,6-35 month,12_23_month,2026,Nicole,4bfdb3a1-5ad9-481a-8309-20289b21f953,36d4c37a-2b0e-4d33-a21b-450bb9254878,2026-05-28,TRUE,FALSE,FALSE,TRUE,,https://api.calendly.com/scheduled_events/4701684e-a34c-4d43-bc79-04530c042719/invitees/9d19b471-c355-4ca0-9d35-7cc9c21e5684,2026-04-04,Nicole Lipcaman,child_echo_id
JDH761-01-A,3-20 year,3_5yr,2026,Anna,a4c23bee-f524-42d7-a065-12a6ac2781ca,85c676a7-60da-4332-86d7-66a30191b098,2026-04-21,FALSE,FALSE,FALSE,FALSE,,,2026-04-16,Anna VanTubergen,child_name
JFG039-01-A,3-20 year,6_10yr,2026,Andrew,22309e72-d7d3-4ab6-9a8d-f701884296cd,cced54cf-f264-469e-8fb5-d4688641c54e,2026-09-20,FALSE,FALSE,FALSE,FALSE,,,2026-09-09,Andrew Davis,child_echo_id
JFP288-01-A,3-20 year,6_10yr,2026,Toye,3705572a-f619-4f6a-b7f6-c225872d7dc2,3605c2d4-e1a5-4bbe-b290-42727fe78365,2026-07-15,FALSE,FALSE,TRUE,FALSE,,,2026-06-07,Shetoye  Rice,child_name
JJK068-01-A,3-20 year,3_5yr,2026,Jody,e04e713a-6c31-4ff3-9ac6-901633d3f456,55254edb-26d8-4b8d-ade0-0d4b7d88aa8b,2026-07-24,FALSE,FALSE,FALSE,FALSE,,,2026-06-02,Jody Kendall,familyId+name
JJV437-01-A,3-20 year,6_10yr,2026,Nicole,a9b9b35e-4a44-4051-a18a-01a3ea8e1a2c,05a5a7d9-d838-4d72-bc0a-47a777805eed,2026-10-01,FALSE,FALSE,FALSE,FALSE,,,2026-08-28,Nicole Lipcaman,child_echo_id
JKF839-01-A,3-20 year,6_10yr,2026,Andrew,1006614f-629c-44e7-a25b-8ca91de2d47f,792c80d7-a96a-4f17-9295-a4f97ffac4bd,2026-08-05,FALSE,FALSE,FALSE,FALSE,,,2026-07-23,Andrew Davis,child_echo_id
JKZ989-01-A,3-20 year,6_10yr,2026,Nicole,66f722f9-7201-43f1-ac93-7e245f18a806,ad8b54b3-7230-4853-af99-235ffcb3fdae,2026-09-03,FALSE,FALSE,FALSE,FALSE,,,2026-08-28,Nicole Lipcaman,child_echo_id
JLN021-01-A,6-35 month,12_23_month,2026,Nicole,1a5a0eae-cad5-4ff6-961d-57bf3e1219a1,ec5966dc-9013-4e76-ab96-0e4b0c68c1ce,2026-05-18,FALSE,FALSE,FALSE,FALSE,,,2026-04-07,Nicole Lipcaman,child_echo_id
JMR655-01-A,3-20 year,6_10yr,2026,Amy,123f2aec-bf58-4e26-8669-3e3849c3090d,be764808-8af1-4ddd-8de8-e0a2e60bdc89,2026-06-09,FALSE,FALSE,FALSE,FALSE,https://api.calendly.com/scheduled_events/17c42ad0-fa33-4fe6-93b9-7b579095455f/invitees/af760cdb-4cac-448f-aec2-e483cfed5c1f,,2026-05-04,Amy Scharmen-Burgdolf,child_echo_id
JMR655-01-A,3-20 year,6_10yr,2026,Jo,f9b4ff14-413b-4b9d-a1d6-ad9f48473889,708620fe-85e2-4f60-9a1a-dc1eba9a9be3,2026-06-09,FALSE,FALSE,FALSE,FALSE,,,2026-06-06,Jolyn Lerma,child_custom_id
JMR655-01-A,3-20 year,6_10yr,2026,Cassie,17c42ad0-fa33-4fe6-93b9-7b579095455f,af760cdb-4cac-448f-aec2-e483cfed5c1f,2026-05-04,TRUE,FALSE,FALSE,TRUE,https://api.calendly.com/scheduled_events/18efa8af-e97e-4b62-a430-9d0f6df91523/invitees/7b57f718-1836-4b15-9c15-f53549b0952b,https://api.calendly.com/scheduled_events/123f2aec-bf58-4e26-8669-3e3849c3090d/invitees/be764808-8af1-4ddd-8de8-e0a2e60bdc89,2026-04-28,Cassie Nickerson,child_echo_id
JMR655-01-A,3-20 year,6_10yr,2026,Cassie,18efa8af-e97e-4b62-a430-9d0f6df91523,7b57f718-1836-4b15-9c15-f53549b0952b,2026-04-28,TRUE,FALSE,FALSE,TRUE,,https://api.calendly.com/scheduled_events/17c42ad0-fa33-4fe6-93b9-7b579095455f/invitees/af760cdb-4cac-448f-aec2-e483cfed5c1f,2026-03-08,Cassie Nickerson,child_echo_id
JNT771-01-A,3-20 year,11_17yr,2026,Cassie,f44d898f-c07b-4b7d-83b9-9f855468bf39,b98d76e0-c8f8-4cf9-9ea2-6d780878252f,2026-08-10,FALSE,FALSE,FALSE,FALSE,,,2026-07-03,Cassie Nickerson,child_name
JQF218-01-A,3-20 year,11_17yr,2026,Amy,f37ee94a-6a0d-4f48-aaf7-457fc90a3155,de60dff4-869b-4df6-901d-8a3220d73de7,2026-05-20,FALSE,FALSE,FALSE,FALSE,,,2026-04-22,Amy Scharmen-Burgdolf,child_echo_id
JQN133-01-A,6-35 month,12_23_month,2026,Breanna,04e4ff18-cb23-4632-acd4-51adc6261c70,66390230-32a3-4c08-b9f2-63062e511a5f,2026-07-27,FALSE,FALSE,FALSE,FALSE,,,2026-07-09,Breanna Kornatowski,child_name
JQZ496-01-A,3-20 year,11_17yr,2026,Amy,2d456266-5637-47a4-a5de-66c84d42fcb4,68b41846-0432-4f45-9e55-ab1dde1106fe,2026-08-19,TRUE,TRUE,FALSE,FALSE,https://api.calendly.com/scheduled_events/0feb2bc2-6610-4851-91c3-d3aac758baa2/invitees/49df0ba6-b2c6-4c71-9401-b1353da1c409,,2026-07-20,Amy Scharmen-Burgdolf,child_echo_id
JQZ496-01-A,3-20 year,11_17yr,2026,Jo,0feb2bc2-6610-4851-91c3-d3aac758baa2,49df0ba6-b2c6-4c71-9401-b1353da1c409,2026-07-25,TRUE,FALSE,FALSE,TRUE,,https://api.calendly.com/scheduled_events/2d456266-5637-47a4-a5de-66c84d42fcb4/invitees/68b41846-0432-4f45-9e55-ab1dde1106fe,2026-06-19,Jolyn Lerma,child_custom_id
JQZ496-01-A,3-20 year,11_17yr,2026,Jo,2d7fe8ff-d763-45a5-b831-0892538660ba,663019f2-ec5b-4196-938d-7b291a5bbc3c,2026-07-24,FALSE,FALSE,FALSE,FALSE,,,2026-07-20,Jolyn Lerma,invitee_email
JSF732-01-A,3-20 year,11_17yr,2026,Cassie,b1609eaa-c614-43d2-b146-0fd3dd7c71f3,a116bf24-3310-4197-bc2b-79cf93cae0ff,2026-07-07,FALSE,FALSE,FALSE,FALSE,,,2026-06-16,Cassie Nickerson,child_name
JSS418-01-A,3-20 year,6_10yr,2026,Jo,b59b81d9-bbbd-4a33-b140-be34bae9feb2,d7d88fa8-b345-42d2-905d-fdcb39e33005,2026-10-02,FALSE,FALSE,FALSE,FALSE,https://api.calendly.com/scheduled_events/585a1a0b-ab81-443c-bcdb-e693e8e62cd0/invitees/319908f7-54d5-42fe-b27c-90434f250d6d,,2026-09-12,Jolyn Lerma,child_custom_id
JSS418-01-A,3-20 year,6_10yr,2026,Jo,585a1a0b-ab81-443c-bcdb-e693e8e62cd0,319908f7-54d5-42fe-b27c-90434f250d6d,2026-10-01,TRUE,FALSE,FALSE,TRUE,,https://api.calendly.com/scheduled_events/b59b81d9-bbbd-4a33-b140-be34bae9feb2/invitees/d7d88fa8-b345-42d2-905d-fdcb39e33005,2026-09-07,Jolyn Lerma,child_custom_id
JTC719-01-A,3-20 year,11_17yr,2026,Amy,53f061e5-1800-4ad4-b2d3-3d46014e1aa5,ce055d11-45a1-41b8-ac72-ac25da024a79,2026-05-26,FALSE,FALSE,FALSE,FALSE,,,2026-04-17,Amy Scharmen-Burgdolf,child_echo_id
JTV110-01-A,3-20 year,3_5yr,2026,Andrew,8c9ebb6e-928b-4fbd-9a07-1d1aa6b2af27,637b5b92-e3a7-447b-b93e-4386f58b2071,2026-09-19,FALSE,FALSE,FALSE,FALSE,,,2026-08-06,Andrew Davis,child_echo_id
JVW695-01-A,3-20 year,3_5yr,2026,Andrew,83ca809e-adde-451d-8691-7bc91637023c,a020a947-74b9-4a1c-974c-ff488070edf4,2026-08-11,FALSE,FALSE,FALSE,FALSE,,,2026-07-29,Andrew Davis,child_echo_id
JWJ589-01-A,3-20 year,6_10yr,2026,Kowlini,c32b4f0a-59de-4350-a958-473378d770c0,a49dc183-31c2-4137-8cbd-853c0fa240ed,2026-08-26,FALSE,FALSE,FALSE,FALSE,,,2026-08-12,Kowlini Wickramasinghe,child_custom_id
JWP176-01-A,3-20 year,6_10yr,2026,Andrew,5763e3d8-7295-4b8e-a82f-a745de1dbc41,dbac5791-15b9-4125-895f-d171e1faeb98,2026-10-02,FALSE,FALSE,FALSE,FALSE,,,2026-09-09,Andrew Davis,child_echo_id
JWP930-01-A,6-35 month,12_23_month,2026,Nicole,4ffeabb5-71ba-4116-8fbd-797987573d65,dc438d7b-cfc9-4af2-acaf-a4e243481247,2026-08-25,TRUE,TRUE,FALSE,FALSE,https://api.calendly.com/scheduled_events/a26ea0a5-afc9-4280-9237-07e9c07ab947/invitees/20dab236-8157-458a-beff-7cdaf20ff2bb,,2026-06-15,Nicole Lipcaman,child_echo_id
JWP930-01-A,6-35 month,12_23_month,2026,Nicole,a26ea0a5-afc9-4280-9237-07e9c07ab947,20dab236-8157-458a-beff-7cdaf20ff2bb,2026-08-25,TRUE,FALSE,FALSE,TRUE,,https://api.calendly.com/scheduled_events/4ffeabb5-71ba-4116-8fbd-797987573d65/invitees/dc438d7b-cfc9-4af2-acaf-a4e243481247,2026-06-15,Nicole Lipcaman,child_name
JWP930-01-A,6-35 month,12_23_month,2026,Nicole,1207a18f-ccae-43f2-af35-26037273cedf,25c66ea8-4ff6-4ce1-9255-1a7572561352,2026-05-19,TRUE,TRUE,FALSE,FALSE,,,2026-03-26,Nicole Lipcaman,child_name
JXP185-01-A,6-35 month,12_23_month,2026,Kowlini,e37e6c0d-1992-4f97-835d-d020fc58849c,2ebd8174-cf62-4ab1-ba8c-053ea2331eef,2026-08-14,FALSE,FALSE,FALSE,FALSE,https://api.calendly.com/scheduled_events/5810499e-7d9f-41ce-8134-7b630825f4a1/invitees/7d8817cf-42d4-47d6-a511-b27e0c5e2ca9,,2026-08-11,Kowlini Wickramasinghe,child_custom_id
JXP185-01-A,6-35 month,12_23_month,2026,Jody,5810499e-7d9f-41ce-8134-7b630825f4a1,7d8817cf-42d4-47d6-a511-b27e0c5e2ca9,2026-08-12,TRUE,FALSE,FALSE,TRUE,,https://api.calendly.com/scheduled_events/e37e6c0d-1992-4f97-835d-d020fc58849c/invitees/2ebd8174-cf62-4ab1-ba8c-053ea2331eef,2026-06-26,Jody Kendall,child_custom_id
JYK203-01-A,3-20 year,6_10yr,2026,Cassie,2a2c942b-7800-4dd4-a1d4-ff460e17a11d,f332c8ca-28c1-4df2-ac06-cc94b689e605,2026-11-02,FALSE,FALSE,FALSE,FALSE,,,2026-09-16,Cassie Nickerson,child_name
JYP178-01-A,3-20 year,3_5yr,2026,Andrew,a47711c2-9575-4405-8469-d8150b709580,7f8c4365-0931-4187-b0f1-9ff72c37cfaf,2026-08-14,FALSE,FALSE,TRUE,FALSE,,,2026-08-01,Andrew Davis,child_echo_id
JYP178-01-N,3-20 year,3_5yr,2026,Andrew,a4f00d02-18c5-4703-89d4-5fb78ea9bc64,67c3e6a8-5d05-4a24-af98-927f2099b5e2,2026-08-14,FALSE,FALSE,TRUE,FALSE,,,2026-08-01,Andrew Davis,child_echo_id
JZM106-01-A,3-20 year,6_10yr,2026,Cassie,bce4a558-20c3-4431-a07b-1358dbf2304d,a1d87409-e4f1-4cbf-98d3-168f6eaead1c,2026-10-26,FALSE,FALSE,FALSE,FALSE,https://api.calendly.com/scheduled_events/6aacb69d-6c29-4f65-8576-3d77e530973f/invitees/d3194efb-cfe5-494c-858a-0ca6d0bc019d,,2026-09-16,Cassie Nickerson,child_custom_id
JZM106-01-A,3-20 year,6_10yr,2026,Jo,6aacb69d-6c29-4f65-8576-3d77e530973f,d3194efb-cfe5-494c-858a-0ca6d0bc019d,2026-10-01,TRUE,FALSE,FALSE,TRUE,,https://api.calendly.com/scheduled_events/bce4a558-20c3-4431-a07b-1358dbf2304d/invitees/a1d87409-e4f1-4cbf-98d3-168f6eaead1c,2026-08-18,Jolyn Lerma,child_custom_id
JZP660-01-A,3-20 year,3_5yr,2026,Andrew,2a441436-7151-45cc-873f-5923277d415b,ade3d677-484b-4b58-8abb-1e62a23a3120,2026-07-21,FALSE,FALSE,TRUE,FALSE,,,2026-07-15,Andrew Davis,child_name
KBQ321-01-A,3-20 year,3_5yr,2026,Jody,659388a7-6f6d-4673-b5cc-4243b4929580,2096cdb5-6a4c-44b1-a445-cc49efd1b6dd,2026-05-03,FALSE,FALSE,FALSE,FALSE,,,2026-04-01,Jody Kendall,child_custom_id
KCT927-01-A,3-20 year,3_5yr,2026,Toye,5b66c5bc-d550-4479-86a1-aeed22f0e0d6,5836ff5e-e70d-47c4-9288-52b7260404ca,2026-07-01,FALSE,FALSE,FALSE,FALSE,,,2026-05-20,Shetoye  Rice,child_name
KDH192-01-A,3-20 year,6_10yr,2026,Jody,bb3c1ee9-6252-4b5d-9f4a-062e3beab481,f457bd6d-eede-46c6-9666-5f2fa9ba856e,2026-08-22,FALSE,FALSE,FALSE,FALSE,,,2026-06-24,Jody Kendall,child_custom_id
KDS985-01-A,3-20 year,11_17yr,2026,Cassie,64e3f73f-17a2-4da1-be53-2351e4142e6e,1d665c3f-39be-472a-82ab-94bd2140a702,2026-06-15,FALSE,FALSE,FALSE,FALSE,,,2026-05-03,Cassie Nickerson,child_name
KFH643-01-A,3-20 year,3_5yr,2026,Anna,baffa9bc-6288-4591-862b-656afe676899,08877b36-e536-4e1e-94ea-b03e37de6cff,2026-07-27,FALSE,FALSE,FALSE,FALSE,,,2026-07-17,Anna VanTubergen,child_name
KFQ955-01-A,3-20 year,6_10yr,2026,Cassie,53aa022d-4339-40ac-91a7-77ed0ad0f678,5671b3c2-1560-484a-990c-981fcbebc304,2026-07-07,FALSE,FALSE,FALSE,FALSE,,,2026-06-11,Cassie Nickerson,child_name
KGL651-01-A,3-20 year,6_10yr,2026,Jo,dea552f3-13bb-488c-953c-4b40f539b86f,8742dbc9-c7ad-478d-852a-0fb9c68a99f2,2026-09-27,FALSE,FALSE,FALSE,FALSE,,,2026-08-18,Jolyn Lerma,child_custom_id
KJR619-01-A,6-35 month,12_23_month,2026,Kowlini,0ff66c03-3aa7-46fe-9289-15d7ac2b253d,fbdaa346-913b-4c7b-8f81-584a5cab1e59,2026-08-26,FALSE,FALSE,FALSE,FALSE,,,2026-08-24,Kowlini Wickramasinghe,child_custom_id
KJR619-01-A,6-35 month,12_23_month,2026,Kowlini,d4bd24e9-d3d0-49ad-9f86-d897ad41bf22,c4074faa-dcae-4d82-9d75-84186f2bd5b5,2026-08-23,FALSE,FALSE,TRUE,FALSE,,,2026-08-14,Kowlini Wickramasinghe,child_custom_id
KJR619-01-A,6-35 month,12_23_month,2026,Kowlini,88669663-32d2-4e0a-b82d-85c0ff0f1759,039e3c22-7d59-451b-b9b1-16ae446deaa2,2026-08-04,FALSE,FALSE,TRUE,FALSE,https://api.calendly.com/scheduled_events/4511763c-8428-4430-b065-b6de83b414a8/invitees/3d1c8509-6ae9-48ea-a234-e384cdf4b6d0,,2026-07-30,Kowlini Wickramasinghe,child_name
KJR619-01-A,6-35 month,12_23_month,2026,Breanna,4511763c-8428-4430-b065-b6de83b414a8,3d1c8509-6ae9-48ea-a234-e384cdf4b6d0,2026-07-31,TRUE,FALSE,FALSE,TRUE,,https://api.calendly.com/scheduled_events/88669663-32d2-4e0a-b82d-85c0ff0f1759/invitees/039e3c22-7d59-451b-b9b1-16ae446deaa2,2026-07-16,Breanna Kornatowski,child_name
KJR698-01-A,3-20 year,3_5yr,2026,Anna,7129b92f-370d-4868-a6f3-640a5d8df777,8884178f-4cb6-4145-9b58-c1ef748308ef,2026-05-01,FALSE,FALSE,FALSE,FALSE,https://api.calendly.com/scheduled_events/357fe3a9-3dbe-4430-97b0-2d38f36f7eb9/invitees/e847992d-a313-4217-8fb7-69b7786a549f,,2026-04-21,Anna VanTubergen,child_echo_id
KJR698-01-A,3-20 year,3_5yr,2026,Anna,357fe3a9-3dbe-4430-97b0-2d38f36f7eb9,e847992d-a313-4217-8fb7-69b7786a549f,2026-04-24,TRUE,FALSE,FALSE,TRUE,,https://api.calendly.com/scheduled_events/7129b92f-370d-4868-a6f3-640a5d8df777/invitees/8884178f-4cb6-4145-9b58-c1ef748308ef,2026-03-31,Anna VanTubergen,child_echo_id
KKR431-01-A,3-20 year,6_10yr,2026,Nicole,38cb5068-e88c-48cc-b4b6-26d6d803e511,3c170470-6718-422c-b38d-2028cfd97d32,2026-07-13,FALSE,FALSE,FALSE,FALSE,,,2026-06-11,Nicole Lipcaman,child_echo_id
KKT953-01-A,3-20 year,6_10yr,2026,Kowlini,3e35015e-2345-499e-befe-acc7ec6ec1a8,3d2248f3-0898-49da-8bd1-f8dc16cfd96d,2026-08-15,FALSE,FALSE,TRUE,FALSE,,,2026-08-11,Kowlini Wickramasinghe,child_custom_id
KKW154-01-A,3-20 year,6_10yr,2026,Nicole,1f60d020-f61a-4745-9b3f-de60b45cf800,3140439c-36a3-46e4-87f3-679e508422a6,2026-09-14,FALSE,FALSE,FALSE,FALSE,,,2026-08-21,Nicole Lipcaman,child_echo_id
KLK075-01-A,3-20 year,3_5yr,2026,Toye,7ff6023f-daf1-48fd-bd9d-b4194b6821aa,88825cf3-2a4d-4522-b714-ee42feea1522,2026-07-26,FALSE,FALSE,FALSE,FALSE,,,2026-06-02,Shetoye  Rice,child_name
KPJ294-01-A,3-20 year,11_17yr,2026,Amy,7e42de29-aaa1-4813-bec3-7099b28a5af9,1d60d624-7883-420c-9c10-cd32741e7fa5,2026-07-28,FALSE,FALSE,FALSE,FALSE,,,2026-06-29,Amy Scharmen-Burgdolf,child_echo_id
KPV565-01-A,3-20 year,11_17yr,2026,Amy,78ee7ddf-1f5d-418c-b25b-3241020c46dd,73c168eb-4e5f-454a-a6f8-b53829d7865a,2026-05-10,FALSE,FALSE,FALSE,FALSE,,,2026-04-13,Amy Scharmen-Burgdolf,child_echo_id
KRC117-01-A,3-20 year,6_10yr,2026,Toye,91c2c21a-f0ab-48bf-81db-7c880565f51a,9f35fbb0-941d-4d77-ba40-5c60860bc204,2026-07-14,TRUE,TRUE,FALSE,FALSE,,,2026-07-08,Shetoye  Rice,child_name
KRR544-01-A,6-35 month,12_23_month,2026,Jody,d0c43d8d-6feb-4ff7-b837-7eeaea6d8fc4,efce2dff-c471-43fa-8c98-f2c28383db1f,2026-06-01,FALSE,FALSE,FALSE,FALSE,,,2026-05-20,Jody Kendall,familyId+name
KRY635-01-A,3-20 year,6_10yr,2026,Jo,027676d1-e712-4a09-8584-1111e4d58fbd,76d26cee-5aa4-48b3-979a-490c41eab4a3,2026-04-18,FALSE,FALSE,FALSE,FALSE,,,2026-03-15,Jolyn Lerma,familyId+name
KSZ066-01-A,3-20 year,6_10yr,2026,Andrew,f723f147-7ef9-42db-ba4d-de056055629f,160eb1d1-409a-4c4e-97af-182101256ea0,2026-09-22,TRUE,FALSE,FALSE,TRUE,,https://api.calendly.com/scheduled_events/978672b7-fb84-4c9a-aaf0-cc77639d2115/invitees/d1e2bbc9-d3f8-4375-8d88-521d6824dbe1,2026-09-04,Andrew Davis,child_name
KSZ066-01-A,3-20 year,6_10yr,2026,Andrew,978672b7-fb84-4c9a-aaf0-cc77639d2115,d1e2bbc9-d3f8-4375-8d88-521d6824dbe1,2026-09-19,FALSE,FALSE,FALSE,FALSE,https://api.calendly.com/scheduled_events/f723f147-7ef9-42db-ba4d-de056055629f/invitees/160eb1d1-409a-4c4e-97af-182101256ea0,,2026-09-16,Andrew Davis,child_echo_id
KXF530-01-A,6-35 month,12_23_month,2026,Kowlini,6d37a6a4-4c61-4377-b75a-ae40e3f4bd21,c5174de3-4f03-4dd7-b7db-26dce1f92c74,2026-09-02,FALSE,FALSE,FALSE,FALSE,,,2026-08-18,Kowlini Wickramasinghe,child_custom_id
KXH001-01-A,3-20 year,6_10yr,2026,Kowlini,000b8376-5b04-4d76-b730-71ea31981c92,a33cc64c-4d01-4bed-a45b-1538b278edd3,2026-09-03,FALSE,FALSE,TRUE,FALSE,,,2026-08-28,Kowlini Wickramasinghe,child_custom_id
KZC694-01-A,3-20 year,6_10yr,2026,Toye,066aa367-9e1a-456b-9cf7-b829650f1f9f,0337979f-a508-4fc6-8905-d7debdff1c39,2026-07-01,FALSE,FALSE,FALSE,FALSE,,,2026-05-04,Shetoye  Rice,child_name
KZP212-01-A,3-20 year,6_10yr,2026,Kowlini,64991d5b-676b-40ce-8d0a-c50a2e0a426c,cc2ae2fa-c946-422c-b147-f1ee1a0aa649,2026-09-18,FALSE,FALSE,FALSE,FALSE,,,2026-09-16,Kowlini Wickramasinghe,child_custom_id
LBG473-01-A,3-20 year,3_5yr,2026,Toye,ffb38f98-a7ec-4d2c-ae18-104d33104651,609b9ef0-81ac-427c-bde2-8d95f1128a3f,2026-04-14,FALSE,FALSE,FALSE,FALSE,,,2026-04-08,Shetoye  Rice,child_name
LBZ361-01-A,6-35 month,12_23_month,2026,Kowlini,7560f86d-5f48-4e94-9829-eeff83dfec32,1d40df11-affb-4504-b87d-25ac431f8a80,2026-09-29,FALSE,FALSE,TRUE,FALSE,https://api.calendly.com/scheduled_events/a6a5bdf2-fdef-45ff-a446-9232c79f8e12/invitees/9a20c70b-1835-44d8-99b9-8b02185ff3c1,,2026-09-26,Kowlini Wickramasinghe,child_custom_id
LBZ361-01-A,6-35 month,12_23_month,2026,Kowlini,a6a5bdf2-fdef-45ff-a446-9232c79f8e12,9a20c70b-1835-44d8-99b9-8b02185ff3c1,2026-09-26,TRUE,FALSE,FALSE,TRUE,,https://api.calendly.com/scheduled_events/7560f86d-5f48-4e94-9829-eeff83dfec32/invitees/1d40df11-affb-4504-b87d-25ac431f8a80,2026-09-22,Kowlini Wickramasinghe,child_custom_id
LBZ361-01-A,6-35 month,12_23_month,2026,Kowlini,0a19dfa7-5c6e-4d9d-a65f-beb0a0d13cf2,77b60dfb-8002-4a34-92cf-3c6b0f1c9c06,2026-09-08,FALSE,FALSE,TRUE,FALSE,,,2026-09-04,Kowlini Wickramasinghe,child_custom_id
LBZ361-01-A,6-35 month,12_23_month,2026,Jody,2c601ecd-3539-4dcb-9e8f-3ab2de4e82a9,cd936f93-6ea8-473d-9390-8a60a40e90ec,2026-04-27,TRUE,TRUE,FALSE,FALSE,,,2026-03-23,Jody Kendall,child_custom_id
LCR073-01-A,3-20 year,6_10yr,2026,Nicole,6ed00b98-bf56-4f80-8934-85703c69bed2,fb0d0c01-fbe7-4934-91ab-d61e7f190e48,2026-08-27,FALSE,FALSE,FALSE,FALSE,,,2026-08-19,Nicole Lipcaman,child_echo_id
LGF333-01-A,3-20 year,6_10yr,2026,Jody,22e1d737-249f-4e53-bc43-2bdfd2b8da68,c5be322e-37dc-4fd9-b051-d6dad4235ad8,2026-07-24,TRUE,TRUE,FALSE,FALSE,,,2026-06-08,Jody Kendall,child_custom_id
LGF333-01-A,3-20 year,6_10yr,2026,Jody,924639ec-2071-44e2-aca3-5d4127cc793d,41b9b35f-d6f7-4a9d-8402-27357ea5af34,2026-06-15,TRUE,TRUE,FALSE,FALSE,,,2026-04-19,Jody Kendall,child_custom_id
LKY497-01-A,3-20 year,11_17yr,2026,Jo,434dd46a-dca8-41a6-a0fa-cf38dfac3bb3,eb709845-50a5-4b0c-87df-ca1aa94ef3cd,2026-07-22,FALSE,FALSE,FALSE,FALSE,,,2026-07-06,Jolyn Lerma,child_custom_id
LMR839-01-A,3-20 year,3_5yr,2026,Andrew,507e3af1-b294-48ea-8067-e9186a202a0a,47499136-3ded-4ef0-b70f-1f87a9d93170,2026-08-31,FALSE,FALSE,FALSE,FALSE,,,2026-08-21,Andrew Davis,child_echo_id
LNP424-01-A,3-20 year,3_5yr,2026,Cassie,c10cefc7-26c1-4a54-ae21-2bd29c21fc55,498302f8-ff1f-4e74-b6d6-ad648d5fb749,2026-04-07,FALSE,FALSE,FALSE,FALSE,,,2026-03-31,Cassie Nickerson,child_name
LNT397-01-A,6-35 month,12_23_month,2026,Kowlini,03be57fc-8e1c-4aee-a07c-5c335a32b42f,46144e6d-994a-4be5-bf47-3dca466af1b0,2026-08-25,FALSE,FALSE,FALSE,FALSE,,,2026-08-19,Kowlini Wickramasinghe,child_custom_id
LQY206-01-A,3-20 year,6_10yr,2026,Cassie,d5e5e0c9-06fa-42eb-8501-e69aa27ef2da,dfb55106-4ea7-4fe2-a78a-807d7cd9784e,2026-06-30,FALSE,FALSE,FALSE,FALSE,,,2026-05-02,Cassie Nickerson,child_name
LSV069-01-A,3-20 year,6_10yr,2026,Toye,b0eb9453-ccb9-4d45-912c-a2760dc119a9,874facd7-542d-4a63-a93e-6f3a231a7626,2026-09-01,TRUE,TRUE,FALSE,FALSE,,,2026-07-09,Shetoye  Rice,invitee_email
LSZ581-01-A,3-20 year,3_5yr,2026,Anna,5e4e6fca-49f3-49e2-a3a2-9e095e135af8,d607b9b6-c1be-4139-b6e5-65958b908454,2026-05-04,FALSE,FALSE,FALSE,FALSE,,,2026-04-28,Anna VanTubergen,child_name
LTS268-01-A,6-35 month,12_23_month,2026,Nicole,63ec85cf-ead8-4855-bd9e-a2977dc6a45e,bab4b85e-5daa-4210-8008-65e63f3e21da,2026-05-19,FALSE,FALSE,FALSE,FALSE,,,2026-03-23,Nicole Lipcaman,child_echo_id
LVN615-01-M,3-20 year,6_10yr,2026,Nicole,8103cd3a-e2f2-4e33-9ce4-5cb551eada1b,3ba8cdcc-8305-42e7-bc17-51174c22a7fb,2026-07-30,TRUE,FALSE,FALSE,TRUE,,https://api.calendly.com/scheduled_events/c5678b0f-fabd-4507-ad1f-a7124fd739dd/invitees/65cbb9e8-06a9-4492-99ee-d332075241ab,2026-07-01,Nicole Lipcaman,child_name
LVN615-01-M,3-20 year,6_10yr,2026,Nicole,c5678b0f-fabd-4507-ad1f-a7124fd739dd,65cbb9e8-06a9-4492-99ee-d332075241ab,2026-07-30,FALSE,FALSE,FALSE,FALSE,https://api.calendly.com/scheduled_events/8103cd3a-e2f2-4e33-9ce4-5cb551eada1b/invitees/3ba8cdcc-8305-42e7-bc17-51174c22a7fb,,2026-07-02,Nicole Lipcaman,child_echo_id
LVN615-01-N,3-20 year,6_10yr,2026,Nicole,c5678b0f-fabd-4507-ad1f-a7124fd739dd,65cbb9e8-06a9-4492-99ee-d332075241ab,2026-07-30,FALSE,FALSE,FALSE,FALSE,https://api.calendly.com/scheduled_events/8103cd3a-e2f2-4e33-9ce4-5cb551eada1b/invitees/3ba8cdcc-8305-42e7-bc17-51174c22a7fb,,2026-07-02,Nicole Lipcaman,child_echo_id
LVR036-01-A,3-20 year,6_10yr,2026,Toye,abbc2f20-69ab-4e98-b013-a3a8e9e48c2a,39770641-57ca-4c67-b67f-250ce79ec0a2,2026-07-21,FALSE,FALSE,FALSE,FALSE,,,2026-06-02,Shetoye  Rice,invitee_email
LWN054-01-M,3-20 year,6_10yr,2026,Nicole,19731ab2-4034-4b43-b30b-9706e23ecba8,872db0ac-75df-42f1-8a4c-0decac3cd2eb,2026-10-20,FALSE,FALSE,FALSE,FALSE,,,2026-08-26,Nicole Lipcaman,child_name
LWN054-01-N,3-20 year,6_10yr,2026,Nicole,e582a057-63db-4560-9062-59ddcd5f5883,35bd4a48-b3af-4dc3-a212-1effee73c9e1,2026-10-20,FALSE,FALSE,FALSE,FALSE,,,2026-08-26,Nicole Lipcaman,child_name
LXZ862-01-A,3-20 year,3_5yr,2026,Anna,2b1544b5-b255-4e26-84b3-65d310aaff1d,c277c33f-6e54-437c-a5df-127b3cb23db6,2026-08-10,FALSE,FALSE,FALSE,FALSE,https://api.calendly.com/scheduled_events/4b7608e0-eca9-46ba-89b5-fc3eebf5887f/invitees/5a42bc8c-06b6-43bc-84f2-e75937def63f,,2026-07-29,Anna VanTubergen,child_name
LXZ862-01-A,3-20 year,3_5yr,2026,Anna,4b7608e0-eca9-46ba-89b5-fc3eebf5887f,5a42bc8c-06b6-43bc-84f2-e75937def63f,2026-08-03,TRUE,FALSE,FALSE,TRUE,,https://api.calendly.com/scheduled_events/2b1544b5-b255-4e26-84b3-65d310aaff1d/invitees/c277c33f-6e54-437c-a5df-127b3cb23db6,2026-07-17,Anna VanTubergen,child_name
LYC422-01-A,3-20 year,3_5yr,2026,Toye,214c25b2-0e61-4f94-86ca-4b6a58c6ebad,9269a883-0881-4cbe-bfc3-e3534993d117,2026-10-07,FALSE,FALSE,FALSE,FALSE,,,2026-10-02,Shetoye  Rice,child_name
LYC422-01-A,3-20 year,3_5yr,2026,Toye,eea73a7a-3c1b-4f93-b122-dc13a458ab9e,a2df0908-915e-41bb-bce5-2e93ddad3ee4,2026-08-18,TRUE,FALSE,FALSE,TRUE,,https://api.calendly.com/scheduled_events/b3d20bd1-dfbb-4268-a8c4-ab1e102a6ced/invitees/bfb60b42-8bab-4289-b601-d1e4475d85b8,2026-06-18,Shetoye  Rice,invitee_email
LYC422-01-A,3-20 year,3_5yr,2026,Toye,b3d20bd1-dfbb-4268-a8c4-ab1e102a6ced,bfb60b42-8bab-4289-b601-d1e4475d85b8,2026-08-04,FALSE,FALSE,FALSE,FALSE,https://api.calendly.com/scheduled_events/eea73a7a-3c1b-4f93-b122-dc13a458ab9e/invitees/a2df0908-915e-41bb-bce5-2e93ddad3ee4,,2026-06-18,Shetoye  Rice,invitee_email
LYC422-01-A,3-20 year,3_5yr,2026,Toye,a74e736c-9b36-4d85-ac84-4c87729051e5,7a068b52-6048-4c01-8f71-0ced8e09093b,2026-06-16,FALSE,FALSE,TRUE,FALSE,,,2026-05-11,Shetoye  Rice,invitee_email
LYY018-01-A,3-20 year,6_10yr,2026,Andrew,9a955534-2278-4c38-8bb3-fa49f79958f9,c376e173-66e1-4186-b995-0b6b991ef549,2026-10-30,FALSE,FALSE,FALSE,FALSE,,,2026-08-31,Andrew Davis,child_echo_id
LZJ787-01-A,3-20 year,3_5yr,2026,Andrew,0345c191-2590-4343-9a43-fe5dd79218b1,5e61f7e8-94db-4ea0-b712-79172b5e9b5f,2026-07-27,FALSE,FALSE,TRUE,FALSE,,,2026-07-15,Andrew Davis,child_name
LZQ650-01-A,6-35 month,12_23_month,2026,Toye,702944ef-3184-45f7-8dc0-06b95a266bee,e53094b8-863b-407f-9bde-32143643262c,2026-09-16,FALSE,FALSE,FALSE,FALSE,,,2026-06-24,Shetoye  Rice,child_name
LZV055-01-A,6-35 month,12_23_month,2026,Nicole,a17b8104-ed72-49ba-99af-e4772efd243e,d58c6fb9-a506-4759-ba96-e612c0e0c0cf,2026-05-19,FALSE,FALSE,FALSE,FALSE,,,2026-03-24,Nicole Lipcaman,child_echo_id
MBB404-01-A,3-20 year,3_5yr,2026,Toye,ffee6898-b726-44e4-8188-1b3e93429fcd,9ae1e2e1-61f7-487a-a7ec-267af67bd057,2026-07-29,FALSE,FALSE,FALSE,FALSE,,,2026-06-03,Shetoye  Rice,child_name
MBC594-01-A,3-20 year,3_5yr,2026,Jo,43a3893c-cd75-44ce-a6fb-25ceec274f3d,40948384-6a92-4ecc-94a9-9abb1b013cbb,2026-08-02,FALSE,FALSE,FALSE,FALSE,,,2026-06-22,Jolyn Lerma,familyId+name
MBS013-01-A,3-20 year,3_5yr,2026,Toye,508b81a2-4eb3-49a7-843f-037fde9225d9,6af7b447-161b-4cc7-8dee-877d25e4ea4a,2026-08-18,FALSE,FALSE,TRUE,FALSE,,,2026-06-10,Shetoye  Rice,invitee_email
MBS013-01-A,3-20 year,3_5yr,2026,Toye,c7cedb83-329f-4a4d-a997-a60657dee27a,e5c03149-6448-4738-b76a-a488aac4a6c4,2026-06-10,TRUE,TRUE,FALSE,FALSE,,,2026-05-13,Shetoye  Rice,invitee_email
MCC047-01-A,3-20 year,6_10yr,2026,Kowlini,7787f2fb-052d-4576-9001-0566035151f6,bee461a6-ebbd-485e-a553-3249c3262d83,2026-10-24,FALSE,FALSE,FALSE,FALSE,,,2026-09-21,Kowlini Wickramasinghe,child_custom_id
MCV210-01-A,3-20 year,11_17yr,2026,Jo,5e7024de-4ed1-43ec-ad65-9882f92a5cf0,6a9641eb-2fbe-4436-a1f5-af2f8090f973,2026-07-23,FALSE,FALSE,FALSE,FALSE,,,2026-06-15,Jolyn Lerma,child_custom_id
MFB544-01-A,3-20 year,6_10yr,2026,Andrew,5baedf22-6898-4541-be26-97e35c149878,1815cfa9-7c93-4a7e-814b-2ee100690aa4,2026-09-20,TRUE,FALSE,FALSE,TRUE,https://api.calendly.com/scheduled_events/d718467d-b494-4a26-942d-efe86fa2f88e/invitees/939d6adf-0a29-4623-b36b-66d32632e9f8,https://api.calendly.com/scheduled_events/4343659e-7f77-41e0-9a53-0df228a4bb73/invitees/dec4b6fa-5719-4bc0-bcbd-e1ac89a7a6d6,2026-08-18,Andrew Davis,mom_id+name
MFB544-01-A,3-20 year,6_10yr,2026,Andrew,ac65aecf-03e6-4c8a-9458-8ecea61bb319,3242056f-a0a9-455b-884d-43562ee25b28,2026-08-30,TRUE,FALSE,FALSE,TRUE,,https://api.calendly.com/scheduled_events/d718467d-b494-4a26-942d-efe86fa2f88e/invitees/939d6adf-0a29-4623-b36b-66d32632e9f8,2026-08-07,Andrew Davis,child_name
MFB544-01-A,3-20 year,6_10yr,2026,Andrew,4343659e-7f77-41e0-9a53-0df228a4bb73,dec4b6fa-5719-4bc0-bcbd-e1ac89a7a6d6,2026-08-26,TRUE,TRUE,FALSE,FALSE,https://api.calendly.com/scheduled_events/5baedf22-6898-4541-be26-97e35c149878/invitees/1815cfa9-7c93-4a7e-814b-2ee100690aa4,,2026-08-18,Andrew Davis,mom_id+name
MFB544-01-A,3-20 year,6_10yr,2026,Toye,d718467d-b494-4a26-942d-efe86fa2f88e,939d6adf-0a29-4623-b36b-66d32632e9f8,2026-08-25,TRUE,FALSE,FALSE,TRUE,https://api.calendly.com/scheduled_events/ac65aecf-03e6-4c8a-9458-8ecea61bb319/invitees/3242056f-a0a9-455b-884d-43562ee25b28,https://api.calendly.com/scheduled_events/5baedf22-6898-4541-be26-97e35c149878/invitees/1815cfa9-7c93-4a7e-814b-2ee100690aa4,2026-08-07,Shetoye  Rice,mom_id+name
MFH216-01-A,3-20 year,6_10yr,2026,Toye,054375c0-dfbe-44f7-b72c-b54d289afd67,bfb049d6-259a-45c9-b85e-77f4a10fb8c1,2026-08-16,FALSE,FALSE,FALSE,FALSE,https://api.calendly.com/scheduled_events/919279da-938f-4026-972c-66b0fbc27dc7/invitees/854316ab-9080-4107-9dd6-f67711c81fb3,,2026-07-29,Shetoye  Rice,child_name
MFH216-01-A,3-20 year,6_10yr,2026,Toye,919279da-938f-4026-972c-66b0fbc27dc7,854316ab-9080-4107-9dd6-f67711c81fb3,2026-07-29,TRUE,FALSE,FALSE,TRUE,,https://api.calendly.com/scheduled_events/054375c0-dfbe-44f7-b72c-b54d289afd67/invitees/bfb049d6-259a-45c9-b85e-77f4a10fb8c1,2026-06-09,Shetoye  Rice,child_name
MHS537-01-A,3-20 year,3_5yr,2026,Anna,59c186f7-d368-45ac-b1ea-4fa145797d52,f6bd6c55-933f-40a8-89a0-9ff5a6ac7a52,2026-05-07,FALSE,FALSE,FALSE,FALSE,,,2026-04-23,Anna VanTubergen,child_name
MLW298-01-A,3-20 year,3_5yr,2026,Anna,be1c805a-8f04-4814-b907-e30d8afbf970,d264c00d-15ce-4b40-80fe-1d83550192ea,2026-07-14,FALSE,FALSE,FALSE,FALSE,https://api.calendly.com/scheduled_events/8b38997d-bd25-4b8c-8756-daf8dc0ed69b/invitees/d86eaa8a-e788-44ca-8be0-5424f8a0f501,,2026-06-19,Anna VanTubergen,child_name
MLW298-01-A,3-20 year,3_5yr,2026,Anna,8b38997d-bd25-4b8c-8756-daf8dc0ed69b,d86eaa8a-e788-44ca-8be0-5424f8a0f501,2026-06-24,TRUE,FALSE,FALSE,TRUE,,https://api.calendly.com/scheduled_events/be1c805a-8f04-4814-b907-e30d8afbf970/invitees/d264c00d-15ce-4b40-80fe-1d83550192ea,2026-06-18,Anna VanTubergen,child_name
MMK311-01-A,3-20 year,3_5yr,2026,Jody,c5ccfbeb-743e-4dc3-99ca-111c0b4497fe,10efad44-a4fa-4863-b5a9-59a75e1065cb,2026-06-03,FALSE,FALSE,FALSE,FALSE,https://api.calendly.com/scheduled_events/a89728e8-e0e8-4c43-b91d-21ad9c467906/invitees/015513fe-e18d-4103-b286-9032617d274e,,2026-05-18,Jody Kendall,child_custom_id
MMK311-01-A,3-20 year,3_5yr,2026,Jody,a89728e8-e0e8-4c43-b91d-21ad9c467906,015513fe-e18d-4103-b286-9032617d274e,2026-06-01,TRUE,FALSE,FALSE,TRUE,,https://api.calendly.com/scheduled_events/c5ccfbeb-743e-4dc3-99ca-111c0b4497fe/invitees/10efad44-a4fa-4863-b5a9-59a75e1065cb,2026-05-06,Jody Kendall,child_custom_id
MMK311-01-N,3-20 year,3_5yr,2026,Jody,2d2a2737-c89d-49f1-bd01-c3daae07f909,593f6a51-a7da-42b7-bc9c-0d2670ef0392,2026-06-03,FALSE,FALSE,FALSE,FALSE,,,2026-05-19,Jody Kendall,child_custom_id
MMK311-01-N,3-20 year,3_5yr,2026,Jody,392101e8-1227-444c-aed0-5b89957016e5,0eec2a84-fddc-49de-a7b5-1f3a51809dfd,2026-06-01,TRUE,TRUE,FALSE,FALSE,,,2026-05-06,Jody Kendall,child_custom_id
MMK829-01-A,3-20 year,3_5yr,2026,Kowlini,fa9162c7-10aa-4fe4-9c7d-9b4befe6467d,f3741797-ae24-4beb-abca-bdd5d20672d7,2026-08-14,FALSE,FALSE,FALSE,FALSE,,,2026-08-06,Kowlini Wickramasinghe,child_custom_id
MMV961-01-A,6-35 month,12_23_month,2026,Kowlini,0195a02f-3ee3-440e-93d4-3e95422680bc,86b84717-2e46-4c1f-bf08-ed26c316b9b8,2026-08-27,FALSE,FALSE,FALSE,FALSE,,,2026-08-22,Kowlini Wickramasinghe,child_custom_id
MMV961-01-A,6-35 month,12_23_month,2026,Jody,f8f8f276-5816-4384-8b86-b39a21a8f564,62994aa4-e111-41b2-9c7b-24e99a432e08,2026-05-03,FALSE,FALSE,TRUE,FALSE,https://api.calendly.com/scheduled_events/89d3b4c7-24c5-487c-9f31-2ff1e81305cf/invitees/9ae5c9f2-23ce-4cd0-b656-22248f11ba9e,,2026-04-05,Jody Kendall,child_custom_id
MMV961-01-A,6-35 month,12_23_month,2026,Jody,89d3b4c7-24c5-487c-9f31-2ff1e81305cf,9ae5c9f2-23ce-4cd0-b656-22248f11ba9e,2026-04-06,TRUE,FALSE,FALSE,TRUE,,https://api.calendly.com/scheduled_events/f8f8f276-5816-4384-8b86-b39a21a8f564/invitees/62994aa4-e111-41b2-9c7b-24e99a432e08,2026-03-31,Jody Kendall,child_name
MPX757-01-A,3-20 year,3_5yr,2026,Andrew,ef863a52-f8b3-411c-a635-2743d76e5af4,3864383e-6f27-4b1f-bf0e-97299ab07d81,2026-10-16,FALSE,FALSE,FALSE,FALSE,https://api.calendly.com/scheduled_events/c4ee03ed-1cf3-45c6-89ac-e158d1e47ad8/invitees/cb00b775-f9d8-464b-8859-44b70a8941b1,,2026-09-23,Andrew Davis,child_name
MPX757-01-A,3-20 year,3_5yr,2026,Andrew,c4ee03ed-1cf3-45c6-89ac-e158d1e47ad8,cb00b775-f9d8-464b-8859-44b70a8941b1,2026-10-16,TRUE,FALSE,FALSE,TRUE,,https://api.calendly.com/scheduled_events/ef863a52-f8b3-411c-a635-2743d76e5af4/invitees/3864383e-6f27-4b1f-bf0e-97299ab07d81,2026-09-15,Andrew Davis,child_name
MQJ796-01-M,3-20 year,11_17yr,2026,Cassie,602a146c-55fd-4a18-9999-72044835bdf4,10cb663f-119b-491d-a828-01513fb2010d,2026-04-01,FALSE,FALSE,FALSE,FALSE,,,2026-03-17,Cassie Nickerson,child_name
MQJ796-01-N,3-20 year,11_17yr,2026,Cassie,574eebfd-90d4-449c-9ce5-1134a88b4edc,6b7a2136-55fd-459b-93ec-34217b347fb7,2026-04-01,FALSE,FALSE,FALSE,FALSE,,,2026-03-17,Cassie Nickerson,child_name
MQM950-01-A,3-20 year,11_17yr,2026,Jo,be91e9db-d75d-4bfb-9dbe-9022f8d7c73f,a862c77d-6c02-48fa-9e51-0e81690aab0c,2026-10-03,FALSE,FALSE,FALSE,FALSE,https://api.calendly.com/scheduled_events/61a40b13-9333-437e-85f7-cb4ffb2835c4/invitees/e049578d-2729-4c56-8c94-2c0932d47b91,,2026-07-11,Jolyn Lerma,child_echo_id
MQM950-01-A,3-20 year,11_17yr,2026,Amy,61a40b13-9333-437e-85f7-cb4ffb2835c4,e049578d-2729-4c56-8c94-2c0932d47b91,2026-07-12,TRUE,FALSE,FALSE,TRUE,https://api.calendly.com/scheduled_events/2df0ed1e-6ace-4d36-a97d-8103f181f816/invitees/05be751c-3b92-48dc-9e37-903a4849a591,https://api.calendly.com/scheduled_events/be91e9db-d75d-4bfb-9dbe-9022f8d7c73f/invitees/a862c77d-6c02-48fa-9e51-0e81690aab0c,2026-06-01,Amy Scharmen-Burgdolf,child_echo_id
MQM950-01-A,3-20 year,11_17yr,2026,Cassie,1566024b-b1ca-474e-9b24-c331023b3786,804bbeb9-9996-4082-bc6a-44ccb06e7866,2026-06-07,TRUE,TRUE,FALSE,FALSE,,,2026-04-28,Cassie Nickerson,child_name
MQM950-01-A,3-20 year,11_17yr,2026,Amy,2df0ed1e-6ace-4d36-a97d-8103f181f816,05be751c-3b92-48dc-9e37-903a4849a591,2026-06-07,TRUE,FALSE,FALSE,TRUE,,https://api.calendly.com/scheduled_events/61a40b13-9333-437e-85f7-cb4ffb2835c4/invitees/e049578d-2729-4c56-8c94-2c0932d47b91,2026-05-19,Amy Scharmen-Burgdolf,child_echo_id
MRX335-01-A,3-20 year,6_10yr,2026,Nicole,74233620-4efa-42a7-ac34-13c5f96716a6,b3fe3fde-146f-4ed1-83b4-2d9df2bca9a2,2026-08-24,FALSE,FALSE,FALSE,FALSE,,,2026-08-14,Nicole Lipcaman,child_echo_id
MXB539-01-A,3-20 year,6_10yr,2026,Toye,a93adbae-2265-4854-97bf-d2f86d8b6c84,02b8d2d0-4178-4c58-a941-79eb6bc2d6c7,2026-11-24,FALSE,FALSE,FALSE,FALSE,https://api.calendly.com/scheduled_events/6a6b8df7-77cd-4a6c-bfcd-3ed82a7de38f/invitees/140f8c01-ff2a-4a1f-82f1-f523668f7b52,,2026-09-06,Shetoye  Rice,child_echo_id
MXB539-01-A,3-20 year,6_10yr,2026,Andrew,6a6b8df7-77cd-4a6c-bfcd-3ed82a7de38f,140f8c01-ff2a-4a1f-82f1-f523668f7b52,2026-09-12,TRUE,FALSE,FALSE,TRUE,,https://api.calendly.com/scheduled_events/a93adbae-2265-4854-97bf-d2f86d8b6c84/invitees/02b8d2d0-4178-4c58-a941-79eb6bc2d6c7,2026-07-23,Andrew Davis,child_echo_id
MYL231-01-A,3-20 year,3_5yr,2026,Jody,aa949f35-6b92-48a4-8b0a-5bbe445522d2,30ad89e9-eb4d-4034-acb2-6e57b5a01cc4,2026-07-14,FALSE,FALSE,FALSE,FALSE,https://api.calendly.com/scheduled_events/c4222c57-05fc-4020-8229-f1632ad23565/invitees/35feb69c-b65d-47c5-9470-f39a7dd1110c,,2026-05-23,Jody Kendall,child_custom_id
MYL231-01-A,3-20 year,3_5yr,2026,Jody,c4222c57-05fc-4020-8229-f1632ad23565,35feb69c-b65d-47c5-9470-f39a7dd1110c,2026-07-01,TRUE,FALSE,FALSE,TRUE,,https://api.calendly.com/scheduled_events/aa949f35-6b92-48a4-8b0a-5bbe445522d2/invitees/30ad89e9-eb4d-4034-acb2-6e57b5a01cc4,2026-05-23,Jody Kendall,child_name
MYN399-01-A,3-20 year,3_5yr,2026,Jo,feda84e9-84d4-420b-9759-82adce93a5e9,35ce834b-bb82-4814-b94c-965a32108be7,2026-07-27,FALSE,FALSE,FALSE,FALSE,,,2026-06-09,Jolyn Lerma,familyId+name
MYP897-01-A,3-20 year,11_17yr,2026,Jody,69450def-043d-4aae-bfee-ce45cb7184ce,30481f4d-fdf5-4494-9ad1-df8f3e301cf9,2026-07-28,FALSE,FALSE,FALSE,FALSE,,,2026-06-03,Jody Kendall,child_custom_id
MYY891-01-A,3-20 year,6_10yr,2026,Nicole,9e9b4c70-bb17-4924-bddb-052180de4a8e,f36f1370-597a-47a7-b6cb-fe089fd3951c,2026-06-22,FALSE,FALSE,FALSE,FALSE,https://api.calendly.com/scheduled_events/85a9e0c6-7c12-4bdf-b33f-23099c21d618/invitees/a29b9ad8-725e-4b69-b67d-1d8a16248f00,,2026-06-09,Nicole Lipcaman,child_echo_id
MYY891-01-A,3-20 year,6_10yr,2026,Nicole,85a9e0c6-7c12-4bdf-b33f-23099c21d618,a29b9ad8-725e-4b69-b67d-1d8a16248f00,2026-06-10,TRUE,FALSE,FALSE,TRUE,,https://api.calendly.com/scheduled_events/9e9b4c70-bb17-4924-bddb-052180de4a8e/invitees/f36f1370-597a-47a7-b6cb-fe089fd3951c,2026-05-08,Nicole Lipcaman,child_name
NBV813-01-A,3-20 year,11_17yr,2026,Cassie,4a6f5f6e-5193-4792-97e3-e8e305be913d,e1a649d9-57fe-4bf7-9851-7b4355b910d3,2026-03-30,FALSE,FALSE,FALSE,FALSE,,,2026-03-06,Cassie Nickerson,invitee_email
NCG882-01-A,6-35 month,12_23_month,2026,Andrew,2ece18d1-09fd-4884-a3a1-7ac8867c2305,5cb25709-6a2e-4758-8924-8280b67c762f,2026-08-24,TRUE,TRUE,FALSE,FALSE,https://api.calendly.com/scheduled_events/e7ea81a1-fc2c-48e7-8e98-dc627443d849/invitees/190be43c-6eb8-410e-a0cf-d947a999b483,,2026-08-10,Andrew Davis,child_name
NCG882-01-A,6-35 month,12_23_month,2026,Toye,e7ea81a1-fc2c-48e7-8e98-dc627443d849,190be43c-6eb8-410e-a0cf-d947a999b483,2026-08-11,TRUE,FALSE,FALSE,TRUE,,https://api.calendly.com/scheduled_events/2ece18d1-09fd-4884-a3a1-7ac8867c2305/invitees/5cb25709-6a2e-4758-8924-8280b67c762f,2026-06-16,Shetoye  Rice,child_name
NDG495-01-A,6-35 month,12_23_month,2026,Nicole,b818025a-e58f-4275-9943-9bafab357337,6d4804f1-db08-42ec-a75f-aae3ffa1a1b0,2026-06-10,FALSE,FALSE,FALSE,FALSE,,,2026-06-07,Nicole Lipcaman,child_echo_id
NDG495-01-A,6-35 month,12_23_month,2026,Nicole,dbbcccec-6ab0-4485-848c-62cb8a2a938f,9cc738c0-e3b3-4c1e-9244-f8331b124542,2026-05-19,FALSE,FALSE,TRUE,FALSE,,,2026-04-07,Nicole Lipcaman,child_echo_id
NDG495-01-A,6-35 month,12_23_month,2026,Nicole,db119d6c-2f46-43af-80b4-631296120fef,3c2138a0-1ff2-49cb-a42b-40fcf6362d49,2026-03-28,TRUE,TRUE,FALSE,FALSE,,,2026-03-16,Nicole Lipcaman,child_name
NDN427-01-A,3-20 year,6_10yr,2026,Andrew,d7277dfa-fc09-4b02-8669-06259b083d39,1b4a7048-25a5-4ccc-b686-6d62f75146c4,2026-08-11,TRUE,TRUE,FALSE,FALSE,,,2026-07-27,Andrew Davis,child_echo_id
NDN427-01-A,3-20 year,6_10yr,2026,Toye,7ded3cc9-6ca5-41d0-b9b2-50d92a98ea62,64c6e976-d7ce-4cd9-81f0-0fd08412ad8d,2026-06-09,TRUE,TRUE,FALSE,FALSE,https://api.calendly.com/scheduled_events/73c43c90-e331-4910-8d1c-560e85dc3f0b/invitees/719cdd3d-e1dd-4f39-932d-e979797f4d19,,2026-05-03,Shetoye  Rice,child_name
NDN427-01-A,3-20 year,6_10yr,2026,Toye,73c43c90-e331-4910-8d1c-560e85dc3f0b,719cdd3d-e1dd-4f39-932d-e979797f4d19,2026-05-07,TRUE,FALSE,FALSE,TRUE,https://api.calendly.com/scheduled_events/5c73d01d-859c-4119-a73e-260fa5c30f89/invitees/f29b9a20-f0fd-4642-a7fd-dc021a96cf50,https://api.calendly.com/scheduled_events/7ded3cc9-6ca5-41d0-b9b2-50d92a98ea62/invitees/64c6e976-d7ce-4cd9-81f0-0fd08412ad8d,2026-04-15,Shetoye  Rice,child_name
NDN427-01-A,3-20 year,6_10yr,2026,Toye,5c73d01d-859c-4119-a73e-260fa5c30f89,f29b9a20-f0fd-4642-a7fd-dc021a96cf50,2026-05-06,TRUE,FALSE,FALSE,TRUE,,https://api.calendly.com/scheduled_events/73c43c90-e331-4910-8d1c-560e85dc3f0b/invitees/719cdd3d-e1dd-4f39-932d-e979797f4d19,2026-04-15,Shetoye  Rice,child_name
NDP128-01-A,6-35 month,12_23_month,2026,Nicole,334a2516-1902-4aa1-a6fd-2c831997b258,a573ebaf-8bd3-493d-8f96-0f8ba80a5df1,2026-04-03,FALSE,FALSE,FALSE,FALSE,,,2026-03-16,Nicole Lipcaman,child_echo_id
NDX702-01-A,3-20 year,3_5yr,2026,Andrew,5280f026-6d75-4b97-863b-ab7767f36112,729e5833-4866-4096-baeb-5a2a213a3bc4,2026-07-26,FALSE,FALSE,FALSE,FALSE,,,2026-07-18,Andrew Davis,child_echo_id
NGT839-01-A,3-20 year,11_17yr,2026,Cassie,57c56b50-b69b-46f6-b52f-e10865c679f9,8bba1240-872a-40b6-a769-8da594072536,2026-10-18,FALSE,FALSE,FALSE,FALSE,,,2026-09-24,Cassie Nickerson,child_name
NGX536-01-A,3-20 year,6_10yr,2026,Amy,5f389bf2-a6b9-4fed-9f30-b431fd26b73d,b249a4e3-eec5-4b09-b2f4-3c229d6ddd1d,2026-08-19,FALSE,FALSE,FALSE,FALSE,,,2026-07-17,Amy Scharmen-Burgdolf,child_echo_id
NHR264-01-A,3-20 year,6_10yr,2026,Nicole,7d363a00-1ad8-4973-a974-8b1f7fe482ce,aa67978f-642f-427c-943b-f991bc4f2cf4,2026-06-10,FALSE,FALSE,FALSE,FALSE,,,2026-05-28,Nicole Lipcaman,child_echo_id
NHR264-01-A,3-20 year,6_10yr,2026,Nicole,aac7721a-522e-45e2-aa38-dbc2d369ef74,fbf627da-c2f8-4cc2-885f-66454379f53f,2026-05-28,TRUE,TRUE,FALSE,FALSE,,,2026-04-07,Nicole Lipcaman,child_echo_id
NKG127-01-A,3-20 year,11_17yr,2026,Jo,4eeaaf08-59bb-4bc4-9799-2a816dc1d449,8878262b-5ebf-4202-ac55-2c106999ef49,2026-05-02,FALSE,FALSE,FALSE,FALSE,,,2026-03-11,Jolyn Lerma,child_custom_id
NMF407-01-A,3-20 year,11_17yr,2026,Cassie,2c20836a-b3c3-44fd-8804-6b3a8f44ec52,e07c4293-aaa9-47a0-a4d1-1cd44f975c54,2026-05-11,FALSE,FALSE,FALSE,FALSE,,,2026-05-07,Cassie Nickerson,child_name
NMT952-01-A,3-20 year,3_5yr,2026,Jo,b3fdf22b-7dcb-4660-8f19-3399043b72c7,845e5046-5c09-4b5e-9ae4-59d23bdedc7f,2026-10-01,FALSE,FALSE,FALSE,FALSE,,,2026-09-16,Jolyn Lerma,familyId+name
NNF727-01-A,3-20 year,6_10yr,2026,Nicole,e1db1d00-4343-49cc-89d6-94c0fd22638a,3c2aba66-470c-4e79-b28d-599859b3e026,2026-10-26,FALSE,FALSE,FALSE,FALSE,,,2026-09-20,Nicole Lipcaman,child_echo_id
NPM662-01-A,6-35 month,12_23_month,2026,Jody,dac7adae-d115-4492-88bb-45a949a350f1,804d1246-3bb6-49cb-b34a-7c2af9d88643,2026-07-11,FALSE,FALSE,FALSE,FALSE,,,2026-05-27,Jody Kendall,familyId+name
NRK711-01-A,3-20 year,6_10yr,2026,Toye,464c262f-a814-477d-94f2-7b4400670d07,d31cb4a5-7981-4935-96dd-ed270bb4f051,2026-05-03,FALSE,FALSE,FALSE,FALSE,https://api.calendly.com/scheduled_events/9d3d4338-7e13-443f-b055-0f0c27590b23/invitees/d8f9e5d4-2b26-4492-b934-bf7fdd6cfe6c,,2026-03-30,Shetoye  Rice,child_name
NRK711-01-A,3-20 year,6_10yr,2026,Toye,9d3d4338-7e13-443f-b055-0f0c27590b23,d8f9e5d4-2b26-4492-b934-bf7fdd6cfe6c,2026-04-14,TRUE,FALSE,FALSE,TRUE,https://api.calendly.com/scheduled_events/e9203ab2-b6b1-4593-a8bb-56227ae4e276/invitees/8788f01e-8250-4763-9c77-4455f2782e53,https://api.calendly.com/scheduled_events/464c262f-a814-477d-94f2-7b4400670d07/invitees/d31cb4a5-7981-4935-96dd-ed270bb4f051,2026-03-20,Shetoye  Rice,child_name
NRK711-01-A,3-20 year,6_10yr,2026,Toye,e9203ab2-b6b1-4593-a8bb-56227ae4e276,8788f01e-8250-4763-9c77-4455f2782e53,2026-03-31,TRUE,FALSE,FALSE,TRUE,,https://api.calendly.com/scheduled_events/9d3d4338-7e13-443f-b055-0f0c27590b23/invitees/d8f9e5d4-2b26-4492-b934-bf7fdd6cfe6c,2026-03-20,Shetoye  Rice,child_name
NSQ870-01-A,6-35 month,12_23_month,2026,Nicole,5cb99956-8f30-4444-9b5a-7215dd03b938,d16194aa-1f49-4947-b630-efa0ec235d70,2026-05-08,FALSE,FALSE,FALSE,FALSE,,,2026-04-02,Nicole Lipcaman,child_echo_id
NVB331-01-A,3-20 year,6_10yr,2026,Nicole,eb7fffd4-04bf-48e9-994b-9f2a3fc615d0,ad76bca5-7fe3-4883-b384-a700a32cb34d,2026-04-28,FALSE,FALSE,FALSE,FALSE,,,2026-03-13,Nicole Lipcaman,child_echo_id
NZV696-01-A,3-20 year,3_5yr,2026,Toye,d914afb0-cad8-45d2-b8d1-33dd5253b1f0,b127702f-ce56-45a6-a693-230cfb964f4a,2026-04-28,FALSE,FALSE,TRUE,FALSE,,,2026-03-14,Shetoye  Rice,child_name
PBC879-01-A,3-20 year,6_10yr,2026,Andrew,6605f6c4-7161-4139-9c7c-7072766824b0,19e01461-448e-4f08-8ebd-42f9234f7020,2026-10-04,FALSE,FALSE,FALSE,FALSE,,,2026-09-13,Andrew Davis,child_echo_id
PBF223-01-A,3-20 year,11_17yr,2026,Cassie,a0a92514-5dc0-4ef4-af5e-feb79396c3d6,336872a1-fa3b-47b3-bcd8-9b9401fbf943,2026-04-02,FALSE,FALSE,FALSE,FALSE,,,2026-03-27,Cassie Nickerson,child_name
PDV195-01-A,3-20 year,11_17yr,2026,Cassie,6b611093-d7fb-44c0-952b-79b9324fc8a6,a03857f0-8003-413f-9a34-c9d984e2fff0,2026-10-05,TRUE,TRUE,FALSE,FALSE,,,2026-09-16,Cassie Nickerson,invitee_email
PDV195-01-A,3-20 year,11_17yr,2026,Amy,a5e9f940-e664-499a-b78a-cf15659286d3,3f67f511-2258-4472-a884-6d717a3ef54a,2026-09-16,TRUE,TRUE,FALSE,FALSE,,,2026-08-12,Amy Scharmen-Burgdolf,child_echo_id
PDW328-01-A,3-20 year,11_17yr,2026,Jo,e333a15f-3b09-423e-8719-59422ce11dfd,6c0a7c06-e202-451b-955e-fd115bba4acd,2026-04-15,FALSE,FALSE,FALSE,FALSE,,,2026-04-01,Jolyn Lerma,child_custom_id
PFD674-01-A,3-20 year,3_5yr,2026,Cassie,de9f6516-3130-4635-a210-521fa0987054,c6136d73-521e-4098-9c89-5fe4c034de3f,2026-10-26,FALSE,FALSE,FALSE,FALSE,https://api.calendly.com/scheduled_events/c6427e0b-4dac-491a-b023-3dee3cea92e8/invitees/89693797-1b1d-46c7-bdde-20cb40844e22,,2026-09-28,Cassie Nickerson,familyId+name
PFD674-01-A,3-20 year,3_5yr,2026,Cassie,cd8111e7-0950-4a45-851e-232cd032e9d2,d1068731-03b8-453c-8274-f936aa7c4fc3,2026-09-28,TRUE,TRUE,FALSE,FALSE,,,2026-09-02,Cassie Nickerson,child_name
PFD674-01-A,3-20 year,3_5yr,2026,Jo,c6427e0b-4dac-491a-b023-3dee3cea92e8,89693797-1b1d-46c7-bdde-20cb40844e22,2026-09-28,TRUE,FALSE,FALSE,TRUE,,https://api.calendly.com/scheduled_events/de9f6516-3130-4635-a210-521fa0987054/invitees/c6136d73-521e-4098-9c89-5fe4c034de3f,2026-08-28,Jolyn Lerma,familyId+name
PGM615-01-A,6-35 month,12_23_month,2026,Kowlini,2e8aa7eb-8445-4084-9ce9-50809e5ca60d,b5d42a68-30da-4a86-ba50-3fc934763b41,2026-08-14,FALSE,FALSE,FALSE,FALSE,,,2026-08-10,Kowlini Wickramasinghe,child_custom_id
PHN877-01-A,3-20 year,6_10yr,2026,Nicole,c242b3b3-1b16-47b8-befd-537da00875ea,01a331a8-18b7-4672-98ce-203232b7af88,2026-07-16,FALSE,FALSE,FALSE,FALSE,,,2026-06-26,Nicole Lipcaman,child_echo_id
PHN877-02-A,6-35 month,12_23_month,2026,Nicole,59b3c569-77f4-45f6-bd5b-5496bd8864a2,dcc62e26-2829-4b88-b197-0d9ca2ad69d8,2026-04-06,FALSE,FALSE,FALSE,FALSE,,,2026-03-17,Nicole Lipcaman,child_echo_id
PHT777-01-A,3-20 year,11_17yr,2026,Jo,890360fe-f827-4997-8d96-7f37499915a6,5da418dd-6107-42ee-b57f-a2e1ef4debb9,2026-06-09,FALSE,FALSE,FALSE,FALSE,,,2026-06-06,Jolyn Lerma,child_name
PLD055-01-A,6-35 month,12_23_month,2026,Nicole,d2689f36-401a-423b-b1e5-e42107f8f2c1,0f1c8d36-083a-4cf7-ab2c-1a13b783e647,2026-06-29,FALSE,FALSE,FALSE,FALSE,,,2026-06-17,Nicole Lipcaman,child_echo_id
PMY376-01-A,3-20 year,6_10yr,2026,Toye,f52a7c31-3a2e-4705-9f8b-6b006f5e4cd1,7366b789-915b-43b3-a79a-bf5c8420a159,2026-09-30,FALSE,FALSE,FALSE,FALSE,,,2026-09-16,Shetoye  Rice,child_name
PND524-01-A,3-20 year,6_10yr,2026,Nicole,c62659db-f84d-4110-8ddc-b5d2ecb0e189,b33e0eed-3d8e-49ef-a7be-5a27db4b48d8,2026-08-24,FALSE,FALSE,FALSE,FALSE,,,2026-08-01,Nicole Lipcaman,child_echo_id
PPK451-01-A,3-20 year,3_5yr,2026,Andrew,01995b45-01e2-4f52-bf9a-7abbd8d82cc6,7965507a-b557-4b40-9513-9b14d9acf82f,2026-09-04,TRUE,TRUE,FALSE,FALSE,,,2026-08-26,Andrew Davis,child_echo_id
PPM461-01-A,3-20 year,6_10yr,2026,Jody,f425edb8-334f-44ba-98d2-4b42bc4f358b,38de2de6-a287-48d0-aca3-3c8575787f0a,2026-06-01,FALSE,FALSE,FALSE,FALSE,,,2026-05-26,Jody Kendall,child_name
PRD929-01-A,3-20 year,6_10yr,2026,Kowlini,21d16762-bb56-4f6d-b462-117a4084fc57,297598f2-29b5-4366-afa3-5bea906f5249,2026-09-26,FALSE,FALSE,FALSE,FALSE,,,2026-09-22,Kowlini Wickramasinghe,child_custom_id
PRH159-01-A,3-20 year,6_10yr,2026,Jody,6f5da6d5-9890-4f93-9e0d-5590aea5dcf3,a7f31495-5a45-4534-bf3d-febf313beac8,2026-08-31,FALSE,FALSE,FALSE,FALSE,,,2026-07-09,Jody Kendall,child_custom_id
PRT334-01-A,3-20 year,6_10yr,2026,Jo,7e678b93-9e2c-40bb-a7aa-ded183d4391d,79e16f48-b5c8-4256-867a-3278fbeb4e56,2026-07-24,FALSE,FALSE,FALSE,FALSE,,,2026-06-03,Jolyn Lerma,familyId+name
PTN126-01-A,3-20 year,6_10yr,2026,Nicole,8dec9ac0-97e2-48f6-a157-24a80a5df085,19313b35-0326-4260-a9ef-3cecd260ed8a,2026-07-21,FALSE,FALSE,FALSE,FALSE,https://api.calendly.com/scheduled_events/9e3873e2-5d45-486c-9d05-881c4bda145c/invitees/0695ac63-0ae0-45d3-8b07-2ba8dd84c2c9,,2026-07-20,Nicole Lipcaman,child_echo_id
PTN126-01-A,3-20 year,6_10yr,2026,Nicole,9e3873e2-5d45-486c-9d05-881c4bda145c,0695ac63-0ae0-45d3-8b07-2ba8dd84c2c9,2026-07-21,TRUE,FALSE,FALSE,TRUE,https://api.calendly.com/scheduled_events/71cb4fe2-883e-4844-8e4d-d2c20fa70dbb/invitees/18c44bb9-dbfa-4344-bebc-e69640786d0c,https://api.calendly.com/scheduled_events/8dec9ac0-97e2-48f6-a157-24a80a5df085/invitees/19313b35-0326-4260-a9ef-3cecd260ed8a,2026-07-12,Nicole Lipcaman,child_name
PTN126-01-A,3-20 year,6_10yr,2026,Nicole,71cb4fe2-883e-4844-8e4d-d2c20fa70dbb,18c44bb9-dbfa-4344-bebc-e69640786d0c,2026-07-21,TRUE,FALSE,FALSE,TRUE,https://api.calendly.com/scheduled_events/2151cef5-1f64-4762-834c-4b6bd4a9b0ae/invitees/071c7ebb-a598-4d33-bbcb-df203a0d919a,https://api.calendly.com/scheduled_events/9e3873e2-5d45-486c-9d05-881c4bda145c/invitees/0695ac63-0ae0-45d3-8b07-2ba8dd84c2c9,2026-07-12,Nicole Lipcaman,child_name
PTN126-01-A,3-20 year,6_10yr,2026,Nicole,2151cef5-1f64-4762-834c-4b6bd4a9b0ae,071c7ebb-a598-4d33-bbcb-df203a0d919a,2026-07-16,TRUE,FALSE,FALSE,TRUE,https://api.calendly.com/scheduled_events/e7a81003-f657-4479-bea6-93ba27933227/invitees/d53d5314-d4b6-47a0-a29a-9b4c18356d33,https://api.calendly.com/scheduled_events/71cb4fe2-883e-4844-8e4d-d2c20fa70dbb/invitees/18c44bb9-dbfa-4344-bebc-e69640786d0c,2026-07-07,Nicole Lipcaman,child_name
PTN126-01-A,3-20 year,6_10yr,2026,Nicole,e7a81003-f657-4479-bea6-93ba27933227,d53d5314-d4b6-47a0-a29a-9b4c18356d33,2026-07-07,TRUE,FALSE,FALSE,TRUE,,https://api.calendly.com/scheduled_events/2151cef5-1f64-4762-834c-4b6bd4a9b0ae/invitees/071c7ebb-a598-4d33-bbcb-df203a0d919a,2026-06-15,Nicole Lipcaman,child_name
PTN126-01-A,3-20 year,6_10yr,2026,Nicole,393eb580-fb33-4d71-aff3-8d17c35c0ec5,dcb99990-8ab8-44a2-8055-7e8a229af01f,2026-06-23,TRUE,TRUE,FALSE,FALSE,,,2026-05-07,Nicole Lipcaman,child_echo_id
PXV115-01-A,3-20 year,6_10yr,2026,Nicole,682f5001-8a1b-4fcd-9b61-d6ca0fced4c1,e0a00a55-24bf-4b7d-b4cf-2754128763f6,2026-06-17,FALSE,FALSE,FALSE,FALSE,,,2026-05-12,Nicole Lipcaman,child_echo_id
PXZ071-01-A,3-20 year,3_5yr,2026,Toye,5af37090-30b4-4664-9734-52d2618542f6,3729ced6-67ea-47dc-ae78-88f377d8e04e,2026-06-28,TRUE,TRUE,FALSE,FALSE,,,2026-05-25,Shetoye  Rice,child_name
QFN151-01-A,3-20 year,6_10yr,2026,Amy,a6a30b98-5f70-4ad6-8cbd-5665ec6ca93d,ba320f00-8d4d-401c-82c7-1339fe2cb30e,2026-06-07,FALSE,FALSE,FALSE,FALSE,,,2026-06-01,Amy Scharmen-Burgdolf,child_echo_id
QGX254-01-A,3-20 year,3_5yr,2026,Toye,ca9c2eb8-feb3-4297-8529-44f193686300,9e016b0b-dddb-43e7-b549-13480f6b29bf,2026-08-19,FALSE,FALSE,FALSE,FALSE,,,2026-06-11,Shetoye  Rice,child_name
QHC467-01-A,3-20 year,6_10yr,2026,Toye,ebc687cd-a733-4f66-9514-9c12f6c6de52,7710d530-0820-4ce3-ab4b-0f873cc43784,2026-07-07,FALSE,FALSE,FALSE,FALSE,,,2026-05-29,Shetoye  Rice,child_name
QHF620-01-A,6-35 month,12_23_month,2026,Nicole,b48341b2-fd3a-4097-98da-af99a0e91b78,3a5f956d-45e0-4dd7-8bd7-68e2ba91a143,2026-03-31,FALSE,FALSE,FALSE,FALSE,,,2026-03-17,Nicole Lipcaman,child_echo_id
QHG535-01-A,3-20 year,6_10yr,2026,Andrew,8deb1dca-9f69-419b-b92f-c689f9c28804,e4fef198-c84f-487c-8c8b-ad0c383eaaab,2026-09-30,FALSE,FALSE,FALSE,FALSE,,,2026-09-28,Andrew Davis,child_echo_id
QHG535-01-A,3-20 year,6_10yr,2026,Andrew,a224485a-105b-4545-be68-80197385198a,55f4db55-742f-4256-a8e7-4db4ae5220e3,2026-09-30,TRUE,TRUE,FALSE,FALSE,,,2026-09-13,Andrew Davis,child_name
QHG535-01-A,3-20 year,6_10yr,2026,Andrew,fca11e6d-9517-4c92-a437-7b0248a82bfb,ef69e44e-2413-4544-ae25-07795ec852c7,2026-09-25,FALSE,FALSE,TRUE,FALSE,,,2026-09-22,Andrew Davis,child_echo_id
QHJ854-01-A,3-20 year,11_17yr,2026,Jo,d6c96249-3c86-431b-aaed-7ed96aa1bc34,bbbd0440-42c2-4fba-8b77-8d11dd3cf9ae,2026-09-29,FALSE,FALSE,FALSE,FALSE,,,2026-09-03,Jolyn Lerma,child_custom_id
QHJ854-01-A,3-20 year,11_17yr,2026,Amy,ae53a828-3421-475e-bf5d-5da41ecf11ae,588c8921-cb8e-43c6-80b3-071005132439,2026-09-01,TRUE,TRUE,FALSE,FALSE,,,2026-08-10,Amy Scharmen-Burgdolf,child_echo_id
QHM041-01-A,3-20 year,6_10yr,2026,Toye,6faa5fb6-c9e6-45ea-b07c-633b6eb77cb0,a37fe26c-1527-4d1c-a59c-e011df3530ea,2026-03-29,FALSE,FALSE,FALSE,FALSE,,,2026-03-17,Shetoye  Rice,child_name
QJJ178-01-A,3-20 year,6_10yr,2026,Nicole,fc4e6717-a731-4f86-a6c6-6495becd2716,d1ff0bb3-0b2b-4c6f-a2c3-cc94c7c40c25,2026-07-16,FALSE,FALSE,FALSE,FALSE,,,2026-05-29,Nicole Lipcaman,child_echo_id
QKS362-01-A,3-20 year,6_10yr,2026,Breanna,b6971e69-3aeb-4f28-a875-25272e0f3e26,a0143cb6-e1fa-42c4-9326-e15f1bfce242,2026-03-24,FALSE,FALSE,TRUE,FALSE,,,2026-03-13,Breanna Kornatowski,child_name
QLS775-01-A,3-20 year,3_5yr,2026,Anna,78cce255-e4b3-4f7b-b147-e0d7844f485a,bbb6b0fb-fae4-4931-a485-c69334449a87,2026-06-26,FALSE,FALSE,FALSE,FALSE,,,2026-05-27,Anna VanTubergen,child_name
QMG495-01-A,3-20 year,3_5yr,2026,Andrew,8ecc7469-c214-4525-a50a-e1e002c1c697,252c9764-3720-47e0-bb47-6b086ad34490,2026-08-24,TRUE,TRUE,FALSE,FALSE,https://api.calendly.com/scheduled_events/8f70d152-a108-40e9-8bd9-186b2e78ef8b/invitees/7ade10a2-10f7-42cf-84cc-cf29a6dc9219,,2026-08-04,Andrew Davis,child_echo_id
QMG495-01-A,3-20 year,3_5yr,2026,Toye,8f70d152-a108-40e9-8bd9-186b2e78ef8b,7ade10a2-10f7-42cf-84cc-cf29a6dc9219,2026-08-11,TRUE,FALSE,FALSE,TRUE,,https://api.calendly.com/scheduled_events/8ecc7469-c214-4525-a50a-e1e002c1c697/invitees/252c9764-3720-47e0-bb47-6b086ad34490,2026-06-11,Shetoye  Rice,child_name
QMT063-01-A,3-20 year,11_17yr,2026,Jo,12b63e7a-0dea-4ad2-9823-e6dab12c869b,1b6fb147-c995-4352-ae7a-aeb242e646e5,2026-05-01,FALSE,FALSE,FALSE,FALSE,,,2026-04-22,Jolyn Lerma,child_custom_id
QNB666-01-A,3-20 year,3_5yr,2026,Toye,a5ec5819-3a33-4b02-8c8a-b0df3c38ff96,b33993c4-de66-4afb-b14e-7da5fc961589,2026-07-08,FALSE,FALSE,TRUE,FALSE,,,2026-05-27,Shetoye  Rice,child_name
QPF716-01-A,3-20 year,3_5yr,2026,Andrew,ceb83c77-9e96-45e6-9314-d67eb8205456,efa37864-e95b-4529-b27f-d6c69560fe74,2026-08-25,FALSE,FALSE,TRUE,FALSE,,,2026-08-21,Andrew Davis,child_echo_id
QPF716-01-A,3-20 year,3_5yr,2026,Andrew,9bb36103-fa32-4888-b87f-08aa5e9e37d6,13c5f68b-870e-4740-8d2d-4aef9c02ac78,2026-07-21,FALSE,FALSE,TRUE,FALSE,,,2026-07-15,Andrew Davis,child_name
QQL383-01-A,6-35 month,12_23_month,2026,Nicole,9eb07781-5aec-493d-b46c-0849448d5035,62ce4387-08be-423a-a29e-a3941f9ee0a9,2026-04-21,FALSE,FALSE,TRUE,FALSE,,,2026-03-17,Nicole Lipcaman,child_echo_id
QRD285-01-A,3-20 year,11_17yr,2026,Amy,e1b1ad76-5381-44e9-98b9-8ef5af8f3d0c,7b47ffe5-a797-4b57-891c-7e61596099a8,2026-09-02,FALSE,FALSE,FALSE,FALSE,,,2026-08-10,Amy Scharmen-Burgdolf,child_echo_id
QRK467-01-M,3-20 year,6_10yr,2026,Toye,7b6b4a4c-6330-4fa8-aabb-b2aea90e0261,615d450b-5adc-4d82-8036-9cf6aeea1d77,2026-07-22,TRUE,TRUE,FALSE,FALSE,,,2026-06-09,Shetoye  Rice,invitee_email+child_first_name
QRK467-01-N,3-20 year,6_10yr,2026,Toye,c468e8b0-22d3-4ec4-aede-6d0a9d3a0596,e44f5cdd-2ea4-4719-bad6-746e1b8a14a0,2026-07-26,FALSE,FALSE,FALSE,FALSE,,,2026-06-09,Shetoye  Rice,invitee_email+child_first_name
QTN450-01-A,3-20 year,3_5yr,2026,Anna,3fb73434-713b-4955-9024-b9f8d41e6f91,96c9ea6d-5518-4202-86cd-f6efe0bdc04b,2026-07-07,FALSE,FALSE,FALSE,FALSE,,,2026-06-26,Anna VanTubergen,child_name
QTQ022-01-A,3-20 year,6_10yr,2026,Andrew,2f1c324c-5291-4ee8-82f4-081339f9f1ad,6e7893c5-e63d-4d57-b3e2-15c1894ceebb,2026-10-06,TRUE,TRUE,FALSE,FALSE,,,2026-09-01,Andrew Davis,child_name
QTQ022-01-A,3-20 year,6_10yr,2026,Kowlini,a4f3fe35-d080-4512-9709-d932d7aa8407,22d74c21-df2e-4ece-9bf5-de21cf561617,2026-09-21,FALSE,FALSE,FALSE,FALSE,,,2026-09-01,Kowlini Wickramasinghe,child_custom_id
QVW747-01-A,6-35 month,12_23_month,2026,Kowlini,058de7e0-f430-4a70-bcf2-8366a75e86a6,4233d218-d33e-4003-a99c-ab666eaf2082,2026-09-28,TRUE,TRUE,FALSE,FALSE,https://api.calendly.com/scheduled_events/90d432c2-f06d-47cb-bcfd-fe35a598055c/invitees/c8ae27e8-0ef0-4136-9e53-3a5911b600c8,,2026-09-21,Kowlini Wickramasinghe,child_custom_id
QVW747-01-A,6-35 month,12_23_month,2026,Kowlini,90d432c2-f06d-47cb-bcfd-fe35a598055c,c8ae27e8-0ef0-4136-9e53-3a5911b600c8,2026-09-21,TRUE,FALSE,FALSE,TRUE,https://api.calendly.com/scheduled_events/4e93ed77-cb05-4b74-b419-9401e6981217/invitees/194f1a0a-450d-4058-83c0-23996009a05e,https://api.calendly.com/scheduled_events/058de7e0-f430-4a70-bcf2-8366a75e86a6/invitees/4233d218-d33e-4003-a99c-ab666eaf2082,2026-09-12,Kowlini Wickramasinghe,child_custom_id
QVW747-01-A,6-35 month,12_23_month,2026,Kowlini,4e93ed77-cb05-4b74-b419-9401e6981217,194f1a0a-450d-4058-83c0-23996009a05e,2026-09-12,TRUE,FALSE,FALSE,TRUE,,https://api.calendly.com/scheduled_events/90d432c2-f06d-47cb-bcfd-fe35a598055c/invitees/c8ae27e8-0ef0-4136-9e53-3a5911b600c8,2026-09-08,Kowlini Wickramasinghe,child_custom_id
QWF984-01-A,3-20 year,11_17yr,2026,Anna,4ec2fce5-0b05-4de7-8eb2-da3ffc7dea9d,6d7b70d4-7460-4231-8ff8-99738f85cf85,2026-07-27,FALSE,FALSE,FALSE,FALSE,https://api.calendly.com/scheduled_events/b19733a9-a5e3-4447-a44c-ba0002e210fc/invitees/6103c7c7-83fe-4fa8-84af-a317abb7a504,,2026-07-20,Anna VanTubergen,child_name
QWF984-01-A,3-20 year,11_17yr,2026,Anna,b19733a9-a5e3-4447-a44c-ba0002e210fc,6103c7c7-83fe-4fa8-84af-a317abb7a504,2026-07-21,TRUE,FALSE,FALSE,TRUE,,https://api.calendly.com/scheduled_events/4ec2fce5-0b05-4de7-8eb2-da3ffc7dea9d/invitees/6d7b70d4-7460-4231-8ff8-99738f85cf85,2026-07-18,Anna VanTubergen,child_name
QYF906-01-A,3-20 year,6_10yr,2026,Amy,957d1527-7302-47d7-a84e-d61579c7e18e,57abaeed-d232-4584-b683-651b33b291cb,2026-08-02,FALSE,FALSE,FALSE,FALSE,,,2026-06-27,Amy Scharmen-Burgdolf,child_echo_id
QZD360-01-A,3-20 year,6_10yr,2026,Toye,c9e9500a-4352-4a6c-9b7a-c34d1d64301e,3734fbb6-38b0-4c0e-8fa7-f12a94e83763,2026-09-01,TRUE,TRUE,FALSE,FALSE,,,2026-07-08,Shetoye  Rice,child_name
QZP255-01-A,3-20 year,6_10yr,2026,Amy,ff54d6e5-8d16-43ba-b302-9c3d2dacb0d7,da450f64-1e34-4bd3-a969-ff98eb96ac91,2026-08-19,FALSE,FALSE,FALSE,FALSE,,,2026-07-24,Amy Scharmen-Burgdolf,child_echo_id
RBR931-01-A,3-20 year,11_17yr,2026,Cassie,fa5d58f6-0485-4e05-8763-7a7854e4e99d,bc0fae0b-700b-4881-9e71-93ba5a2ff5d2,2026-09-21,FALSE,FALSE,FALSE,FALSE,,,2026-08-05,Cassie Nickerson,child_name
RBR931-02-A,3-20 year,11_17yr,2026,Cassie,4f018e54-98c5-43bb-9b98-9cd80be180d2,8f269a80-905f-49e9-a0d2-1e8fbec0c995,2026-09-21,FALSE,FALSE,FALSE,FALSE,,,2026-08-05,Cassie Nickerson,child_name
RCH363-01-A,3-20 year,6_10yr,2026,Jo,586288ee-1676-45e9-9282-b968cc0198e9,7052680e-600b-4e1f-a8a1-6e3b3480d677,2026-07-27,FALSE,FALSE,FALSE,FALSE,,,2026-06-29,Jolyn Lerma,familyId+name
RCJ118-01-A,3-20 year,3_5yr,2026,Andrew,419b9cff-3fc6-47b6-855b-ac64fcc86050,a2637d7d-a0cd-4d97-9ff9-45501b508dec,2026-10-24,FALSE,FALSE,FALSE,FALSE,https://api.calendly.com/scheduled_events/b40aca46-e942-4ac0-b8d6-2e4ce350db17/invitees/49758a84-3e6e-4379-b2d4-6a4129082035,,2026-08-29,Andrew Davis,child_echo_id
RCJ118-01-A,3-20 year,3_5yr,2026,Andrew,b40aca46-e942-4ac0-b8d6-2e4ce350db17,49758a84-3e6e-4379-b2d4-6a4129082035,2026-08-30,TRUE,FALSE,FALSE,TRUE,,https://api.calendly.com/scheduled_events/419b9cff-3fc6-47b6-855b-ac64fcc86050/invitees/a2637d7d-a0cd-4d97-9ff9-45501b508dec,2026-08-10,Andrew Davis,child_echo_id
RCJ118-01-A,3-20 year,3_5yr,2026,Andrew,328589ea-7563-472a-b0e3-d3d510fb1e81,ccaf9ca9-c545-4f15-b3a4-da8129b0fae0,2026-08-10,FALSE,FALSE,TRUE,FALSE,,,2026-08-03,Andrew Davis,child_echo_id
RCJ118-01-A,3-20 year,3_5yr,2026,Toye,13b21f83-57b7-418d-b73a-a47fc2789294,9d69e2ed-d863-4320-a6f0-852f33830ee3,2026-08-05,TRUE,TRUE,FALSE,FALSE,,,2026-06-11,Shetoye  Rice,child_name
RDC147-01-A,6-35 month,12_23_month,2026,Nicole,a1e15cae-8301-4b43-b37f-5e2f72fd60bd,3721214d-69c7-4b63-8d79-dcdc3773dc42,2026-08-25,TRUE,TRUE,FALSE,FALSE,,,2026-07-06,Nicole Lipcaman,child_name
RDJ491-01-A,3-20 year,11_17yr,2026,Amy,bc947193-57d0-4141-bdf0-f1123ee74cad,b4ce9dba-ad2e-4b22-a3ab-df2e14c9e2bb,2026-08-25,TRUE,TRUE,FALSE,FALSE,,,2026-08-03,Amy Scharmen-Burgdolf,child_name
RDJ491-01-A,3-20 year,11_17yr,2026,Jo,30b57000-4597-4bbe-8994-2143f864af5a,c85aca70-6b65-4603-8e4d-d61b9b86dff8,2026-08-03,FALSE,FALSE,TRUE,FALSE,,,2026-07-08,Jolyn Lerma,child_custom_id
RDJ491-01-A,3-20 year,11_17yr,2026,Cassie,9933f409-e718-474e-9531-dc66137c41ec,b138c515-26e4-4a4c-8a00-4cdef027dcc2,2026-07-06,FALSE,FALSE,TRUE,FALSE,,,2026-06-15,Cassie Nickerson,child_name
RDJ491-01-A,3-20 year,11_17yr,2026,Cassie,fe840ea2-b312-4f07-a206-8843ac642fc8,be26778e-4d6d-4600-8798-c7e8d27ceb17,2026-06-15,TRUE,TRUE,FALSE,FALSE,,,2026-06-02,Cassie Nickerson,invitee_email
RGM456-01-A,3-20 year,6_10yr,2026,Nicole,ea150069-292c-4979-9915-53a446d67700,9dc3ea90-833b-4c72-96a4-276436783dfb,2026-04-27,FALSE,FALSE,FALSE,FALSE,,,2026-03-13,Nicole Lipcaman,child_echo_id
RGQ821-01-A,3-20 year,6_10yr,2026,Kowlini,082162eb-2d69-471b-b922-7902ced2ccd4,d7f8f2f2-1751-4f38-87ed-46f690cce9a2,2026-07-31,FALSE,FALSE,FALSE,FALSE,,,2026-07-28,Kowlini Wickramasinghe,child_custom_id
RGV560-01-A,3-20 year,11_17yr,2026,Jo,cd3855c9-a2ef-4d6c-9c15-f029674672a3,0eeb40d3-22ca-4d66-b163-1960ba70304e,2026-08-01,FALSE,FALSE,FALSE,FALSE,,,2026-06-16,Jolyn Lerma,child_custom_id
RGV560-01-B,3-20 year,11_17yr,2026,Jo,c9646500-2ba9-41d1-95b0-6fd5b6cadf08,5f2b4435-86e2-4fd7-b83b-3fc72f6dd029,2026-08-01,FALSE,FALSE,FALSE,FALSE,,,2026-06-16,Jolyn Lerma,child_custom_id
RMH180-01-A,6-35 month,12_23_month,2026,Nicole,3285c7d9-cb81-4dce-898f-ef225bfaaa94,6a9deb31-c363-465c-95cb-4a5e591239a2,2026-06-04,FALSE,FALSE,FALSE,FALSE,,,2026-05-28,Nicole Lipcaman,child_echo_id
RMH180-01-A,6-35 month,12_23_month,2026,Nicole,228a597a-1d21-465d-97b9-dc7d5239eb73,d44a9787-9aeb-4908-afc5-8958c71f4ca1,2026-05-29,TRUE,TRUE,FALSE,FALSE,https://api.calendly.com/scheduled_events/9279a8cf-57c4-430c-b70d-b4cd80dc63a6/invitees/86494c15-3f0f-4fa8-9f0d-e32a3ef53e79,,2026-05-18,Nicole Lipcaman,child_echo_id
RMH180-01-A,6-35 month,12_23_month,2026,Nicole,9279a8cf-57c4-430c-b70d-b4cd80dc63a6,86494c15-3f0f-4fa8-9f0d-e32a3ef53e79,2026-05-18,TRUE,FALSE,FALSE,TRUE,,https://api.calendly.com/scheduled_events/228a597a-1d21-465d-97b9-dc7d5239eb73/invitees/d44a9787-9aeb-4908-afc5-8958c71f4ca1,2026-04-01,Nicole Lipcaman,child_echo_id
RMX477-01-A,3-20 year,6_10yr,2026,Amy,108a8e14-aaa1-4ec5-8eb8-efe8cb67eaa1,584234fd-af43-458a-8cc3-976d897f0102,2026-08-06,FALSE,FALSE,TRUE,FALSE,,,2026-07-15,Amy Scharmen-Burgdolf,child_echo_id
RNV741-01-A,3-20 year,11_17yr,2026,Cassie,b6084069-6f4f-4dc3-8021-2dfd77c2be6c,242744fa-e9f8-4a64-bffa-cbd793e47ea5,2026-06-30,FALSE,FALSE,FALSE,FALSE,https://api.calendly.com/scheduled_events/dfedb8a2-718b-4f93-a23d-a2d102ebed89/invitees/be367469-449e-4642-8ab6-bdadde27b5fc,,2026-06-13,Cassie Nickerson,child_custom_id
RNV741-01-A,3-20 year,11_17yr,2026,Cassie,dfedb8a2-718b-4f93-a23d-a2d102ebed89,be367469-449e-4642-8ab6-bdadde27b5fc,2026-06-16,TRUE,FALSE,FALSE,TRUE,https://api.calendly.com/scheduled_events/fe12ad0b-43ea-4490-b843-05e7631c1253/invitees/17222ada-fbd9-4316-a092-09866af2e01e,https://api.calendly.com/scheduled_events/b6084069-6f4f-4dc3-8021-2dfd77c2be6c/invitees/242744fa-e9f8-4a64-bffa-cbd793e47ea5,2026-06-07,Cassie Nickerson,child_custom_id
RNV741-01-A,3-20 year,11_17yr,2026,Jo,fe12ad0b-43ea-4490-b843-05e7631c1253,17222ada-fbd9-4316-a092-09866af2e01e,2026-06-10,TRUE,FALSE,FALSE,TRUE,,https://api.calendly.com/scheduled_events/dfedb8a2-718b-4f93-a23d-a2d102ebed89/invitees/be367469-449e-4642-8ab6-bdadde27b5fc,2026-05-21,Jolyn Lerma,child_custom_id
RPS818-01-A,3-20 year,6_10yr,2026,Amy,845accbb-2ea0-40a5-8103-1d7be2874611,794875f8-9301-4454-9afc-18a6a50be8f1,2026-09-20,FALSE,FALSE,FALSE,FALSE,,,2026-08-09,Amy Scharmen-Burgdolf,child_echo_id
RQS085-01-A,3-20 year,3_5yr,2026,Andrew,e5a17eb8-6a27-42ee-b1b7-89102b5ccf27,8d003615-4873-4e53-8414-14591c863c38,2026-07-20,FALSE,FALSE,TRUE,FALSE,,,2026-07-16,Andrew Davis,child_name
RQT437-01-A,3-20 year,6_10yr,2026,Jody,b34f2407-0e7d-40c0-b1fb-b01c35c5640e,207e5cf0-e0d0-4b14-9c87-1c69772e484e,2026-10-04,FALSE,FALSE,FALSE,FALSE,,,2026-09-30,Jody Kendall,familyId+name
RQT437-01-A,3-20 year,6_10yr,2026,Jo,b8857ba8-3f29-491b-ae28-d6cc33a29153,0c96ac28-97f8-4533-911b-d167455f19e4,2026-10-02,TRUE,TRUE,FALSE,FALSE,,,2026-09-16,Jolyn Lerma,familyId+name
RQY432-01-A,3-20 year,3_5yr,2026,Andrew,1bc6b0f5-a6c0-4b70-8044-e3e9d6a87227,c41ea1ea-6a8d-4ca2-86ca-05022c8d5353,2026-08-10,FALSE,FALSE,FALSE,FALSE,,,2026-07-22,Andrew Davis,child_echo_id
RRB727-01-A,6-35 month,12_23_month,2026,Nicole,3d76f92f-2002-44a0-94fb-954df43339ef,014e48e2-4193-4a09-a57b-150e7025e622,2026-09-15,FALSE,FALSE,FALSE,FALSE,,,2026-09-08,Nicole Lipcaman,child_echo_id
RVT795-01-A,3-20 year,6_10yr,2026,Nicole,0b9034b2-9583-4a9a-b8be-7db7f66577a6,a1681184-0ef1-4fef-90b0-1a335fcc95bd,2026-08-25,FALSE,FALSE,FALSE,FALSE,,,2026-07-21,Nicole Lipcaman,child_echo_id
RWC339-01-M,3-20 year,11_17yr,2026,Amy,18be97fe-c70d-4d20-a9cd-e52695b858ae,9e189dd6-bcee-441d-a4e0-37276cb690c1,2026-05-12,FALSE,FALSE,FALSE,FALSE,,,2026-04-28,Amy Scharmen-Burgdolf,child_echo_id
RWP288-01-A,3-20 year,3_5yr,2026,Toye,ec8f3c2d-c9c1-4b2d-810a-dd97244b3555,6ed1401e-5aa8-48ae-a8b8-42d79b4dce3c,2026-06-03,FALSE,FALSE,FALSE,FALSE,,,2026-05-07,Shetoye  Rice,child_name
RWP288-01-A,3-20 year,3_5yr,2026,Toye,bfd67fef-8821-4ecc-a17b-3a6538952013,506a4fd8-d9ed-4d67-a307-46fd4c13d363,2026-05-07,FALSE,FALSE,TRUE,FALSE,,,2026-04-21,Shetoye  Rice,invitee_email
RWP821-01-A,3-20 year,6_10yr,2026,Kowlini,e7c43d6f-e3bd-43a0-8d87-6b3101dd384e,f23c5f99-40d6-4d4e-91f3-e463b2e11f5e,2026-08-26,FALSE,FALSE,FALSE,FALSE,,,2026-08-17,Kowlini Wickramasinghe,child_custom_id
RWR771-01-A,3-20 year,11_17yr,2026,Amy,724dc51e-168d-477b-843b-f6b65c483403,06ab4a49-5996-4e5e-a8cd-5c8e76a3fb29,2026-09-16,FALSE,FALSE,FALSE,FALSE,,,2026-08-06,Amy Scharmen-Burgdolf,child_echo_id
RYB389-01-A,3-20 year,3_5yr,2026,Andrew,b508643b-880f-42eb-ae3e-d3a1fe824650,48dd2217-2c18-409d-a6fe-dbb3b91d8a55,2026-09-28,FALSE,FALSE,FALSE,FALSE,,,2026-09-17,Andrew Davis,child_echo_id
RYB389-01-N,3-20 year,3_5yr,2026,Andrew,b508643b-880f-42eb-ae3e-d3a1fe824650,48dd2217-2c18-409d-a6fe-dbb3b91d8a55,2026-09-28,FALSE,FALSE,FALSE,FALSE,,,2026-09-17,Andrew Davis,child_echo_id
RYF448-01-A,3-20 year,6_10yr,2026,Andrew,91f3ddc3-c04e-4685-af35-5c831f029df8,81530fc9-f40d-4f6e-b4c0-02437772b268,2026-08-13,TRUE,TRUE,FALSE,FALSE,,,2026-08-09,Andrew Davis,child_name
RZS580-01-A,6-35 month,12_23_month,2026,Nicole,82987558-dda9-4601-bdb0-4717f72a69cb,a9076ed0-515e-44df-ace1-3bb09553ee52,2026-04-04,FALSE,FALSE,FALSE,FALSE,,,2026-04-01,Nicole Lipcaman,child_echo_id
SBB001-01-A,3-20 year,6_10yr,2026,Nicole,b3d9a515-76f1-4da7-9dce-30dc1601470d,f41652ca-5174-44fb-ab91-3e0348e54962,2026-10-16,FALSE,FALSE,FALSE,FALSE,,,2026-08-21,Nicole Lipcaman,child_name
SBH525-01-A,6-35 month,12_23_month,2026,Nicole,71168c74-bb0c-4287-bb0d-278f136c5b45,88cf96e5-df71-4c3d-b9a4-6011093abb99,2026-04-28,FALSE,FALSE,FALSE,FALSE,,,2026-03-17,Nicole Lipcaman,child_echo_id
SBS453-01-A,3-20 year,11_17yr,2026,Cassie,0aa686a3-b4d3-4c5d-afab-f803b3fa705e,a3621926-f86c-4c5c-aa11-1d84134b5e24,2026-07-21,FALSE,FALSE,FALSE,FALSE,,,2026-06-16,Cassie Nickerson,child_name
SCB433-01-A,3-20 year,11_17yr,2026,Jo,c3acc4c1-f84f-41b2-9b8c-0bc964187b83,fb300700-5416-4ca8-8a26-9f89727b5390,2026-08-02,FALSE,FALSE,FALSE,FALSE,,,2026-07-06,Jolyn Lerma,child_custom_id
SDT653-01-A,3-20 year,6_10yr,2026,Andrew,028755cf-8110-4f94-9a69-8675ae1c4075,7a59887c-bd13-4d28-bcaa-c8a2717e485f,2026-08-27,FALSE,FALSE,FALSE,FALSE,,,2026-08-25,Andrew Davis,child_echo_id
SDT653-01-A,3-20 year,6_10yr,2026,Amy,ad8f9277-8f1c-4386-8372-a586b45e75cb,4bdf773e-632c-4a0a-9b32-91adab026e18,2026-08-26,TRUE,TRUE,FALSE,FALSE,,,2026-07-01,Amy Scharmen-Burgdolf,child_echo_id
SGS765-01-A,3-20 year,6_10yr,2026,Nicole,557de83d-5af5-4e53-80bd-0757d9e69c90,9bbc5da5-a1df-40ab-bfa1-6d27609da5de,2026-06-23,FALSE,FALSE,FALSE,FALSE,,,2026-06-02,Nicole Lipcaman,child_echo_id
SJH036-01-A,6-35 month,12_23_month,2026,Kowlini,b97856e1-7f4e-4296-b34a-c393fef4e4b1,50c72058-8297-4363-aaf3-18ac5d9104bf,2026-09-18,FALSE,FALSE,FALSE,FALSE,https://api.calendly.com/scheduled_events/fd8ff8d1-bf1d-4fe9-81bf-211aee57a4e7/invitees/782b4b28-b575-474b-97ba-fa69c2d68e5a,,2026-09-14,Kowlini Wickramasinghe,child_custom_id
SJH036-01-A,6-35 month,12_23_month,2026,Kowlini,fd8ff8d1-bf1d-4fe9-81bf-211aee57a4e7,782b4b28-b575-474b-97ba-fa69c2d68e5a,2026-09-18,TRUE,FALSE,FALSE,TRUE,,https://api.calendly.com/scheduled_events/b97856e1-7f4e-4296-b34a-c393fef4e4b1/invitees/50c72058-8297-4363-aaf3-18ac5d9104bf,2026-09-09,Kowlini Wickramasinghe,child_custom_id
SJJ920-01-A,3-20 year,6_10yr,2026,Nicole,46e56532-dbfd-41bf-8def-6a56b09838d5,a1ffdedf-7326-4c4f-b87c-c9cc36e90a98,2026-08-31,FALSE,FALSE,FALSE,FALSE,,,2026-07-15,Nicole Lipcaman,child_echo_id
SJZ725-01-A,3-20 year,6_10yr,2026,Anna,87ba09b9-fc33-4633-a75f-c0a92c67d2ca,1617e761-d599-4806-9e06-a9828f6248a2,2026-08-11,FALSE,FALSE,TRUE,FALSE,https://api.calendly.com/scheduled_events/359dc996-3f9b-4aab-b8f1-36638c7dc9d8/invitees/5699c31a-592b-46a3-9568-264b767c9f7d,,2026-08-04,Anna VanTubergen,child_name
SJZ725-01-A,3-20 year,6_10yr,2026,Anna,359dc996-3f9b-4aab-b8f1-36638c7dc9d8,5699c31a-592b-46a3-9568-264b767c9f7d,2026-08-04,TRUE,FALSE,FALSE,TRUE,,https://api.calendly.com/scheduled_events/87ba09b9-fc33-4633-a75f-c0a92c67d2ca/invitees/1617e761-d599-4806-9e06-a9828f6248a2,2026-07-15,Anna VanTubergen,child_name
SKD083-01-A,3-20 year,3_5yr,2026,Anna,16fbc4c8-98dd-4c43-9639-d38dc90478d1,a87b2540-4718-4411-869c-094177e59e5a,2026-05-14,FALSE,FALSE,FALSE,FALSE,,,2026-04-29,Anna VanTubergen,child_name
SKR563-01-A,3-20 year,6_10yr,2026,Nicole,e6d46707-a571-4491-a952-1f33eea33723,050875bb-d007-46cd-b9aa-170f3f06797f,2026-06-23,FALSE,FALSE,FALSE,FALSE,,,2026-05-28,Nicole Lipcaman,child_echo_id
SMQ889-01-A,6-35 month,12_23_month,2026,Kowlini,c2153261-6289-4a2f-8af2-90c1e3e19401,5a3bf93d-5789-46c7-9432-4b55dda0cc1c,2026-08-10,TRUE,FALSE,FALSE,TRUE,,https://api.calendly.com/scheduled_events/75dc0259-29d5-4dd3-a1ee-2d76b2826268/invitees/8e3be090-6e21-4b97-8d56-a1a29fee0783,2026-08-07,Kowlini Wickramasinghe,invitee_email
SMQ889-01-A,6-35 month,12_23_month,2026,Kowlini,75dc0259-29d5-4dd3-a1ee-2d76b2826268,8e3be090-6e21-4b97-8d56-a1a29fee0783,2026-08-10,FALSE,FALSE,FALSE,FALSE,https://api.calendly.com/scheduled_events/c2153261-6289-4a2f-8af2-90c1e3e19401/invitees/5a3bf93d-5789-46c7-9432-4b55dda0cc1c,,2026-08-07,Kowlini Wickramasinghe,child_custom_id
SNJ492-01-N,3-20 year,11_17yr,2026,Cassie,e42c9d47-1886-4128-b152-1d71a1e6b250,3d8f02b3-2149-4011-ba16-aefee77f9715,2026-06-15,TRUE,TRUE,FALSE,FALSE,,,2026-05-20,Cassie Nickerson,child_name
SNV833-01-A,3-20 year,11_17yr,2026,Cassie,51f5a332-8b7f-485d-abcb-e7425d596c8d,997dd009-4e8a-462a-b86b-e2da5b534c3f,2026-08-10,FALSE,FALSE,FALSE,FALSE,https://api.calendly.com/scheduled_events/3e052a8a-24b4-4ebe-9b63-fcbed427308a/invitees/e91facd3-84fb-4517-a92d-a7618a67f426,,2026-06-26,Cassie Nickerson,child_name
SNV833-01-A,3-20 year,11_17yr,2026,Jo,3e052a8a-24b4-4ebe-9b63-fcbed427308a,e91facd3-84fb-4517-a92d-a7618a67f426,2026-08-03,TRUE,FALSE,FALSE,TRUE,,https://api.calendly.com/scheduled_events/51f5a332-8b7f-485d-abcb-e7425d596c8d/invitees/997dd009-4e8a-462a-b86b-e2da5b534c3f,2026-06-26,Jolyn Lerma,child_name
SPR662-01-A,3-20 year,6_10yr,2026,Nicole,49a25482-199c-4f45-8d1a-9bccdfd633d1,639a4ca6-0c61-4682-a9ed-770fdd89503e,2026-03-26,FALSE,FALSE,FALSE,FALSE,,,2026-03-10,Nicole Lipcaman,child_echo_id
SSN103-01-A,3-20 year,6_10yr,2026,Nicole,5e3576fa-cfe1-4592-ae20-6de2da070457,6d9ef038-e815-42d6-b763-1a84286476c5,2026-04-03,FALSE,FALSE,FALSE,FALSE,,,2026-03-12,Nicole Lipcaman,child_echo_id
SSX741-01-A,3-20 year,6_10yr,2026,Breanna,bf9296e2-aaab-411c-8096-a7924656c12a,f9f4e4f3-15ed-4681-a8b1-7704c6ea53f7,2026-07-29,FALSE,FALSE,FALSE,FALSE,https://api.calendly.com/scheduled_events/2a3eeacd-d2b7-4426-92ab-c7ef052f59ff/invitees/c8befcca-8e73-493a-ace2-7faef9856651,,2026-07-22,Breanna Kornatowski,child_name
SSX741-01-A,3-20 year,6_10yr,2026,Toye,2a3eeacd-d2b7-4426-92ab-c7ef052f59ff,c8befcca-8e73-493a-ace2-7faef9856651,2026-07-22,TRUE,FALSE,FALSE,TRUE,,https://api.calendly.com/scheduled_events/bf9296e2-aaab-411c-8096-a7924656c12a/invitees/f9f4e4f3-15ed-4681-a8b1-7704c6ea53f7,2026-05-28,Shetoye  Rice,child_name
STQ126-01-A,3-20 year,11_17yr,2026,Jo,2b772e3a-4b98-49b3-9f6a-1f9e59792edf,726d3c43-6154-4456-8f91-3addfaf6d1eb,2026-07-22,FALSE,FALSE,FALSE,FALSE,,,2026-06-29,Jolyn Lerma,child_custom_id
STZ858-01-A,3-20 year,3_5yr,2026,Anna,c63c8354-3a93-4fc6-a441-da5fa36ad7be,c5969256-b892-4789-80a8-be5d0a2b591e,2026-05-27,FALSE,FALSE,FALSE,FALSE,,,2026-04-16,Anna VanTubergen,child_name
SYJ996-01-M,3-20 year,6_10yr,2026,Toye,3cce8d3e-f09e-4a3a-804f-475092268715,e5da1a66-a826-451e-a10b-339d36696100,2026-04-26,TRUE,FALSE,FALSE,TRUE,,https://api.calendly.com/scheduled_events/f1274edd-3980-46c8-8db1-0fc4ad818d1a/invitees/a4a5e139-5397-4a1e-87de-231e0bc597ef,2026-03-19,Shetoye  Rice,child_name
SYJ996-01-M,3-20 year,6_10yr,2026,Toye,f1274edd-3980-46c8-8db1-0fc4ad818d1a,a4a5e139-5397-4a1e-87de-231e0bc597ef,2026-04-01,FALSE,FALSE,FALSE,FALSE,https://api.calendly.com/scheduled_events/3cce8d3e-f09e-4a3a-804f-475092268715/invitees/e5da1a66-a826-451e-a10b-339d36696100,,2026-03-20,Shetoye  Rice,child_name
SYJ996-01-N,3-20 year,6_10yr,2026,Toye,d8ac3b0c-89b0-4366-917c-bfe77d3244e0,b91caff2-cb93-4f42-ac4d-741da66b2ea2,2026-04-01,FALSE,FALSE,FALSE,FALSE,,,2026-03-19,Shetoye  Rice,child_name
SYW884-01-A,6-35 month,12_23_month,2026,Nicole,493e331f-2d09-4655-be06-bd977438f4b2,3172a72f-fa62-4652-a2d3-377c09b259ab,2026-09-03,FALSE,FALSE,FALSE,FALSE,,,2026-08-27,Nicole Lipcaman,child_echo_id
SZF435-01-A,3-20 year,11_17yr,2026,Amy,8540397d-3f3e-4836-a4e4-2c23532d3ebb,46419e25-7490-475f-aa42-fdeeaf5dd394,2026-09-01,FALSE,FALSE,FALSE,FALSE,,,2026-08-18,Amy Scharmen-Burgdolf,child_echo_id
SZF435-01-A,3-20 year,11_17yr,2026,Cassie,7c784075-960c-41d3-a4b9-6523ff824d39,33340ec0-7029-4bdc-b043-79fcb5a22ec2,2026-08-17,TRUE,TRUE,FALSE,FALSE,,,2026-07-17,Cassie Nickerson,child_name
TCH588-01-A,3-20 year,3_5yr,2026,Jody,d79bd407-ed95-4138-8c2f-a54c5ddf8018,4bfaf5aa-7f52-4ec5-b85b-25002020def3,2026-08-12,FALSE,FALSE,FALSE,FALSE,https://api.calendly.com/scheduled_events/404307bd-aab3-4e03-bc97-4a018978a5b4/invitees/8de85d64-f114-47b7-8a7c-988de5e6ee3b,,2026-06-29,Jody Kendall,child_custom_id
TCH588-01-A,3-20 year,3_5yr,2026,Jody,404307bd-aab3-4e03-bc97-4a018978a5b4,8de85d64-f114-47b7-8a7c-988de5e6ee3b,2026-07-01,TRUE,FALSE,FALSE,TRUE,,https://api.calendly.com/scheduled_events/d79bd407-ed95-4138-8c2f-a54c5ddf8018/invitees/4bfaf5aa-7f52-4ec5-b85b-25002020def3,2026-05-12,Jody Kendall,child_custom_id
TDX359-01-A,6-35 month,12_23_month,2026,Nicole,ac11479b-6565-4041-b53b-49478fad1764,3b52da22-5a15-425c-8aae-cc0d1e1f52e3,2026-04-27,FALSE,FALSE,FALSE,FALSE,,,2026-03-17,Nicole Lipcaman,child_echo_id
TDY935-01-A,3-20 year,6_10yr,2026,Jody,7fe7b015-cf8b-44fa-b778-8fb6d54ba6de,a8bf352c-7c89-4ce8-b1f8-d2fe669005d3,2026-03-08,FALSE,FALSE,FALSE,FALSE,,,2026-03-05,Jody Kendall,invitee_email
TFH187-01-A,3-20 year,6_10yr,2026,Kowlini,d3f843e8-e6af-4731-ab59-25533add8f0f,d1c73920-f681-4f57-bb99-137e5ae3cb82,2026-08-06,FALSE,FALSE,FALSE,FALSE,,,2026-07-27,Kowlini Wickramasinghe,child_custom_id
TGD969-01-A,3-20 year,11_17yr,2026,Amy,86c30ca4-50ce-4fde-b630-f8bbe202f270,1386384b-ddd4-4d0f-8d4e-c1839d8a0810,2026-04-07,FALSE,FALSE,FALSE,FALSE,,,2026-03-29,Amy Scharmen-Burgdolf,child_echo_id
TGY183-01-A,3-20 year,6_10yr,2026,Amy,8dd43a98-0a1d-4d0d-bb0b-d1df9a7652e1,7f7ae89f-80b2-40e2-af9c-ac95032687e9,2026-03-15,FALSE,FALSE,FALSE,FALSE,,,2026-03-08,Amy Scharmen-Burgdolf,invitee_email
THL624-01-A,3-20 year,11_17yr,2026,Cassie,031aa6fa-b397-4329-952a-da399edc0e8f,fdf6d5bd-1c5c-4b42-a3ac-0811c9230344,2026-07-12,FALSE,FALSE,FALSE,FALSE,https://api.calendly.com/scheduled_events/de4a1ede-fe69-4540-a29a-341ab1606064/invitees/fb4033e2-1968-49c5-a8fa-64ed3ec642e0,,2026-06-07,Cassie Nickerson,child_echo_id
THL624-01-A,3-20 year,11_17yr,2026,Amy,de4a1ede-fe69-4540-a29a-341ab1606064,fb4033e2-1968-49c5-a8fa-64ed3ec642e0,2026-06-07,TRUE,FALSE,FALSE,TRUE,https://api.calendly.com/scheduled_events/2b5eabce-496a-4ccf-b826-9052323457b3/invitees/464805e9-e729-49fa-8cc3-9e35a49155be,https://api.calendly.com/scheduled_events/031aa6fa-b397-4329-952a-da399edc0e8f/invitees/fdf6d5bd-1c5c-4b42-a3ac-0811c9230344,2026-05-11,Amy Scharmen-Burgdolf,child_echo_id
THL624-01-A,3-20 year,11_17yr,2026,Cassie,2b5eabce-496a-4ccf-b826-9052323457b3,464805e9-e729-49fa-8cc3-9e35a49155be,2026-05-15,TRUE,FALSE,FALSE,TRUE,https://api.calendly.com/scheduled_events/03dfe675-1268-40f8-a22b-63be00527c46/invitees/562a0e2f-561b-4c23-a7e4-17ac154a9aed,https://api.calendly.com/scheduled_events/de4a1ede-fe69-4540-a29a-341ab1606064/invitees/fb4033e2-1968-49c5-a8fa-64ed3ec642e0,2026-04-10,Cassie Nickerson,child_name
THL624-01-A,3-20 year,11_17yr,2026,Amy,03dfe675-1268-40f8-a22b-63be00527c46,562a0e2f-561b-4c23-a7e4-17ac154a9aed,2026-04-12,TRUE,FALSE,FALSE,TRUE,,https://api.calendly.com/scheduled_events/2b5eabce-496a-4ccf-b826-9052323457b3/invitees/464805e9-e729-49fa-8cc3-9e35a49155be,2026-03-11,Amy Scharmen-Burgdolf,invitee_email
TKF056-01-A,3-20 year,6_10yr,2026,Toye,8cf674db-a0a0-48a9-83c1-9f97d62db3a0,0aad0336-52fa-40c8-8516-4415b53e5682,2026-08-04,FALSE,FALSE,TRUE,FALSE,,,2026-06-18,Shetoye  Rice,child_name
TKY175-01-A,3-20 year,6_10yr,2026,Breanna,4e932f91-68a6-477d-95a7-9901b63d71be,7ef7107e-35fd-46a8-aa72-ca0b4f554918,2026-07-27,FALSE,FALSE,FALSE,FALSE,,,2026-07-09,Breanna Kornatowski,child_name
TLP747-01-A,3-20 year,6_10yr,2026,Nicole,12ee19b3-ceb1-4f56-9ceb-b86ff0c28948,aa8c0673-f3ed-4ce5-86dd-95844ed96429,2026-03-11,FALSE,FALSE,FALSE,FALSE,,,2026-03-04,Nicole Lipcaman,child_echo_id
TMB738-01-A,3-20 year,6_10yr,2026,Nicole,817597ef-6371-4eb4-984e-8ede7a6f606d,52012630-2d2a-490b-8625-82374a53a893,2026-05-15,FALSE,FALSE,FALSE,FALSE,,,2026-03-20,Nicole Lipcaman,child_echo_id
TNZ700-01-A,3-20 year,6_10yr,2026,Nicole,d7065133-5f4c-4051-93ba-5d2bf5d4ee83,fedda9b1-c717-4085-bf5b-fd2d118f0a45,2026-04-21,FALSE,FALSE,FALSE,FALSE,,,2026-03-10,Nicole Lipcaman,child_echo_id
TPN036-01-A,3-20 year,3_5yr,2026,Toye,0428832d-90f7-4dac-a3c3-dada44dc2f1b,dbd7bb31-cb18-48ed-b21f-3657fd28908e,2026-04-28,FALSE,FALSE,FALSE,FALSE,,,2026-04-22,Shetoye  Rice,child_echo_id
TPW315-01-A,6-35 month,12_23_month,2026,Kowlini,a6b7cea8-b44e-4f64-b7b7-cf1f1e63d60c,b6c391cf-1154-453a-8132-7c4829483507,2026-09-18,FALSE,FALSE,TRUE,FALSE,https://api.calendly.com/scheduled_events/3235ac9d-11bf-4471-91de-c7b8896ae722/invitees/284ae883-b332-4dbb-9b63-48c5922f664c,,2026-09-11,Kowlini Wickramasinghe,child_custom_id
TPW315-01-A,6-35 month,12_23_month,2026,Jody,3235ac9d-11bf-4471-91de-c7b8896ae722,284ae883-b332-4dbb-9b63-48c5922f664c,2026-09-11,TRUE,FALSE,FALSE,TRUE,https://api.calendly.com/scheduled_events/cd783b22-8754-4f6e-b400-cb9288d323d3/invitees/7c31bf68-0b69-4edb-b30b-ed14bc7ceef7,https://api.calendly.com/scheduled_events/a6b7cea8-b44e-4f64-b7b7-cf1f1e63d60c/invitees/b6c391cf-1154-453a-8132-7c4829483507,2026-09-08,Jody Kendall,child_custom_id
TPW315-01-A,6-35 month,12_23_month,2026,Kowlini,cd783b22-8754-4f6e-b400-cb9288d323d3,7c31bf68-0b69-4edb-b30b-ed14bc7ceef7,2026-09-08,TRUE,FALSE,FALSE,TRUE,https://api.calendly.com/scheduled_events/a2f38655-27a9-4df7-a5db-de8f76d6f7da/invitees/4ee891a0-c057-4d04-a239-b8739acc3cee,https://api.calendly.com/scheduled_events/3235ac9d-11bf-4471-91de-c7b8896ae722/invitees/284ae883-b332-4dbb-9b63-48c5922f664c,2026-08-30,Kowlini Wickramasinghe,child_custom_id
TPW315-01-A,6-35 month,12_23_month,2026,Kowlini,a2f38655-27a9-4df7-a5db-de8f76d6f7da,4ee891a0-c057-4d04-a239-b8739acc3cee,2026-09-01,TRUE,FALSE,FALSE,TRUE,,https://api.calendly.com/scheduled_events/cd783b22-8754-4f6e-b400-cb9288d323d3/invitees/7c31bf68-0b69-4edb-b30b-ed14bc7ceef7,2026-08-27,Kowlini Wickramasinghe,child_custom_id
TPW315-01-A,6-35 month,12_23_month,2026,Kowlini,253f94b1-7454-4bf3-a5f5-ad2366a38f05,86d7212f-dd6a-4ae0-87f3-69722b18ea54,2026-08-25,FALSE,FALSE,TRUE,FALSE,,,2026-08-19,Kowlini Wickramasinghe,child_custom_id
TQC990-01-A,3-20 year,11_17yr,2026,Cassie,179a68ed-69ae-4f77-b413-ce21b43a0635,c9824a8c-82c6-4a5a-8857-ac50f89e72f1,2026-07-08,FALSE,FALSE,FALSE,FALSE,,,2026-07-06,Cassie Nickerson,child_name
TQC990-01-A,3-20 year,11_17yr,2026,Cassie,8d659884-981c-46ba-aa24-e1ab8cc5ba69,0d42f420-7d2c-40a4-8a5b-7f940c4ce12e,2026-07-06,FALSE,FALSE,FALSE,FALSE,,,2026-06-15,Cassie Nickerson,child_name
TQW013-01-A,3-20 year,11_17yr,2026,Amy,1533f1d9-aa49-4304-afe9-cb7855574a19,c1944615-882f-4e69-b96d-dd93ec413a6b,2026-05-05,FALSE,FALSE,FALSE,FALSE,,,2026-04-28,Amy Scharmen-Burgdolf,child_echo_id
TQW993-01-A,3-20 year,3_5yr,2026,Toye,6cfd794d-db0f-436c-95ec-c54b20245982,e1800b28-8e78-4fab-a8e0-f6d0c090f550,2026-09-16,TRUE,TRUE,FALSE,FALSE,,,2026-07-06,Shetoye  Rice,child_name
TQW993-01-A,3-20 year,3_5yr,2026,Andrew,7e530a4e-e880-4938-8b31-e73e3c4184e7,5153acfd-1523-4f82-b00a-56a0edc09963,2026-08-23,FALSE,FALSE,FALSE,FALSE,https://api.calendly.com/scheduled_events/e8d2fcca-e26e-4d1e-9267-f40fa6e0b243/invitees/859b8adf-d113-40de-85d5-38af877a21b6,,2026-07-23,Andrew Davis,child_echo_id
TQW993-01-A,3-20 year,3_5yr,2026,Toye,e8d2fcca-e26e-4d1e-9267-f40fa6e0b243,859b8adf-d113-40de-85d5-38af877a21b6,2026-08-16,TRUE,FALSE,FALSE,TRUE,,https://api.calendly.com/scheduled_events/7e530a4e-e880-4938-8b31-e73e3c4184e7/invitees/5153acfd-1523-4f82-b00a-56a0edc09963,2026-06-11,Shetoye  Rice,child_name
TSC574-01-A,3-20 year,6_10yr,2026,Nicole,0c0d67c0-e775-4130-8a7c-5123eeeb57e5,2e815760-c48b-4b35-89b3-170cbebdd5ff,2026-04-03,TRUE,TRUE,FALSE,FALSE,,,2026-03-13,Nicole Lipcaman,child_name
TSC574-01-A,3-20 year,6_10yr,2026,Nicole,ab9c4af4-054b-4c9c-ba72-8e36cb6a46b8,2c7a9afa-0b97-444d-86a4-df0eea0fae9a,2026-03-26,FALSE,FALSE,FALSE,FALSE,,,2026-03-13,Nicole Lipcaman,child_echo_id
TSC574-01-A,3-20 year,6_10yr,2026,Nicole,b1d7f287-e6e8-4076-91d7-c812bad0626b,c13cb1bc-abba-495e-87f2-f0cb6edc1e2c,2026-03-16,TRUE,TRUE,FALSE,FALSE,,,2026-03-04,Nicole Lipcaman,invitee_email
TSN328-01-M,3-20 year,6_10yr,2026,Kowlini,1a7ea16e-6907-441d-8927-a3a431249387,637ff9ff-f154-45f4-b839-dfa477fda720,2026-09-08,FALSE,FALSE,FALSE,FALSE,https://api.calendly.com/scheduled_events/f570470e-3228-425b-b489-5df4ac1fd3c9/invitees/6e7eb711-e8fe-4370-a1ee-c755b93fcd5c,,2026-09-01,Kowlini Wickramasinghe,child_custom_id
TSN328-01-M,3-20 year,6_10yr,2026,Kowlini,f570470e-3228-425b-b489-5df4ac1fd3c9,6e7eb711-e8fe-4370-a1ee-c755b93fcd5c,2026-09-01,TRUE,FALSE,FALSE,TRUE,https://api.calendly.com/scheduled_events/8c9240ad-926e-4ff9-b761-cfa550954020/invitees/f97ea489-a05e-486e-b4dc-83a7a0f40d96,https://api.calendly.com/scheduled_events/1a7ea16e-6907-441d-8927-a3a431249387/invitees/637ff9ff-f154-45f4-b839-dfa477fda720,2026-08-29,Kowlini Wickramasinghe,child_custom_id
TSN328-01-M,3-20 year,6_10yr,2026,Kowlini,8c9240ad-926e-4ff9-b761-cfa550954020,f97ea489-a05e-486e-b4dc-83a7a0f40d96,2026-09-01,TRUE,FALSE,FALSE,TRUE,,https://api.calendly.com/scheduled_events/f570470e-3228-425b-b489-5df4ac1fd3c9/invitees/6e7eb711-e8fe-4370-a1ee-c755b93fcd5c,2026-08-29,Kowlini Wickramasinghe,invitee_child_name
TSN328-01-M,3-20 year,6_10yr,2026,Kowlini,3cce3586-1153-4307-bf41-3c45998570fd,146822ce-0efb-41f8-bbdd-3492f488aa45,2026-08-29,FALSE,FALSE,FALSE,FALSE,,,2026-08-25,Kowlini Wickramasinghe,child_custom_id
TSN328-01-M,3-20 year,6_10yr,2026,Kowlini,67b30fd9-2241-4381-a6ad-ac4ac901bdb5,6503ccc6-841b-4852-9094-77f25c654d50,2026-08-22,FALSE,FALSE,TRUE,FALSE,,,2026-08-13,Kowlini Wickramasinghe,child_custom_id
TSN328-01-M,3-20 year,6_10yr,2026,Jody,05cc5438-4362-4edc-9fc1-74743f59e70a,2bac9f2e-d5de-4f93-a8a9-df940445fc73,2026-08-05,FALSE,FALSE,FALSE,FALSE,,,2026-06-16,Jody Kendall,familyId+name
TSN328-01-M,3-20 year,6_10yr,2026,Jody,b58c94e5-98c6-4273-9479-c2057ba5b24e,3bc0458b-dee8-47c8-9bfa-f5b2d9c5fed4,2026-08-03,TRUE,TRUE,FALSE,FALSE,,,2026-06-16,Jody Kendall,child_name
TSN328-01-N,3-20 year,6_10yr,2026,Kowlini,6ebddc05-2e53-4053-974f-790537eab0d9,8b08e024-ae7e-48c2-9ed5-404b089335a3,2026-08-29,FALSE,FALSE,FALSE,FALSE,,,2026-08-25,Kowlini Wickramasinghe,child_custom_id
TSN328-01-N,3-20 year,6_10yr,2026,Kowlini,f1485ccb-9de0-4328-ab62-03039eb25fc2,e39959df-ec8a-41a6-8d2c-618e5024d149,2026-08-23,FALSE,FALSE,TRUE,FALSE,,,2026-08-13,Kowlini Wickramasinghe,child_custom_id
TSN328-01-N,3-20 year,6_10yr,2026,Jody,5dbb227b-375c-440f-85f4-847db21cbcd9,598d763f-eac8-4ab0-9ae0-d88d182fd163,2026-08-05,FALSE,FALSE,FALSE,FALSE,,,2026-06-16,Jody Kendall,familyId+name
TTG223-01-A,3-20 year,6_10yr,2026,Andrew,938e27f7-ffeb-458a-ae33-db67ba0765b6,85131236-707f-4bfb-86e5-28d32d238507,2026-07-30,FALSE,FALSE,FALSE,FALSE,,,2026-07-27,Andrew Davis,child_echo_id
TWK336-01-A,3-20 year,11_17yr,2026,Cassie,d75a12d8-c42b-473e-a0ce-1b4a902f3d00,c30cf528-6191-4ac2-964b-352837fe3011,2026-04-27,FALSE,FALSE,FALSE,FALSE,,,2026-04-23,Cassie Nickerson,child_name
TWT305-01-A,3-20 year,6_10yr,2026,Nicole,fc73a2a8-ec0e-472b-a92d-a4637bca6052,ca901d7c-c357-4cae-935b-a570a83e14aa,2026-08-05,FALSE,FALSE,FALSE,FALSE,,,2026-07-13,Nicole Lipcaman,child_echo_id
TXF197-01-A,3-20 year,6_10yr,2026,Amy,bcf60066-b6f9-44c4-9d23-ae03b23a7f03,64a3e2ff-2f16-4798-8639-e267c6686bef,2026-04-12,FALSE,FALSE,FALSE,FALSE,,,2026-03-10,Amy Scharmen-Burgdolf,invitee_email
TXR417-01-A,3-20 year,11_17yr,2026,Cassie,b490936e-01b1-45c4-8759-d3888edf0793,17b86c7f-7f59-42f9-aa41-2da00986818a,2026-07-20,FALSE,FALSE,FALSE,FALSE,,,2026-06-17,Cassie Nickerson,child_name
TYJ533-01-A,3-20 year,11_17yr,2026,Amy,e6e8bedc-fdcd-4cd3-b381-2e50aed25b03,13726338-ea49-46dc-b774-5544e846580b,2026-06-10,FALSE,FALSE,FALSE,FALSE,,,2026-05-19,Amy Scharmen-Burgdolf,child_echo_id
TZB922-01-A,6-35 month,12_23_month,2026,Jody,3b785995-9388-4ac1-b47d-32f01979ddc3,1dfc5fa3-d629-49eb-af7a-b1ec0c1b8ff9,2026-06-07,FALSE,FALSE,FALSE,FALSE,,,2026-04-12,Jody Kendall,child_custom_id
VBK954-01-A,3-20 year,6_10yr,2026,Toye,9ad2ef41-c553-4766-813f-2e1bf49f071c,77246ade-9069-4d7a-91e9-a008d57da277,2026-04-02,FALSE,FALSE,FALSE,FALSE,,,2026-03-06,Shetoye  Rice,invitee_email
VBZ802-01-A,3-20 year,11_17yr,2026,Amy,92b5563d-afb9-4e07-9765-5b9bccfa2257,f66ea5cb-c473-4241-a1e0-a9a34ec28d98,2026-08-25,TRUE,TRUE,FALSE,FALSE,,,2026-07-17,Amy Scharmen-Burgdolf,child_name
VCK629-01-A,3-20 year,6_10yr,2026,Amy,25f9b7cd-97c8-4ee9-9c7b-96580c76bab4,f53dcf50-4b7a-4bb6-85fb-548a4777ceea,2026-09-20,FALSE,FALSE,FALSE,FALSE,,,2026-07-15,Amy Scharmen-Burgdolf,child_echo_id
VCL006-01-A,3-20 year,3_5yr,2026,Kowlini,fa35cfae-8632-4adf-8bce-4c482a963130,ab8391dc-4063-4448-8873-05f3d015f46c,2026-10-30,FALSE,FALSE,FALSE,FALSE,,,2026-10-04,Kowlini Wickramasinghe,child_name
VDF655-01-A,3-20 year,3_5yr,2026,Anna,a305fbd1-4016-426a-ba0d-faaf1cb7ef91,2957dcc0-9bdc-4662-b43a-d1a2537a0214,2026-04-08,TRUE,TRUE,FALSE,FALSE,,,2026-03-31,Anna VanTubergen,invitee_email
VDW156-01-A,3-20 year,3_5yr,2026,Anna,57abac37-1118-4103-ba1c-6beaf2970c4d,59906cc3-e4ae-444f-858e-fd0a5d48b381,2026-05-22,FALSE,FALSE,FALSE,FALSE,,,2026-05-20,Anna VanTubergen,child_name
VDW156-01-A,3-20 year,3_5yr,2026,Anna,5f4533dc-f0d7-48d9-baf1-f07df08b24fd,26002e45-b49e-49ff-a0b4-22b2da4d6fef,2026-05-15,FALSE,FALSE,FALSE,FALSE,,,2026-05-04,Anna VanTubergen,child_name
VDW899-01-A,6-35 month,12_23_month,2026,Nicole,79aa890f-4499-4b9c-90d7-12272c5733e2,e9a9e931-bb26-4f9c-8ce9-974afe9b7fad,2026-08-25,TRUE,TRUE,FALSE,FALSE,,,2026-07-17,Nicole Lipcaman,child_echo_id
VDW899-01-A,6-35 month,12_23_month,2026,Nicole,0433ce1d-43c2-4ddb-941a-32e174231d65,04412fba-02d7-44be-9ab8-730641b9e8dd,2026-07-15,TRUE,TRUE,FALSE,FALSE,,,2026-05-20,Nicole Lipcaman,child_echo_id
VDW899-01-B,6-35 month,12_23_month,2026,Nicole,79aa890f-4499-4b9c-90d7-12272c5733e2,e9a9e931-bb26-4f9c-8ce9-974afe9b7fad,2026-08-25,TRUE,TRUE,FALSE,FALSE,,,2026-07-17,Nicole Lipcaman,child_echo_id
VDW899-01-B,6-35 month,12_23_month,2026,Nicole,0433ce1d-43c2-4ddb-941a-32e174231d65,04412fba-02d7-44be-9ab8-730641b9e8dd,2026-07-15,TRUE,TRUE,FALSE,FALSE,,,2026-05-20,Nicole Lipcaman,child_echo_id
VFR138-01-A,3-20 year,11_17yr,2026,Cassie,a0325537-f4cf-43f1-a503-99a5dc01553e,d312e14c-5353-4f27-95f7-b3f83297088d,2026-08-17,FALSE,FALSE,FALSE,FALSE,,,2026-08-10,Cassie Nickerson,child_name
VHC022-01-A,3-20 year,6_10yr,2026,Jody,e1a8895e-72fd-41e4-9c0d-f29c9e1475aa,d62870e7-4da0-40f8-af18-3c40148717c4,2026-04-03,FALSE,FALSE,FALSE,FALSE,,,2026-03-11,Jody Kendall,invitee_child_name
VHR109-01-A,3-20 year,6_10yr,2026,Jody,756cc412-c1de-4017-a12c-d9debe2220cc,442df9cc-54b7-4357-8bfc-37e61be035f9,2026-06-15,FALSE,FALSE,FALSE,FALSE,,,2026-04-24,Jody Kendall,child_name
VHR369-01-A,3-20 year,6_10yr,2026,Cassie,ba280bc5-9881-4663-91ff-ca6bea7b0690,01e0b39f-7fd7-4c31-8564-60fd9dbb0d3a,2026-05-17,FALSE,FALSE,TRUE,FALSE,,,2026-05-06,Cassie Nickerson,child_name
VKF111-01-A,3-20 year,3_5yr,2026,Andrew,59d6bfde-7b9d-476e-883e-8121b79f55a8,48ce96d4-da58-4279-8868-1a76e51e0bb5,2026-09-22,FALSE,FALSE,FALSE,FALSE,,,2026-09-17,Andrew Davis,child_echo_id
VKG640-01-A,3-20 year,3_5yr,2026,Andrew,92fc26a0-01d2-497d-8644-158186bd8bbf,701d327b-c04b-4e41-9df0-766c7bb2cbc0,2026-09-04,FALSE,FALSE,FALSE,FALSE,https://api.calendly.com/scheduled_events/c0939a9a-e7d7-485d-87ec-82b7267d51d9/invitees/090d1a8e-68ba-4fdc-a8d9-af5af1dfccdd,,2026-09-01,Andrew Davis,child_echo_id
VKG640-01-A,3-20 year,3_5yr,2026,Toye,c0939a9a-e7d7-485d-87ec-82b7267d51d9,090d1a8e-68ba-4fdc-a8d9-af5af1dfccdd,2026-09-02,TRUE,FALSE,FALSE,TRUE,,https://api.calendly.com/scheduled_events/92fc26a0-01d2-497d-8644-158186bd8bbf/invitees/701d327b-c04b-4e41-9df0-766c7bb2cbc0,2026-06-30,Shetoye  Rice,child_name
VKP009-01-A,3-20 year,11_17yr,2026,Amy,1d5d8de7-2dee-424b-bd1e-344c7de6d503,25057157-3dd1-42de-abfe-f9af2bb13f11,2026-08-26,TRUE,TRUE,FALSE,FALSE,,,2026-07-21,Amy Scharmen-Burgdolf,child_echo_id
VKY771-01-A,3-20 year,6_10yr,2026,Cassie,497330ba-0530-4ee1-9d7e-b5ff583521d4,dc4f1e1e-589e-46e0-a2aa-64eb16512103,2026-04-25,TRUE,TRUE,FALSE,FALSE,,,2026-03-20,Cassie Nickerson,child_echo_id
VLD311-01-A,3-20 year,3_5yr,2026,Anna,cf3725b1-591d-4b90-8f9f-7a8d6a36e65b,ec2a592d-b417-4702-8c11-7a87d66f7a96,2026-05-01,FALSE,FALSE,FALSE,FALSE,https://api.calendly.com/scheduled_events/2366ebe8-76b0-48f0-8d51-d30ec838becc/invitees/136182b2-9777-4b3d-85af-4b5268402654,,2026-04-28,Anna VanTubergen,child_name
VLD311-01-A,3-20 year,3_5yr,2026,Anna,2366ebe8-76b0-48f0-8d51-d30ec838becc,136182b2-9777-4b3d-85af-4b5268402654,2026-04-28,TRUE,FALSE,FALSE,TRUE,,https://api.calendly.com/scheduled_events/cf3725b1-591d-4b90-8f9f-7a8d6a36e65b/invitees/ec2a592d-b417-4702-8c11-7a87d66f7a96,2026-04-20,Anna VanTubergen,child_name
VLQ825-01-A,6-35 month,12_23_month,2026,Nicole,47232da4-1961-439a-8c5d-62617e1db9ca,aeb3af56-ca31-4adf-80b2-ea08882bc6c8,2026-07-15,FALSE,FALSE,FALSE,FALSE,,,2026-06-14,Nicole Lipcaman,child_echo_id
VLZ486-01-A,3-20 year,3_5yr,2026,Nicole,2b58454f-2524-4ea8-87d7-424fc3febebc,a96b40a7-277c-49e7-abba-1fb0dcebbc1a,2026-11-17,FALSE,FALSE,FALSE,FALSE,,,2026-09-21,Nicole Lipcaman,child_echo_id
VMF570-01-A,3-20 year,6_10yr,2026,Toye,b4a9585d-ba89-4a06-bf97-99253aa30fb9,eafeddc2-cba0-47f9-8f97-9bf0ae88add3,2026-06-16,FALSE,FALSE,FALSE,FALSE,,,2026-04-27,Shetoye  Rice,child_name
VNC365-01-A,3-20 year,3_5yr,2026,Toye,33862d2d-f3a9-48b4-afe2-54d4f3ab5b9a,458766fc-b841-48ee-9299-c996ff48448b,2026-04-22,TRUE,FALSE,FALSE,TRUE,,https://api.calendly.com/scheduled_events/765fd678-9faa-45e2-982e-1091898485b2/invitees/fdf553df-431c-4be3-8fa0-3fd2226beecf,2026-04-13,Shetoye  Rice,child_name
VNC365-01-A,3-20 year,3_5yr,2026,Toye,765fd678-9faa-45e2-982e-1091898485b2,fdf553df-431c-4be3-8fa0-3fd2226beecf,2026-04-21,FALSE,FALSE,FALSE,FALSE,https://api.calendly.com/scheduled_events/33862d2d-f3a9-48b4-afe2-54d4f3ab5b9a/invitees/458766fc-b841-48ee-9299-c996ff48448b,,2026-04-13,Shetoye  Rice,child_name
VQJ770-01-A,3-20 year,11_17yr,2026,Jo,4f4fa9f2-3562-439c-b109-ec61e5adffc9,6749eec5-6b17-402a-ae53-b7fd52b74f74,2026-07-22,FALSE,FALSE,FALSE,FALSE,,,2026-07-06,Jolyn Lerma,child_custom_id
VQX210-01-A,3-20 year,6_10yr,2026,Nicole,01ed1e25-178d-452e-9479-51eede27e2b4,addb01a3-6e07-4b9d-b991-7fed4c572219,2026-04-06,TRUE,FALSE,FALSE,TRUE,https://api.calendly.com/scheduled_events/15ed59cd-0f6d-4976-b071-808e101f4b16/invitees/da15c99c-72de-4072-933c-5ca963c97f36,https://api.calendly.com/scheduled_events/8be2b213-dae2-4045-89bd-8a4e33554869/invitees/a5cefeb7-2dd9-4206-b58c-d2c55178212b,2026-03-10,Nicole Lipcaman,invitee_child_name
VQX210-01-A,3-20 year,6_10yr,2026,Nicole,8be2b213-dae2-4045-89bd-8a4e33554869,a5cefeb7-2dd9-4206-b58c-d2c55178212b,2026-03-16,TRUE,FALSE,FALSE,TRUE,https://api.calendly.com/scheduled_events/01ed1e25-178d-452e-9479-51eede27e2b4/invitees/addb01a3-6e07-4b9d-b991-7fed4c572219,https://api.calendly.com/scheduled_events/db62effe-4912-4edb-bed5-4297d0e314ff/invitees/9e0db6d3-7041-43ac-a0ff-84d2210878d1,2026-03-12,Nicole Lipcaman,invitee_child_name
VQX210-01-A,3-20 year,6_10yr,2026,Nicole,15ed59cd-0f6d-4976-b071-808e101f4b16,da15c99c-72de-4072-933c-5ca963c97f36,2026-03-13,TRUE,FALSE,FALSE,TRUE,,https://api.calendly.com/scheduled_events/01ed1e25-178d-452e-9479-51eede27e2b4/invitees/addb01a3-6e07-4b9d-b991-7fed4c572219,2026-03-06,Nicole Lipcaman,invitee_child_name
VQX210-01-A,3-20 year,6_10yr,2026,Nicole,db62effe-4912-4edb-bed5-4297d0e314ff,9e0db6d3-7041-43ac-a0ff-84d2210878d1,2026-03-13,FALSE,FALSE,FALSE,FALSE,https://api.calendly.com/scheduled_events/8be2b213-dae2-4045-89bd-8a4e33554869/invitees/a5cefeb7-2dd9-4206-b58c-d2c55178212b,,2026-03-13,Nicole Lipcaman,child_echo_id
VRN902-01-A,3-20 year,3_5yr,2026,Anna,3f0b74ee-3224-402a-a68d-11378b3f2642,7e794ee0-b98d-4de6-afc7-1f8f8a964dec,2026-07-24,FALSE,FALSE,FALSE,FALSE,,,2026-07-08,Anna VanTubergen,child_name
VRS810-01-A,3-20 year,6_10yr,2026,Jo,91e2008c-864f-4efe-831a-bba56f92ec56,5c794e9c-17f4-4c69-bb71-6aeaff7cb0af,2026-03-26,FALSE,FALSE,FALSE,FALSE,,,2026-03-10,Jolyn Lerma,invitee_email
VST318-01-A,3-20 year,11_17yr,2026,Cassie,8b7b472b-d2b3-49e8-a0fc-aa0b471a455c,5107a792-f665-4cfb-bd70-c92fc515d1ce,2026-03-31,FALSE,FALSE,FALSE,FALSE,,,2026-03-11,Cassie Nickerson,invitee_email
VVL844-01-A,3-20 year,3_5yr,2026,Jody,edfdc861-9c01-4354-a4ca-f3cd1cae5664,404ea61c-f168-4926-829e-1e1b585ae911,2026-08-05,FALSE,FALSE,FALSE,FALSE,,,2026-06-23,Jody Kendall,child_custom_id
VWP009-01-A,3-20 year,6_10yr,2026,Toye,f29813d2-ca72-4fe0-9610-33677da42546,07892c74-6afb-4d1a-838f-a8633e3569ad,2026-06-07,FALSE,FALSE,FALSE,FALSE,,,2026-04-30,Shetoye  Rice,child_echo_id
VXC743-01-A,3-20 year,6_10yr,2026,Nicole,209806f1-046f-4c7f-8c69-94fd6aa99d0d,ee03a02c-b222-4e33-b52c-deabc091eed4,2026-03-31,FALSE,FALSE,FALSE,FALSE,,,2026-03-12,Nicole Lipcaman,child_echo_id
VXN541-01-A,3-20 year,6_10yr,2026,Toye,b3589f77-4553-4f93-aa12-4a2fc7595ff5,c1ad3ae3-5b33-403d-a0b0-b94526f52426,2026-08-05,FALSE,FALSE,FALSE,FALSE,,,2026-06-08,Shetoye  Rice,child_name
VZB638-01-A,3-20 year,11_17yr,2026,Cassie,1924e24b-e892-4b6b-9b06-013e2a8aa7bc,d2c002da-7d69-46de-9863-92ff0c4b242b,2026-08-17,TRUE,TRUE,FALSE,FALSE,,,2026-07-08,Cassie Nickerson,child_name
VZB638-01-A,3-20 year,11_17yr,2026,Amy,b59fcbf6-4535-4f9f-9d51-f6a9f74583c5,88e7b45b-89e1-4187-a659-d35357407492,2026-06-03,TRUE,TRUE,FALSE,FALSE,,,2026-05-20,Amy Scharmen-Burgdolf,child_name
VZB638-02-A,3-20 year,11_17yr,2026,Cassie,f8169c52-8122-4443-a4ff-c1d125ac014d,39db856f-95a2-40f0-a835-b881ad88896d,2026-08-16,FALSE,FALSE,FALSE,FALSE,,,2026-07-08,Cassie Nickerson,invitee_email+child_first_name
VZB638-02-A,3-20 year,11_17yr,2026,Amy,bf4e19c9-6157-4cca-83e5-0ca71c90ad2e,ceec728f-f9e5-4ad8-9bf8-f294281f2024,2026-06-03,TRUE,TRUE,FALSE,FALSE,,,2026-05-20,Amy Scharmen-Burgdolf,child_name
VZY119-01-A,6-35 month,12_23_month,2026,Jody,497bc93a-f55d-4d98-9943-32573da0743b,d4e8f765-1a49-4fda-aa1e-29e7068be1e8,2026-08-22,TRUE,TRUE,FALSE,FALSE,,,2026-06-17,Jody Kendall,familyId+name
WBH589-01-A,3-20 year,11_17yr,2026,Cassie,e1cdf817-49d0-4341-bcf6-9ca0aabb8a30,77c53519-7b87-4469-bc25-f2f7c465dd8f,2026-11-23,FALSE,FALSE,FALSE,FALSE,https://api.calendly.com/scheduled_events/cc5346e8-e830-4d79-a5e7-ad8f2c097898/invitees/1f962e6b-65ba-4909-af41-75b820a3733d,,2026-09-24,Cassie Nickerson,child_name
WBH589-01-A,3-20 year,11_17yr,2026,Cassie,cc5346e8-e830-4d79-a5e7-ad8f2c097898,1f962e6b-65ba-4909-af41-75b820a3733d,2026-09-27,TRUE,FALSE,FALSE,TRUE,,https://api.calendly.com/scheduled_events/e1cdf817-49d0-4341-bcf6-9ca0aabb8a30/invitees/77c53519-7b87-4469-bc25-f2f7c465dd8f,2026-08-06,Cassie Nickerson,child_name
WDM136-01-A,3-20 year,3_5yr,2026,Toye,8f48d651-c02f-45f3-b3dc-f4f5aeaae088,948ff16f-604d-494a-b9e0-def5b1674f91,2026-09-15,TRUE,TRUE,FALSE,FALSE,,,2026-06-28,Shetoye  Rice,child_name
WDS605-01-A,3-20 year,6_10yr,2026,Nicole,bbf23cb9-2bd5-4f48-bbcd-2c9ca17cc6e6,65b40535-e834-4ea4-9e62-e38f7f74992a,2026-08-06,FALSE,FALSE,FALSE,FALSE,,,2026-07-07,Nicole Lipcaman,child_echo_id
WDV681-01-A,3-20 year,11_17yr,2026,Jody,166e24ec-754b-4d32-96c8-b8888639521a,c852c6a1-1e1f-4425-bb7c-e8adb8784155,2026-09-20,FALSE,FALSE,FALSE,FALSE,https://api.calendly.com/scheduled_events/7ba34518-d189-4004-8552-e54ab583b83f/invitees/9a14ae6f-450a-4361-8299-e7b7e02028ff,,2026-09-12,Jody Kendall,child_custom_id
WDV681-01-A,3-20 year,11_17yr,2026,Kowlini,7ba34518-d189-4004-8552-e54ab583b83f,9a14ae6f-450a-4361-8299-e7b7e02028ff,2026-09-13,TRUE,FALSE,FALSE,TRUE,https://api.calendly.com/scheduled_events/7b02f062-b848-48c0-bdb3-e6b87bc9ee0f/invitees/880c00f5-d8a2-4fd4-b5ff-b37de7a0cbfe,https://api.calendly.com/scheduled_events/166e24ec-754b-4d32-96c8-b8888639521a/invitees/c852c6a1-1e1f-4425-bb7c-e8adb8784155,2026-08-20,Kowlini Wickramasinghe,child_custom_id
WDV681-01-A,3-20 year,11_17yr,2026,Kowlini,7b02f062-b848-48c0-bdb3-e6b87bc9ee0f,880c00f5-d8a2-4fd4-b5ff-b37de7a0cbfe,2026-08-23,TRUE,FALSE,FALSE,TRUE,,https://api.calendly.com/scheduled_events/7ba34518-d189-4004-8552-e54ab583b83f/invitees/9a14ae6f-450a-4361-8299-e7b7e02028ff,2026-08-10,Kowlini Wickramasinghe,child_custom_id
WDV681-02-A,3-20 year,11_17yr,2026,Jody,bcd89241-acf7-4edb-93d1-06a2630e9b7c,3400d37c-1304-4833-82e7-7777ce17fe9e,2026-09-20,TRUE,TRUE,FALSE,FALSE,https://api.calendly.com/scheduled_events/39766819-74d3-4ed2-987f-be10a84de9d8/invitees/1353be28-2756-44ac-a48a-36287f0c83ae,,2026-09-12,Jody Kendall,child_custom_id
WDV681-02-A,3-20 year,11_17yr,2026,Kowlini,39766819-74d3-4ed2-987f-be10a84de9d8,1353be28-2756-44ac-a48a-36287f0c83ae,2026-09-13,TRUE,FALSE,FALSE,TRUE,https://api.calendly.com/scheduled_events/1cc6ca31-ac26-4de6-b94c-28fc37b6e564/invitees/77f852b9-bb7b-41c8-a10c-fb6e1211cabc,https://api.calendly.com/scheduled_events/bcd89241-acf7-4edb-93d1-06a2630e9b7c/invitees/3400d37c-1304-4833-82e7-7777ce17fe9e,2026-08-20,Kowlini Wickramasinghe,child_custom_id
WDV681-02-A,3-20 year,11_17yr,2026,Kowlini,1cc6ca31-ac26-4de6-b94c-28fc37b6e564,77f852b9-bb7b-41c8-a10c-fb6e1211cabc,2026-08-23,TRUE,FALSE,FALSE,TRUE,,https://api.calendly.com/scheduled_events/39766819-74d3-4ed2-987f-be10a84de9d8/invitees/1353be28-2756-44ac-a48a-36287f0c83ae,2026-08-10,Kowlini Wickramasinghe,child_custom_id
WFB144-01-A,3-20 year,3_5yr,2026,Toye,00169304-7e72-4cc7-8423-d4a0c19d20dc,3867bb16-a569-4e35-8900-f0cb61cbda69,2026-03-29,FALSE,FALSE,FALSE,FALSE,,,2026-03-13,Shetoye  Rice,child_name
WFK499-01-A,3-20 year,11_17yr,2026,Cassie,456f0490-c78d-4cf3-9911-6fb8004244ee,7ad5886d-b635-4b3d-9bbb-46d58ae05f27,2026-07-12,FALSE,FALSE,FALSE,FALSE,,,2026-05-21,Cassie Nickerson,child_name
WFY450-01-A,3-20 year,6_10yr,2026,Toye,e38b0a5f-6b92-4397-b6dc-7e747f9ba8da,df999278-f69f-4c12-a4d8-607edd30ba0f,2026-04-26,FALSE,FALSE,FALSE,FALSE,,,2026-03-06,Shetoye  Rice,invitee_email
WGH698-01-A,3-20 year,3_5yr,2026,Anna,630815dd-0c8e-403c-9152-ce5d21815649,3639ba7f-a154-4f77-9b5a-7bea49aa451d,2026-07-28,FALSE,FALSE,FALSE,FALSE,,,2026-07-21,Anna VanTubergen,child_name
WGJ956-01-A,3-20 year,11_17yr,2026,Amy,bf48be57-23ac-4cc1-b5e4-153a1d0158c7,9dd1a285-a2ea-42bd-99ef-ae5375d9b4a0,2026-07-28,FALSE,FALSE,FALSE,FALSE,,,2026-07-06,Amy Scharmen-Burgdolf,child_echo_id
WGX824-01-A,3-20 year,6_10yr,2026,Andrew,6963db19-7283-446b-95ff-ee2275c89cbb,9c0b7725-57ae-41fe-a104-c4b3eca858e1,2026-07-24,FALSE,FALSE,FALSE,FALSE,,,2026-07-14,Andrew Davis,child_echo_id
WHW151-01-A,3-20 year,11_17yr,2026,Cassie,0caf9561-f528-4a36-8437-de6ba5c6ad00,a204af69-4830-4557-8981-56b016740d35,2026-04-27,FALSE,FALSE,FALSE,FALSE,,,2026-03-31,Cassie Nickerson,child_echo_id
WKB507-01-A,3-20 year,6_10yr,2026,Toye,e5b0f112-5eb1-4ec9-8e55-1e325e5cd73b,09c744c2-8825-4f75-b163-12f3c4190d27,2026-03-31,FALSE,FALSE,FALSE,FALSE,,,2026-03-17,Shetoye  Rice,child_name
WKM586-01-A,3-20 year,11_17yr,2026,Jo,7d1dc942-8a91-475c-8994-86ec77238ff2,4efa636e-b9f2-41d0-81ff-a964e236c515,2026-07-23,FALSE,FALSE,FALSE,FALSE,,,2026-06-15,Jolyn Lerma,child_custom_id
WKR328-01-A,3-20 year,11_17yr,2026,Amy,d562b055-d3e4-47d9-a620-b9c45209734d,4a3d91b9-b53a-4d7f-9b9f-daf7f652a232,2026-03-13,FALSE,FALSE,FALSE,FALSE,,,2026-03-06,Amy Scharmen-Burgdolf,invitee_email
WKW938-01-A,3-20 year,3_5yr,2026,Kowlini,7d414d09-0886-400d-a0ae-bf2f622fa055,ee7115c9-1950-49a6-9138-04bb598bfd5c,2026-09-08,FALSE,FALSE,FALSE,FALSE,,,2026-08-25,Kowlini Wickramasinghe,child_custom_id
WLB161-01-A,3-20 year,6_10yr,2026,Anna,796945c5-a29b-447b-a610-135f92fed69a,489c3f19-9ef4-4f53-8cce-0d7a19b994fb,2026-06-17,FALSE,FALSE,FALSE,FALSE,,,2026-06-11,Anna VanTubergen,child_name
WMJ798-01-A,3-20 year,6_10yr,2026,Cassie,ec5dbdc9-6548-42f9-b928-e2882112cb53,f473e6fc-89d4-4ebc-adc1-a08b1a2f7eb8,2026-03-31,FALSE,FALSE,FALSE,FALSE,,,2026-03-13,Cassie Nickerson,child_name
WMX146-01-A,3-20 year,11_17yr,2026,Cassie,b47c2373-d681-4f4f-aae2-df599d29a970,828e4db7-d4bd-41a5-a2e5-26ed74df94a8,2026-08-16,TRUE,TRUE,FALSE,FALSE,https://api.calendly.com/scheduled_events/ced984bd-302f-45d6-828a-92cfe4aaeacc/invitees/27d7ac8b-4196-480b-a9b4-c213e2285898,,2026-06-26,Cassie Nickerson,child_name
WMX146-01-A,3-20 year,11_17yr,2026,Cassie,ced984bd-302f-45d6-828a-92cfe4aaeacc,27d7ac8b-4196-480b-a9b4-c213e2285898,2026-06-28,TRUE,FALSE,FALSE,TRUE,,https://api.calendly.com/scheduled_events/b47c2373-d681-4f4f-aae2-df599d29a970/invitees/828e4db7-d4bd-41a5-a2e5-26ed74df94a8,2026-05-19,Cassie Nickerson,child_name
WMX146-01-A,3-20 year,11_17yr,2026,Cassie,784a276e-02f5-480a-b746-7f7c197e874b,994a04e3-6008-462c-9f85-c2577398ceaa,2026-06-07,TRUE,TRUE,FALSE,FALSE,,,2026-04-22,Cassie Nickerson,child_name
WMX146-01-A,3-20 year,11_17yr,2026,Amy,931b20a4-4721-459a-afa1-bb7b232ddff5,3c45c19b-572c-4045-8baa-398c5c05c919,2026-03-15,TRUE,TRUE,FALSE,FALSE,,,2026-03-10,Amy Scharmen-Burgdolf,invitee_email
WSG161-01-A,6-35 month,12_23_month,2026,Nicole,dbb884af-16be-47b1-ac6f-8d7b8b017b28,d074cdcc-7eec-4d8c-a2d7-b2416080bb6d,2026-05-06,FALSE,FALSE,FALSE,FALSE,,,2026-04-02,Nicole Lipcaman,child_echo_id
WTN483-01-A,3-20 year,6_10yr,2026,Jody,7dbc596c-e6dd-4c9b-8ab4-e3a526242123,fefa3bc5-4332-47f3-b621-c97f8bdb011a,2026-07-01,TRUE,FALSE,FALSE,TRUE,,https://api.calendly.com/scheduled_events/c44d90cf-17de-4a01-938f-4df7df1d7eb3/invitees/8c3b627e-1346-41c0-a8cc-da7df1081bdb,2026-06-01,Jody Kendall,child_custom_id
WTN483-01-A,3-20 year,6_10yr,2026,Jody,c44d90cf-17de-4a01-938f-4df7df1d7eb3,8c3b627e-1346-41c0-a8cc-da7df1081bdb,2026-07-01,FALSE,FALSE,FALSE,FALSE,https://api.calendly.com/scheduled_events/7dbc596c-e6dd-4c9b-8ab4-e3a526242123/invitees/fefa3bc5-4332-47f3-b621-c97f8bdb011a,,2026-06-30,Jody Kendall,child_custom_id
WTX564-01-A,3-20 year,6_10yr,2026,Toye,893c6d9b-a0b1-456d-8e2a-a0d23310bd7f,30f6c7b0-7e58-432b-8a49-87dec63863d0,2026-08-18,FALSE,FALSE,FALSE,FALSE,https://api.calendly.com/scheduled_events/7bf64bdd-79d4-40af-8005-929e37b39f39/invitees/84c3b5cc-5f0b-42f5-a267-a4aba12052f2,,2026-06-28,Shetoye  Rice,child_name
WTX564-01-A,3-20 year,6_10yr,2026,Toye,7bf64bdd-79d4-40af-8005-929e37b39f39,84c3b5cc-5f0b-42f5-a267-a4aba12052f2,2026-07-02,TRUE,FALSE,FALSE,TRUE,,https://api.calendly.com/scheduled_events/893c6d9b-a0b1-456d-8e2a-a0d23310bd7f/invitees/30f6c7b0-7e58-432b-8a49-87dec63863d0,2026-05-06,Shetoye  Rice,child_name
WVD031-01-A,3-20 year,6_10yr,2026,Amy,434dc8cd-7947-4429-8e84-a21f898111bc,fc164e44-a6b0-483e-bab9-3265db466ebc,2026-09-02,FALSE,FALSE,FALSE,FALSE,,,2026-09-01,Amy Scharmen-Burgdolf,child_echo_id
WXD665-01-A,3-20 year,6_10yr,2026,Jody,3c07c35b-c40c-4105-8666-c25d6a39ca5d,b5b3eb9d-db75-409b-9b33-119beaa2e89c,2026-08-05,FALSE,FALSE,FALSE,FALSE,,,2026-06-23,Jody Kendall,child_name
WXD665-01-A,3-20 year,6_10yr,2026,Jody,b85f5d4b-cde9-491b-91fa-ec94f5d7685d,b1c9511b-942f-4528-aab7-0599090f3234,2026-05-14,TRUE,TRUE,FALSE,FALSE,,,2026-04-15,Jody Kendall,child_name
WYG353-01-A,3-20 year,11_17yr,2026,Cassie,d254ea15-5669-4c25-88f6-83c42aa3033d,2c010965-f1ae-4967-80de-70dea06ca4d5,2026-04-02,FALSE,FALSE,FALSE,FALSE,,,2026-03-17,Cassie Nickerson,child_name
WYL000-01-A,3-20 year,6_10yr,2026,Jody,3816c051-2ad3-4cff-b875-cfdc31169970,ead7f4da-634e-42af-b552-b69855439db5,2026-04-06,FALSE,FALSE,FALSE,FALSE,,,2026-03-12,Jody Kendall,invitee_email
WYN485-01-A,3-20 year,6_10yr,2026,Jody,d5114b0a-e891-495f-baf8-5b9f91c8eb0f,fc811c96-6927-4a1c-9ec8-8b317f47717a,2026-03-13,FALSE,FALSE,FALSE,FALSE,,,2026-03-04,Jody Kendall,invitee_email
WYR002-01-A,3-20 year,6_10yr,2026,Nicole,7a110963-16f5-4c6f-bd08-47a5902d8c80,c19b2d80-faeb-455c-80b8-b12ab62effa6,2026-03-27,FALSE,FALSE,FALSE,FALSE,,,2026-03-04,Nicole Lipcaman,child_echo_id
WYZ100-01-A,3-20 year,11_17yr,2026,Cassie,4ea862c9-0f75-47ef-9d1b-e082a75f9dc0,2f03ed5f-72d5-4de7-a59b-13c7004e0af2,2026-04-03,FALSE,FALSE,FALSE,FALSE,https://api.calendly.com/scheduled_events/2d2a01a3-cedd-4225-b6a2-1b96b2d3e0ca/invitees/49af9081-7fc0-41c4-91f7-aa410d302d31,,2026-03-18,Cassie Nickerson,child_name
WYZ100-01-A,3-20 year,11_17yr,2026,Cassie,2d2a01a3-cedd-4225-b6a2-1b96b2d3e0ca,49af9081-7fc0-41c4-91f7-aa410d302d31,2026-04-02,TRUE,FALSE,FALSE,TRUE,,https://api.calendly.com/scheduled_events/4ea862c9-0f75-47ef-9d1b-e082a75f9dc0/invitees/2f03ed5f-72d5-4de7-a59b-13c7004e0af2,2026-03-17,Cassie Nickerson,child_name
WZT929-01-A,3-20 year,6_10yr,2026,Jody,e90186e6-1bb2-4bbb-a0b4-053422abf1e2,b3936f2f-444c-431a-913f-ca50fccaab9e,2026-04-19,FALSE,FALSE,FALSE,FALSE,,,2026-03-12,Jody Kendall,invitee_email
XDF604-01-A,3-20 year,6_10yr,2026,Cassie,597adbe7-1ef1-4574-a278-afe0f6aea880,6d4d7fa5-1e1a-4deb-b582-24c975b468fa,2026-04-27,FALSE,FALSE,FALSE,FALSE,,,2026-03-20,Cassie Nickerson,child_echo_id
XDR789-01-A,3-20 year,11_17yr,2026,Jo,8336e6b0-1a6b-4aca-8731-760f3dda60e5,2ecbbc2c-56db-4068-99cb-4929a5ba7be8,2026-09-27,FALSE,FALSE,FALSE,FALSE,https://api.calendly.com/scheduled_events/f0adba6f-aa75-4e3d-8c04-b7c3d333d2bd/invitees/be56bed0-56a9-4ab9-b38b-c781daf0b827,,2026-08-18,Jolyn Lerma,child_custom_id
XDR789-01-A,3-20 year,11_17yr,2026,Cassie,f0adba6f-aa75-4e3d-8c04-b7c3d333d2bd,be56bed0-56a9-4ab9-b38b-c781daf0b827,2026-08-24,TRUE,FALSE,FALSE,TRUE,https://api.calendly.com/scheduled_events/16e6dc39-06b1-44d8-9d6f-c668fa9aa366/invitees/31e59af3-831c-4083-90e9-dd82df291083,https://api.calendly.com/scheduled_events/8336e6b0-1a6b-4aca-8731-760f3dda60e5/invitees/2ecbbc2c-56db-4068-99cb-4929a5ba7be8,2026-07-17,Cassie Nickerson,child_name
XDR789-01-A,3-20 year,11_17yr,2026,Cassie,16e6dc39-06b1-44d8-9d6f-c668fa9aa366,31e59af3-831c-4083-90e9-dd82df291083,2026-07-21,TRUE,FALSE,FALSE,TRUE,,https://api.calendly.com/scheduled_events/f0adba6f-aa75-4e3d-8c04-b7c3d333d2bd/invitees/be56bed0-56a9-4ab9-b38b-c781daf0b827,2026-06-11,Cassie Nickerson,child_name
XFN825-01-A,3-20 year,11_17yr,2026,Amy,6e6b14b2-e04f-4dca-ace5-9ed5620ebba0,8d6911fe-c5c2-41c4-b03d-df45a6f4f2a0,2026-09-22,FALSE,FALSE,FALSE,FALSE,,,2026-08-23,Amy Scharmen-Burgdolf,child_name
XFQ902-01-A,3-20 year,11_17yr,2026,Cassie,ecccf04b-8348-49fc-bed3-38cd2e97a6ba,0509ee7c-ac5d-47ff-b4ca-8fdda1cda5fd,2026-07-06,FALSE,FALSE,TRUE,FALSE,,,2026-06-15,Cassie Nickerson,child_name
XGT908-01-A,3-20 year,3_5yr,2026,Andrew,aa6f4e52-d2a1-4d91-b4ae-4ac59540ee62,a1f5e88f-aa83-4c29-b4ed-7de7ea5817c9,2026-08-31,TRUE,TRUE,FALSE,FALSE,,,2026-07-28,Andrew Davis,child_echo_id
XHC521-01-A,3-20 year,11_17yr,2026,Cassie,d630c505-52c3-4920-af7f-4768b43afab3,d37c57d5-05db-4d63-8649-60cf298a9117,2026-11-22,FALSE,FALSE,FALSE,FALSE,,,2026-10-05,Cassie Nickerson,child_name
XHP409-01-A,3-20 year,6_10yr,2026,Nicole,85116332-6080-4522-9980-60c3704dcc27,f5f17839-7a5c-4eea-8f03-587da2487b06,2026-09-01,FALSE,FALSE,FALSE,FALSE,,,2026-07-30,Nicole Lipcaman,child_echo_id
XHP409-01-A,3-20 year,6_10yr,2026,Nicole,e445fc99-3cdf-4afb-ad08-8d3f4ed0a6af,60127a05-305e-447b-8300-52da9f011a1c,2026-05-29,TRUE,TRUE,FALSE,FALSE,https://api.calendly.com/scheduled_events/10ffafbf-227e-4497-b9a2-7e62f8feffc3/invitees/f0e63850-6803-46b9-b8ff-c30b94aa8488,,2026-05-06,Nicole Lipcaman,child_echo_id
XHP409-01-A,3-20 year,6_10yr,2026,Nicole,10ffafbf-227e-4497-b9a2-7e62f8feffc3,f0e63850-6803-46b9-b8ff-c30b94aa8488,2026-05-08,TRUE,FALSE,FALSE,TRUE,,https://api.calendly.com/scheduled_events/e445fc99-3cdf-4afb-ad08-8d3f4ed0a6af/invitees/60127a05-305e-447b-8300-52da9f011a1c,2026-03-12,Nicole Lipcaman,child_echo_id
XKF863-01-A,3-20 year,11_17yr,2026,Cassie,66845280-dcbc-465c-98f7-4502cf3a4c55,466090d8-e0dd-411f-a33d-ea1fb23a9159,2026-05-04,FALSE,FALSE,FALSE,FALSE,https://api.calendly.com/scheduled_events/0b64e347-e458-4466-b4fd-f7931385b007/invitees/c40315eb-640f-4b67-97c4-396d223d9dd0,,2026-04-16,Cassie Nickerson,child_custom_id
XKF863-01-A,3-20 year,11_17yr,2026,Jo,0b64e347-e458-4466-b4fd-f7931385b007,c40315eb-640f-4b67-97c4-396d223d9dd0,2026-04-22,TRUE,FALSE,FALSE,TRUE,,https://api.calendly.com/scheduled_events/66845280-dcbc-465c-98f7-4502cf3a4c55/invitees/466090d8-e0dd-411f-a33d-ea1fb23a9159,2026-03-11,Jolyn Lerma,child_custom_id
XKQ019-01-A,6-35 month,12_23_month,2026,Nicole,de7425f3-6afc-435b-9e5b-c8dde7cf2090,02edffef-c78e-4bfb-80f1-dd14915d4153,2026-05-15,FALSE,FALSE,FALSE,FALSE,,,2026-03-17,Nicole Lipcaman,child_echo_id
XMH232-01-A,3-20 year,6_10yr,2026,Jo,0284bd6c-5093-424c-9cd0-8c4802a3eb5d,64431e52-2b8e-4a92-9d6e-b2583711cc60,2026-07-24,FALSE,FALSE,FALSE,FALSE,,,2026-06-01,Jolyn Lerma,child_custom_id
XMR094-01-A,3-20 year,3_5yr,2026,Toye,ccdc2f11-ec54-4b3f-a477-a14aedd67d0e,4c83b099-e00c-436c-8ec0-6aee4e9b0141,2026-06-10,FALSE,FALSE,FALSE,FALSE,,,2026-05-19,Shetoye  Rice,invitee_email
XQD155-01-A,3-20 year,6_10yr,2026,Nicole,5d19302b-198f-49f0-8e36-cdb6c1808ee7,bb26e56a-ca50-443c-8418-bcb84c6f5237,2026-06-29,FALSE,FALSE,FALSE,FALSE,,,2026-06-19,Nicole Lipcaman,child_echo_id
XRM042-01-A,3-20 year,11_17yr,2026,Cassie,f1cfb369-495e-4691-9a32-4663d1d9c702,41b37cf7-1389-4fc7-85dd-aec41509739c,2026-03-16,FALSE,FALSE,FALSE,FALSE,,,2026-03-09,Cassie Nickerson,invitee_child_name
XRZ528-01-A,3-20 year,11_17yr,2026,Cassie,6aeb4c44-b3bb-4a4d-9452-07ea97bec2cc,15ad3d34-7d09-4a5e-8a05-c1f9c522d324,2026-04-20,FALSE,FALSE,FALSE,FALSE,https://api.calendly.com/scheduled_events/1c3889a3-5b77-4bfe-a811-8d8a9d61d118/invitees/3edcf410-81d4-45ac-a26c-98ce2c2557ad,,2026-03-31,Cassie Nickerson,child_echo_id
XRZ528-01-A,3-20 year,11_17yr,2026,Jo,1c3889a3-5b77-4bfe-a811-8d8a9d61d118,3edcf410-81d4-45ac-a26c-98ce2c2557ad,2026-04-15,TRUE,FALSE,FALSE,TRUE,,https://api.calendly.com/scheduled_events/6aeb4c44-b3bb-4a4d-9452-07ea97bec2cc/invitees/15ad3d34-7d09-4a5e-8a05-c1f9c522d324,2026-03-30,Jolyn Lerma,child_name
XSP178-01-A,6-35 month,12_23_month,2026,Nicole,b0981bf9-acd3-474d-8270-4f9fb6b5f71c,43e886a1-6a13-4ef2-b455-24da5816e6c3,2026-10-27,FALSE,FALSE,FALSE,FALSE,,,2026-09-09,Nicole Lipcaman,child_echo_id
XSQ553-01-A,3-20 year,3_5yr,2026,Andrew,abf978ef-6c3c-45a2-bd08-151f06e54437,d001890d-1c2d-4dca-9b71-ba05aeb6e94a,2026-09-29,FALSE,FALSE,FALSE,FALSE,,,2026-09-17,Andrew Davis,child_echo_id
XTH804-01-A,3-20 year,6_10yr,2026,Toye,596561a4-0add-4632-85a5-a34b31d6f9aa,e46740af-b677-42ab-910a-7863ceeed18c,2026-07-07,FALSE,FALSE,FALSE,FALSE,,,2026-06-02,Shetoye  Rice,child_name
XTP134-01-A,3-20 year,6_10yr,2026,Nicole,db5b16c1-2d66-4b36-81cf-d45ac0a28c52,467a84df-36ff-43b0-9463-57af5b7f6873,2026-03-30,FALSE,FALSE,FALSE,FALSE,,,2026-03-07,Nicole Lipcaman,child_echo_id
XTR824-01-A,3-20 year,3_5yr,2026,Anna,8c964337-38a4-4f40-b87c-6709e05c5da8,b581915b-0794-43c7-bb9b-6f0462a57045,2026-05-22,FALSE,FALSE,FALSE,FALSE,,,2026-05-06,Anna VanTubergen,child_name
XVF774-01-A,3-20 year,6_10yr,2026,Jody,e1e88172-3212-4dce-b2d7-938f73af92b0,eeb3321a-5d50-403d-ad03-f9b8c94ad3ff,2026-05-03,TRUE,TRUE,FALSE,FALSE,,,2026-03-30,Jody Kendall,child_name
XVF774-01-A,3-20 year,6_10yr,2026,Jody,b4434ecc-665e-4392-90cf-35ad45c2ace4,dae4c822-896a-45d0-8e08-959ee55ea779,2026-04-19,FALSE,FALSE,FALSE,FALSE,,,2026-03-12,Jody Kendall,invitee_email
XVL743-01-A,3-20 year,6_10yr,2026,Jody,63363137-8709-4cb8-95c8-0db9cee792cf,7a4acd99-e156-4f6f-b0a1-65f7ecf1402d,2026-05-14,TRUE,FALSE,FALSE,TRUE,,https://api.calendly.com/scheduled_events/0b970025-d558-4ae7-8bea-a1fcebaea683/invitees/b0df4654-248b-42f7-a973-29559ee2536c,2026-04-07,Jody Kendall,child_custom_id
XVL743-01-A,3-20 year,6_10yr,2026,Jody,0b970025-d558-4ae7-8bea-a1fcebaea683,b0df4654-248b-42f7-a973-29559ee2536c,2026-05-14,FALSE,FALSE,FALSE,FALSE,https://api.calendly.com/scheduled_events/63363137-8709-4cb8-95c8-0db9cee792cf/invitees/7a4acd99-e156-4f6f-b0a1-65f7ecf1402d,,2026-05-13,Jody Kendall,child_custom_id
XVL743-01-A,3-20 year,6_10yr,2026,Jody,275b3f5f-270d-40c5-9b04-784997ba134d,0166aa1a-1419-47a5-b54f-bb0626d6a051,2026-04-06,TRUE,TRUE,FALSE,FALSE,,,2026-03-17,Jody Kendall,child_name
XXW639-01-A,3-20 year,6_10yr,2026,Nicole,0e055396-ffcd-465d-9efb-44d6c4692af2,d0ee7e4d-47e4-4ac2-b89c-7c029e9b271a,2026-03-27,FALSE,FALSE,FALSE,FALSE,,,2026-03-12,Nicole Lipcaman,child_echo_id
XYN414-01-A,6-35 month,12_23_month,2026,Nicole,aed2329d-bf75-4607-8f15-e384991e5c8e,7e2aa195-6615-473e-8112-67a10073a474,2026-05-08,TRUE,TRUE,FALSE,FALSE,,,2026-03-26,Nicole Lipcaman,child_echo_id
XYW274-01-A,3-20 year,6_10yr,2026,Toye,09930578-7afe-4ace-bf2c-dbc802f559a1,e832e66d-432f-480f-a244-2aa944d972c5,2026-06-17,FALSE,FALSE,FALSE,FALSE,,,2026-04-28,Shetoye  Rice,child_name
XZN379-01-A,3-20 year,3_5yr,2026,Kowlini,fadcd2f3-b1aa-4bb3-be32-c57123bdc551,36ca4f22-21d9-4f0d-8f78-8d3c34ae284d,2026-08-22,FALSE,FALSE,TRUE,FALSE,https://api.calendly.com/scheduled_events/e2911450-25bf-4eff-9140-39dda81b5927/invitees/75d98e71-440c-4caa-b983-8eff227cae81,,2026-08-13,Kowlini Wickramasinghe,child_custom_id
XZN379-01-A,3-20 year,3_5yr,2026,Kowlini,e2911450-25bf-4eff-9140-39dda81b5927,75d98e71-440c-4caa-b983-8eff227cae81,2026-08-15,TRUE,FALSE,FALSE,TRUE,https://api.calendly.com/scheduled_events/eeaeb175-fe6f-4d68-90ed-faf0af862f66/invitees/37ad52a1-5ccc-4cf1-b2cb-b865fb457b77,https://api.calendly.com/scheduled_events/fadcd2f3-b1aa-4bb3-be32-c57123bdc551/invitees/36ca4f22-21d9-4f0d-8f78-8d3c34ae284d,2026-08-09,Kowlini Wickramasinghe,child_custom_id
XZN379-01-A,3-20 year,3_5yr,2026,Kowlini,eeaeb175-fe6f-4d68-90ed-faf0af862f66,37ad52a1-5ccc-4cf1-b2cb-b865fb457b77,2026-08-11,TRUE,FALSE,FALSE,TRUE,https://api.calendly.com/scheduled_events/269b16fb-2ede-4f89-ba6b-36d1ba473ffd/invitees/8c3e1e86-9339-4f63-a97e-4b13249ef1c0,https://api.calendly.com/scheduled_events/e2911450-25bf-4eff-9140-39dda81b5927/invitees/75d98e71-440c-4caa-b983-8eff227cae81,2026-07-22,Kowlini Wickramasinghe,child_custom_id
XZN379-01-A,3-20 year,3_5yr,2026,Jody,269b16fb-2ede-4f89-ba6b-36d1ba473ffd,8c3e1e86-9339-4f63-a97e-4b13249ef1c0,2026-07-24,TRUE,FALSE,FALSE,TRUE,https://api.calendly.com/scheduled_events/ff0df5fb-1cf7-41ba-9be1-827c482b22af/invitees/e3256857-75cc-4ba4-84ec-41f307e1a665,https://api.calendly.com/scheduled_events/eeaeb175-fe6f-4d68-90ed-faf0af862f66/invitees/37ad52a1-5ccc-4cf1-b2cb-b865fb457b77,2026-06-01,Jody Kendall,child_custom_id
XZN379-01-A,3-20 year,3_5yr,2026,Jody,ff0df5fb-1cf7-41ba-9be1-827c482b22af,e3256857-75cc-4ba4-84ec-41f307e1a665,2026-06-03,TRUE,FALSE,FALSE,TRUE,https://api.calendly.com/scheduled_events/0cf7dcdb-d85f-4d21-8d75-dc8c2d4ad068/invitees/7b5dfc1b-57f0-44da-ac07-49852cfb68af,https://api.calendly.com/scheduled_events/269b16fb-2ede-4f89-ba6b-36d1ba473ffd/invitees/8c3e1e86-9339-4f63-a97e-4b13249ef1c0,2026-05-12,Jody Kendall,child_custom_id
XZN379-01-A,3-20 year,3_5yr,2026,Jody,0cf7dcdb-d85f-4d21-8d75-dc8c2d4ad068,7b5dfc1b-57f0-44da-ac07-49852cfb68af,2026-05-14,TRUE,FALSE,FALSE,TRUE,,https://api.calendly.com/scheduled_events/ff0df5fb-1cf7-41ba-9be1-827c482b22af/invitees/e3256857-75cc-4ba4-84ec-41f307e1a665,2026-04-14,Jody Kendall,child_custom_id
YDC739-01-A,3-20 year,6_10yr,2026,Nicole,e9a370d3-617e-40e4-b46c-4213017f5a50,b51249dd-6c9c-4cbc-8cdc-9fad810ba63c,2026-09-03,TRUE,TRUE,FALSE,FALSE,https://api.calendly.com/scheduled_events/e242a645-7709-4762-a15c-6948a4988016/invitees/34fe6f9a-c2f5-4529-adf0-4c1fffcbc2c1,,2026-08-27,Nicole Lipcaman,child_echo_id
YDC739-01-A,3-20 year,6_10yr,2026,Nicole,e242a645-7709-4762-a15c-6948a4988016,34fe6f9a-c2f5-4529-adf0-4c1fffcbc2c1,2026-08-27,TRUE,FALSE,FALSE,TRUE,https://api.calendly.com/scheduled_events/d4aefead-0115-4e85-8325-6701220486d8/invitees/228ffa24-8351-4fbf-8be4-145027cb797d,https://api.calendly.com/scheduled_events/e9a370d3-617e-40e4-b46c-4213017f5a50/invitees/b51249dd-6c9c-4cbc-8cdc-9fad810ba63c,2026-08-06,Nicole Lipcaman,child_echo_id
YDC739-01-A,3-20 year,6_10yr,2026,Nicole,d4aefead-0115-4e85-8325-6701220486d8,228ffa24-8351-4fbf-8be4-145027cb797d,2026-08-06,TRUE,FALSE,FALSE,TRUE,,https://api.calendly.com/scheduled_events/e242a645-7709-4762-a15c-6948a4988016/invitees/34fe6f9a-c2f5-4529-adf0-4c1fffcbc2c1,2026-07-27,Nicole Lipcaman,child_name
YDD017-01-A,3-20 year,3_5yr,2026,Jody,6762cf74-a12c-4641-a6d0-28295e04718d,78d64bec-19b0-48f7-a05b-79b67cac111b,2026-05-19,FALSE,FALSE,FALSE,FALSE,,,2026-04-01,Jody Kendall,child_custom_id
YDW028-01-A,3-20 year,3_5yr,2026,Anna,8ee8ee8a-4453-4785-bf89-1337f1f91a41,2f8cecea-d271-4adc-9305-474d40208cbb,2026-05-12,FALSE,FALSE,FALSE,FALSE,,,2026-04-24,Anna VanTubergen,child_name
YGB645-01-A,3-20 year,3_5yr,2026,Andrew,76e3acda-94d1-4f37-bebd-831afd88c796,623cf468-dd85-4eb6-889a-84013b755019,2026-08-13,FALSE,FALSE,FALSE,FALSE,https://api.calendly.com/scheduled_events/dc235cd2-84aa-451e-a682-ac756873f3fd/invitees/2ba0786f-d936-4582-b357-8f5fa89d74aa,,2026-08-08,Andrew Davis,child_echo_id
YGB645-01-A,3-20 year,3_5yr,2026,Andrew,dc235cd2-84aa-451e-a682-ac756873f3fd,2ba0786f-d936-4582-b357-8f5fa89d74aa,2026-08-08,TRUE,FALSE,FALSE,TRUE,,https://api.calendly.com/scheduled_events/76e3acda-94d1-4f37-bebd-831afd88c796/invitees/623cf468-dd85-4eb6-889a-84013b755019,2026-07-31,Andrew Davis,child_echo_id
YGQ976-01-A,6-35 month,12_23_month,2026,Toye,dc988772-00cb-4a1b-93f9-d6beb3d2ecb6,e00745e4-170e-45ad-aa78-cefca5343061,2026-09-13,TRUE,TRUE,FALSE,FALSE,,,2026-07-08,Shetoye  Rice,child_name
YHF868-01-A,3-20 year,11_17yr,2026,Cassie,7d10afc6-98f5-4ae2-a112-2b5d3fa06e90,3619e39c-24f8-40f9-93d1-383c76592166,2026-08-31,FALSE,FALSE,FALSE,FALSE,,,2026-07-31,Cassie Nickerson,child_name
YJD781-01-A,3-20 year,6_10yr,2026,Nicole,dc7735f2-30b9-442b-a381-1d2aefcd7ca8,8ad7c488-faea-47f9-ab61-3226e4d3a995,2026-03-30,FALSE,FALSE,FALSE,FALSE,,,2026-03-10,Nicole Lipcaman,child_echo_id
YLG694-01-A,3-20 year,11_17yr,2026,Jo,e1db7d22-e4da-449c-86f9-5c7355e8c9fb,84202492-e36d-463c-a86c-49a889007d48,2026-07-25,FALSE,FALSE,FALSE,FALSE,,,2026-06-15,Jolyn Lerma,child_custom_id
YLV944-01-A,3-20 year,6_10yr,2026,Toye,8a9586ad-cc29-4fdc-b093-45371605e8fc,c9644e3f-c589-4694-9dc6-b8fb2eb63ab7,2026-03-31,FALSE,FALSE,FALSE,FALSE,,,2026-03-23,Shetoye  Rice,child_name
YMF346-01-A,6-35 month,12_23_month,2026,Nicole,fde2dc71-36f4-4d35-bb95-a037f6891a70,f5f7541a-9905-4c66-929f-f4c708d96748,2026-04-06,FALSE,FALSE,FALSE,FALSE,,,2026-03-17,Nicole Lipcaman,child_echo_id
YMP799-01-A,6-35 month,12_23_month,2026,Nicole,e1cc12cd-5881-4aa6-96a5-1be4d6962ca5,d979b571-5ff5-450f-a34d-f7aea74ea3a9,2026-04-06,FALSE,FALSE,FALSE,FALSE,,,2026-03-23,Nicole Lipcaman,child_echo_id
YMS783-01-A,3-20 year,3_5yr,2026,Jody,f6e5ec07-40cb-429a-91e8-5c91b3615d0a,93995b12-87c2-4c7f-8fb5-f64582354850,2026-07-01,FALSE,FALSE,FALSE,FALSE,,,2026-06-09,Jody Kendall,child_custom_id
YND734-01-A,6-35 month,12_23_month,2026,Nicole,c782712d-5cbe-4d77-bbcd-3d69fd66c982,a714a9f9-19b8-48f4-a8ab-eb0f4ddca8fd,2026-04-28,FALSE,FALSE,FALSE,FALSE,,,2026-03-17,Nicole Lipcaman,child_echo_id
YNQ580-01-A,3-20 year,3_5yr,2026,Anna,6eeeba74-cbd3-4476-9a8a-4d3d276b52b9,d6144e59-3393-40f9-962d-fe08f2d1f11e,2026-05-29,FALSE,FALSE,FALSE,FALSE,https://api.calendly.com/scheduled_events/c0663fb7-4f63-435d-bdda-faa95686f394/invitees/41dbc15b-c90f-4d27-a4a4-86ab5ccd7e53,,2026-05-22,Anna VanTubergen,child_name
YNQ580-01-A,3-20 year,3_5yr,2026,Anna,c0663fb7-4f63-435d-bdda-faa95686f394,41dbc15b-c90f-4d27-a4a4-86ab5ccd7e53,2026-05-29,TRUE,FALSE,FALSE,TRUE,https://api.calendly.com/scheduled_events/c6d027c3-a93e-465c-aa06-42889d1254d3/invitees/0a6ecbd2-1f98-4bca-9f9e-08591a449f13,https://api.calendly.com/scheduled_events/6eeeba74-cbd3-4476-9a8a-4d3d276b52b9/invitees/d6144e59-3393-40f9-962d-fe08f2d1f11e,2026-05-14,Anna VanTubergen,child_name
YNQ580-01-A,3-20 year,3_5yr,2026,Anna,c6d027c3-a93e-465c-aa06-42889d1254d3,0a6ecbd2-1f98-4bca-9f9e-08591a449f13,2026-05-15,TRUE,FALSE,FALSE,TRUE,https://api.calendly.com/scheduled_events/eebf89d1-53ec-455e-989f-f2846d904840/invitees/925c5a7e-0ce3-4c39-a62c-64bf4ce21013,https://api.calendly.com/scheduled_events/c0663fb7-4f63-435d-bdda-faa95686f394/invitees/41dbc15b-c90f-4d27-a4a4-86ab5ccd7e53,2026-05-06,Anna VanTubergen,child_name
YNQ580-01-A,3-20 year,3_5yr,2026,Anna,eebf89d1-53ec-455e-989f-f2846d904840,925c5a7e-0ce3-4c39-a62c-64bf4ce21013,2026-05-08,TRUE,FALSE,FALSE,TRUE,,https://api.calendly.com/scheduled_events/c6d027c3-a93e-465c-aa06-42889d1254d3/invitees/0a6ecbd2-1f98-4bca-9f9e-08591a449f13,2026-04-27,Anna VanTubergen,child_name
YNZ000-01-A,3-20 year,6_10yr,2026,Cassie,946be3c6-b3dd-4810-9819-1c0cc8ddb4ec,8e36cab9-4079-4309-b190-f0458a23b1cb,2026-03-09,FALSE,FALSE,FALSE,FALSE,https://api.calendly.com/scheduled_events/cbc7e443-cad4-453b-bddd-9ac7f972db35/invitees/8542401e-8555-4476-a0d9-4516e6da4f83,,2026-03-07,Cassie Nickerson,invitee_email
YNZ000-01-A,3-20 year,6_10yr,2026,Cassie,cbc7e443-cad4-453b-bddd-9ac7f972db35,8542401e-8555-4476-a0d9-4516e6da4f83,2026-03-08,TRUE,FALSE,FALSE,TRUE,,https://api.calendly.com/scheduled_events/946be3c6-b3dd-4810-9819-1c0cc8ddb4ec/invitees/8e36cab9-4079-4309-b190-f0458a23b1cb,2026-03-06,Cassie Nickerson,invitee_email
YNZ445-01-A,3-20 year,6_10yr,2026,Toye,b1573344-cef0-4727-96be-ac6a6cf88645,68efe17b-d01a-45f2-b44c-e4b9852d7341,2026-09-30,FALSE,FALSE,FALSE,FALSE,,,2026-09-24,Shetoye  Rice,child_name
YNZ445-01-A,3-20 year,6_10yr,2026,Andrew,333dcba7-84eb-4844-beb4-aa46a4d82c79,502bfe5e-1e00-47f6-8b8e-43bedb927d99,2026-08-26,FALSE,FALSE,TRUE,FALSE,,,2026-08-12,Andrew Davis,child_echo_id
YNZ445-01-A,3-20 year,6_10yr,2026,Andrew,9f91a90d-4df8-4b33-abee-0c6314a314cb,25e7a9e1-cc87-41cb-8e2e-d21655897746,2026-08-11,FALSE,FALSE,TRUE,FALSE,https://api.calendly.com/scheduled_events/8e0eebec-15e7-478e-8d1d-a5d06e070196/invitees/d4b0fa9c-0458-4aa7-bca6-800292d273d8,,2026-07-27,Andrew Davis,child_echo_id
YNZ445-01-A,3-20 year,6_10yr,2026,Andrew,8e0eebec-15e7-478e-8d1d-a5d06e070196,d4b0fa9c-0458-4aa7-bca6-800292d273d8,2026-07-27,TRUE,FALSE,FALSE,TRUE,,https://api.calendly.com/scheduled_events/9f91a90d-4df8-4b33-abee-0c6314a314cb/invitees/25e7a9e1-cc87-41cb-8e2e-d21655897746,2026-07-16,Andrew Davis,child_name
YNZ445-01-A,3-20 year,6_10yr,2026,Toye,53ff3231-553e-4c0b-a984-e5eb4ef2a7c2,57306367-74dc-42e6-a2b3-c8f86399698e,2026-06-04,FALSE,FALSE,TRUE,FALSE,,,2026-05-06,Shetoye  Rice,child_name
YNZ445-01-A,3-20 year,6_10yr,2026,Toye,4455c18e-d83a-46e7-81af-abbdb145deb9,c50335f7-73e4-4123-93f6-11ee68d92204,2026-05-06,FALSE,FALSE,TRUE,FALSE,,,2026-04-21,Shetoye  Rice,child_name
YPB464-01-A,6-35 month,12_23_month,2026,Jody,e2970a92-ee8d-49d0-abe8-b3ea14332a27,cdd0d4aa-52a8-4378-b524-092a53f8f707,2026-04-27,FALSE,FALSE,FALSE,FALSE,,,2026-04-02,Jody Kendall,child_custom_id
YSL489-01-A,3-20 year,11_17yr,2026,Cassie,a79e7d11-c702-4b32-865c-fae1467aaea7,1cfc7278-1827-4e47-a010-fe6daba9ff20,2026-08-31,FALSE,FALSE,FALSE,FALSE,,,2026-07-30,Cassie Nickerson,child_name
YWL484-01-A,3-20 year,11_17yr,2026,Jo,d5d73efd-7110-4fb9-81e9-f13cff44fd9e,483913b8-7554-4078-9325-f8f63b74cc78,2026-10-01,FALSE,FALSE,TRUE,FALSE,https://api.calendly.com/scheduled_events/6d30e7b6-7c8e-4c5b-ad2d-8d265df7641a/invitees/81c857af-8bff-495f-82e2-3aa8a9b560b5,,2026-09-26,Jolyn Lerma,child_custom_id
YWL484-01-A,3-20 year,11_17yr,2026,Jo,6d30e7b6-7c8e-4c5b-ad2d-8d265df7641a,81c857af-8bff-495f-82e2-3aa8a9b560b5,2026-09-28,TRUE,FALSE,FALSE,TRUE,,https://api.calendly.com/scheduled_events/d5d73efd-7110-4fb9-81e9-f13cff44fd9e/invitees/483913b8-7554-4078-9325-f8f63b74cc78,2026-09-02,Jolyn Lerma,child_custom_id
YWL484-01-A,3-20 year,11_17yr,2026,Amy,4437759d-4de5-452b-afa0-140163a7fd26,c821ae69-5369-49a0-a2ec-38e4f8d0377e,2026-09-02,TRUE,TRUE,FALSE,FALSE,,,2026-08-05,Amy Scharmen-Burgdolf,child_echo_id
YWL484-01-A,3-20 year,11_17yr,2026,Jo,98e375a2-8d14-4c47-97e0-0d18ec273f03,2857647f-0fb8-4489-ab04-47ebbd86a4f5,2026-07-25,FALSE,FALSE,TRUE,FALSE,,,2026-07-21,Jolyn Lerma,child_name
YWZ475-01-A,3-20 year,3_5yr,2026,Anna,ee0fee35-b23c-48a7-9bd0-d885f48c4ecd,7c1ee3a2-962b-4af9-b9c4-47c7e23863c3,2026-06-05,FALSE,FALSE,FALSE,FALSE,,,2026-04-10,Anna VanTubergen,child_name
YWZ529-01-A,3-20 year,6_10yr,2026,Toye,68d33bf4-753c-4b14-baeb-7817cf0e2477,13e28f3d-f6c9-4a6e-b06d-35d4375eda8d,2026-05-14,FALSE,FALSE,FALSE,FALSE,https://api.calendly.com/scheduled_events/1ee3a9c8-f02c-4850-aef1-48f26a52233d/invitees/6d8ba297-fa76-4ed3-a13a-ea7e3fc30996,,2026-04-21,Shetoye  Rice,child_name
YWZ529-01-A,3-20 year,6_10yr,2026,Toye,1ee3a9c8-f02c-4850-aef1-48f26a52233d,6d8ba297-fa76-4ed3-a13a-ea7e3fc30996,2026-04-28,TRUE,FALSE,FALSE,TRUE,,https://api.calendly.com/scheduled_events/68d33bf4-753c-4b14-baeb-7817cf0e2477/invitees/13e28f3d-f6c9-4a6e-b06d-35d4375eda8d,2026-03-30,Shetoye  Rice,child_name
YXL848-01-A,3-20 year,11_17yr,2026,Jo,b833c498-363a-4ca2-a2fa-734cf5118799,c1f2e744-f8bf-4980-9c50-0f5e12dbec41,2026-03-25,FALSE,FALSE,FALSE,FALSE,,,2026-03-20,Jolyn Lerma,mom_id+name
YXY517-01-A,3-20 year,11_17yr,2026,Jody,51ec00b2-be8a-4189-919c-432e106cd7e8,e6d782e0-e9cb-45a8-88ac-0dfdb6cd163c,2026-08-03,FALSE,FALSE,FALSE,FALSE,,,2026-06-15,Jody Kendall,child_custom_id
YYB078-01-A,6-35 month,12_23_month,2026,Kowlini,2892807d-c77a-42de-9eaf-44cda25bd59c,8e5e625c-54b3-407e-a7f6-95cbd1115031,2026-08-23,FALSE,FALSE,FALSE,FALSE,,,2026-08-21,Kowlini Wickramasinghe,familyId+name
YYJ169-01-A,3-20 year,6_10yr,2026,Toye,53e9939e-ae8a-47ef-a16e-852228ac284a,a26217e3-47a8-4508-94db-d35d7754f340,2026-03-19,FALSE,FALSE,FALSE,FALSE,,,2026-03-11,Shetoye  Rice,invitee_child_name
ZBF912-01-A,3-20 year,6_10yr,2026,Cassie,99dd9aa3-6762-4cc6-85d7-c9f19d2e75fa,66825b53-5c07-4db0-bf66-ea6685e7abdb,2026-03-30,FALSE,FALSE,FALSE,FALSE,,,2026-03-04,Cassie Nickerson,invitee_email
ZCR636-01-A,6-35 month,3_5yr,2026,Anna,d0742cc2-7d7c-47c0-92a2-7946b7e648e5,85a84493-747b-49f9-8513-087f28ffa280,2026-06-25,FALSE,FALSE,FALSE,FALSE,https://api.calendly.com/scheduled_events/3de350c9-8427-4dc0-b906-d0c3a952427e/invitees/5e3b1fbb-3f23-451d-b9b5-1807f7f800b9,,2026-06-16,Anna VanTubergen,child_name
ZCR636-01-A,6-35 month,3_5yr,2026,Anna,3de350c9-8427-4dc0-b906-d0c3a952427e,5e3b1fbb-3f23-451d-b9b5-1807f7f800b9,2026-06-17,TRUE,FALSE,FALSE,TRUE,,https://api.calendly.com/scheduled_events/d0742cc2-7d7c-47c0-92a2-7946b7e648e5/invitees/85a84493-747b-49f9-8513-087f28ffa280,2026-05-29,Anna VanTubergen,child_name
ZDZ857-01-A,3-20 year,6_10yr,2026,Amy,bf5af180-37db-4489-b084-001ce30c6497,c094039e-0ad2-466e-894c-16a30917b435,2026-05-26,FALSE,FALSE,FALSE,FALSE,https://api.calendly.com/scheduled_events/5bd27da8-a348-4c88-913d-c42b651ab904/invitees/907c2cb9-d648-40ac-ae21-d7a864e9ed04,,2026-04-25,Amy Scharmen-Burgdolf,child_echo_id
ZDZ857-01-A,3-20 year,6_10yr,2026,Cassie,5bd27da8-a348-4c88-913d-c42b651ab904,907c2cb9-d648-40ac-ae21-d7a864e9ed04,2026-04-25,TRUE,FALSE,FALSE,TRUE,,https://api.calendly.com/scheduled_events/bf5af180-37db-4489-b084-001ce30c6497/invitees/c094039e-0ad2-466e-894c-16a30917b435,2026-04-23,Cassie Nickerson,child_name
ZFP512-01-A,3-20 year,3_5yr,2026,Toye,a0b8d47d-403b-44f8-b764-ac90e7a7386e,b1907407-2758-4451-b980-2a6ad46d9de9,2026-05-19,FALSE,FALSE,FALSE,FALSE,,,2026-04-24,Shetoye  Rice,child_name
ZGB387-01-A,3-20 year,6_10yr,2026,Andrew,295bb3fb-540d-4841-9065-1aa870bbf09d,100ebd1f-c4a2-4c9b-95c4-845d7db5f611,2026-10-30,FALSE,FALSE,FALSE,FALSE,,,2026-09-14,Andrew Davis,child_name
ZGB387-01-A,3-20 year,6_10yr,2026,Andrew,0bfd0810-0cfb-4d95-bdce-3f721a43fe12,8dc0c734-3315-4f2f-81ad-1acc1666fed6,2026-09-12,FALSE,FALSE,TRUE,FALSE,https://api.calendly.com/scheduled_events/9206d7a9-b391-4db4-93f2-a2f0558141f7/invitees/3a33c811-c7d5-427b-bd19-c5aae3b6bc2e,,2026-09-08,Andrew Davis,child_echo_id
ZGB387-01-A,3-20 year,6_10yr,2026,Andrew,9206d7a9-b391-4db4-93f2-a2f0558141f7,3a33c811-c7d5-427b-bd19-c5aae3b6bc2e,2026-09-12,TRUE,FALSE,FALSE,TRUE,https://api.calendly.com/scheduled_events/37e89cc2-f577-44e4-b3dc-1fe5968aba65/invitees/a8b49e59-6200-43f0-9244-185b26e3ff7d,https://api.calendly.com/scheduled_events/0bfd0810-0cfb-4d95-bdce-3f721a43fe12/invitees/8dc0c734-3315-4f2f-81ad-1acc1666fed6,2026-08-02,Andrew Davis,child_echo_id
ZGB387-01-A,3-20 year,6_10yr,2026,Andrew,37e89cc2-f577-44e4-b3dc-1fe5968aba65,a8b49e59-6200-43f0-9244-185b26e3ff7d,2026-08-31,TRUE,FALSE,FALSE,TRUE,,https://api.calendly.com/scheduled_events/9206d7a9-b391-4db4-93f2-a2f0558141f7/invitees/3a33c811-c7d5-427b-bd19-c5aae3b6bc2e,2026-07-24,Andrew Davis,child_name
ZGQ068-01-A,3-20 year,3_5yr,2026,Jody,63642713-3642-4788-b5d6-4872e2784f38,b0861f0b-e72d-4f74-97e8-0247c19e2152,2026-06-07,FALSE,FALSE,FALSE,FALSE,,,2026-04-28,Jody Kendall,familyId+name
ZHQ218-01-A,3-20 year,6_10yr,2026,Toye,2080989f-9202-413f-94ed-f7425c5c7e80,7a7b2531-26b0-4cdc-99c4-9b0098641216,2026-06-03,FALSE,FALSE,FALSE,FALSE,,,2026-05-06,Shetoye  Rice,child_name
ZHQ218-01-A,3-20 year,6_10yr,2026,Toye,e57699ba-d193-4de9-b300-d98bedfb917a,521975eb-751f-4cac-806d-de4dad3a7977,2026-04-09,FALSE,FALSE,TRUE,FALSE,https://api.calendly.com/scheduled_events/85777656-a619-40e4-bfdd-5b922bb54331/invitees/75a18b3b-7a18-4920-aa7b-687e3a23d52b,,2026-03-23,Shetoye  Rice,child_name
ZHQ218-01-A,3-20 year,6_10yr,2026,Toye,85777656-a619-40e4-bfdd-5b922bb54331,75a18b3b-7a18-4920-aa7b-687e3a23d52b,2026-03-24,TRUE,FALSE,FALSE,TRUE,,https://api.calendly.com/scheduled_events/e57699ba-d193-4de9-b300-d98bedfb917a/invitees/521975eb-751f-4cac-806d-de4dad3a7977,2026-03-13,Shetoye  Rice,child_name
ZHX342-01-A,3-20 year,3_5yr,2026,Toye,e450f574-3c63-4190-b4e0-d2d88d455e46,de421e3e-4cbe-434d-9e07-fbbc326d338d,2026-04-22,FALSE,FALSE,FALSE,FALSE,,,2026-04-14,Shetoye  Rice,child_name
ZND119-01-A,3-20 year,6_10yr,2026,Nicole,89f36cc9-d8df-4c71-aae6-f9833e8bd40e,401300c3-ebf2-45a4-8c30-634bf94155a8,2026-03-30,FALSE,FALSE,FALSE,FALSE,,,2026-03-04,Nicole Lipcaman,child_echo_id
ZNQ676-01-A,3-20 year,11_17yr,2026,Cassie,f0c1bdeb-7726-4404-a196-bc0784e0c51f,6661de38-6aed-4d5c-aad6-2e2e0f77d9a9,2026-05-17,FALSE,FALSE,FALSE,FALSE,,,2026-05-03,Cassie Nickerson,invitee_child_name
ZNQ676-01-A,3-20 year,11_17yr,2026,Cassie,2ada8477-2288-4bd7-b2c3-db1330ebffcd,4bd4e66b-52e0-45a5-92f3-0f80b1b08660,2026-05-03,TRUE,TRUE,FALSE,FALSE,,,2026-03-30,Cassie Nickerson,child_echo_id
ZPR445-01-A,3-20 year,11_17yr,2026,Cassie,1e5d57db-236b-4565-b47e-91cf7d962770,945e628a-f57d-4f68-93b6-38671ff48b99,2026-03-30,FALSE,FALSE,FALSE,FALSE,,,2026-03-24,Cassie Nickerson,child_name
ZPX220-01-A,3-20 year,11_17yr,2026,Jo,d43b460c-2b7f-467b-b96a-026d755fe2d5,761dfbad-a563-43f2-bf9b-118faf41e93a,2026-08-03,FALSE,FALSE,FALSE,FALSE,,,2026-07-07,Jolyn Lerma,child_custom_id
ZQN091-01-A,6-35 month,6_11_month,2026,Nicole,cd1406c2-f53e-4a5c-9aba-7863e4ab7cf8,564faf4b-34cb-45b6-a030-b5a19423725c,2026-09-18,FALSE,FALSE,FALSE,FALSE,https://api.calendly.com/scheduled_events/36f07a6f-7c81-4feb-b631-08b9f8bad0f0/invitees/441b8b8c-82e9-47d9-896e-667287782522,,2026-08-27,Nicole Lipcaman,child_echo_id
ZQN091-01-A,6-35 month,6_11_month,2026,Nicole,36f07a6f-7c81-4feb-b631-08b9f8bad0f0,441b8b8c-82e9-47d9-896e-667287782522,2026-09-18,TRUE,FALSE,FALSE,TRUE,https://api.calendly.com/scheduled_events/d61a4661-f915-4e45-92b5-5fe2cc94b4e6/invitees/84fb22fc-5938-4652-a8e4-c915c67d99e3,https://api.calendly.com/scheduled_events/cd1406c2-f53e-4a5c-9aba-7863e4ab7cf8/invitees/564faf4b-34cb-45b6-a030-b5a19423725c,2026-08-27,Nicole Lipcaman,child_echo_id
ZQN091-01-A,6-35 month,6_11_month,2026,Nicole,d61a4661-f915-4e45-92b5-5fe2cc94b4e6,84fb22fc-5938-4652-a8e4-c915c67d99e3,2026-08-28,TRUE,FALSE,FALSE,TRUE,,https://api.calendly.com/scheduled_events/36f07a6f-7c81-4feb-b631-08b9f8bad0f0/invitees/441b8b8c-82e9-47d9-896e-667287782522,2026-08-13,Nicole Lipcaman,child_echo_id
ZQT032-01-A,3-20 year,11_17yr,2026,Jody,456ed321-088c-4f24-b9ed-2f628f3a49da,583adb0f-4d52-4d28-bed1-df71cd925336,2026-07-14,FALSE,FALSE,FALSE,FALSE,,,2026-05-20,Jody Kendall,child_name
ZRD863-01-A,3-20 year,3_5yr,2026,Toye,5dc7fd32-5fb4-4c2a-aed7-af5427e2431b,d4856cbc-98ff-4911-9be7-25a0869cb82a,2026-05-14,FALSE,FALSE,FALSE,FALSE,,,2026-04-09,Shetoye  Rice,child_name
ZVD237-01-A,6-35 month,12_23_month,2026,Jody,aa61e674-1bd7-4bd1-ba4a-1298c051af20,38520872-97e2-47a3-bdc2-9cca7beb0861,2026-09-11,FALSE,FALSE,FALSE,FALSE,,,2026-09-04,Jody Kendall,familyId+name
ZVD237-01-A,6-35 month,12_23_month,2026,Kowlini,c13be931-f0b5-4cae-ae61-61643669993c,c94a82ee-8ce0-4d26-8b63-564e7c7f143c,2026-08-30,FALSE,FALSE,TRUE,FALSE,,,2026-08-19,Kowlini Wickramasinghe,familyId+name
ZVQ878-01-A,3-20 year,3_5yr,2026,Toye,dac3adbb-0c93-438f-a7b3-1981799c5173,0e7072fa-a351-4e96-8315-ce9e5e8da3b6,2026-08-05,FALSE,FALSE,FALSE,FALSE,,,2026-06-10,Shetoye  Rice,child_name
ZVV604-01-A,3-20 year,6_10yr,2026,Nicole,976e1e6f-c9cb-484f-b4a1-e490ae2490da,a4634569-e36e-42ff-87b2-dfb9c983c2f4,2026-03-31,FALSE,FALSE,FALSE,FALSE,,,2026-03-10,Nicole Lipcaman,child_echo_id
ZVX302-01-A,3-20 year,6_10yr,2026,Nicole,ebfbf711-d198-4c22-8679-bf142f070eba,78a52c75-c058-41e2-9fde-a2333adafbde,2026-06-22,FALSE,FALSE,FALSE,FALSE,,,2026-05-19,Nicole Lipcaman,child_echo_id
ZZZ654-01-A,3-20 year,6_10yr,2026,Andrew,fb326e7d-7b9b-41e1-891e-a1ebe3037af0,bbac5b92-27a2-4cfa-b57d-3725a9794896,2026-08-08,FALSE,FALSE,FALSE,FALSE,https://api.calendly.com/scheduled_events/872fb947-4af0-4400-ba6f-3f65a4ac22a4/invitees/ab6f5939-6e99-43e1-8bac-845e9d69584b,,2026-07-19,Andrew Davis,child_echo_id
ZZZ654-01-A,3-20 year,6_10yr,2026,Breanna,872fb947-4af0-4400-ba6f-3f65a4ac22a4,ab6f5939-6e99-43e1-8bac-845e9d69584b,2026-07-24,TRUE,FALSE,FALSE,TRUE,,https://api.calendly.com/scheduled_events/fb326e7d-7b9b-41e1-891e-a1ebe3037af0/invitees/bbac5b92-27a2-4cfa-b57d-3725a9794896,2026-07-09,Breanna Kornatowski,child_name
