Participant ID,IPA Age Band,Calendly Year,FTM,Calendly Host Raw,Calendly Appointment Date,Calendly Assignment Date,Calendly Event UUID,Calendly Invitee UUID,Calendly Match Method,Calendly FTM QA Flag,Assignment Source,Calendly Evidence Tier
BBB555-01-A,3_5yr,2026,Anna,Anna VanTubergen,2026-04-27,2026-04-01,0b838508-caf3-4715-a914-73c64c4c5cbd,cb27ba5d-79ea-4a13-8152-56caca286dbb,child_name,,Calendly host - 2026,Direct participant evidence
BBD445-01-A,6_10yr,2026,Jo,Jolyn Lerma,2026-10-03,2026-08-18,e87a7401-0dc1-43d7-bb66-2a58725f552b,92a8d3b7-0c14-48df-a727-32822e8500ac,familyId+name,,Calendly host - 2026,Direct participant evidence
BGB558-01-A,6_10yr,2026,Nicole,Nicole Lipcaman,2026-10-16,2026-09-14,238d5011-f106-47a8-a488-4dc71e89740b,1d61ca7b-3f14-4f6e-8778-8cb459f6ac8e,child_echo_id,,Calendly host - 2026,Direct participant evidence
BGT851-01-A,6_10yr,2026,Toye,Shetoye  Rice,2026-06-09,2026-05-19,ed2506a0-422a-4947-9b4a-f8a177892e8d,ba0f286b-0421-42fd-845e-5e23c2c3a689,child_name,,Calendly host - 2026,Direct participant evidence
BJH083-01-A,6_10yr,2026,Andrew,Andrew Davis,2026-09-20,2026-09-07,df0b9c41-2009-4e1c-9354-ba600bfc5b8f,2050a51a-4d35-4b6e-b093-861a02697d82,child_name,,Calendly host - 2026,Direct participant evidence
BKK569-01-A,6_10yr,2026,Kowlini,Kowlini Wickramasinghe,2026-09-02,2026-08-28,ebb1c7bf-e552-4937-b02b-43ccf964a5b7,2b3a065c-b803-4d68-8639-2d56f713a60c,child_custom_id,,Calendly host - 2026,Direct participant evidence
BKV315-01-A,11_17yr,2026,Anna,Anna VanTubergen,2026-05-12,2026-05-04,91f8be67-4ec9-4d17-9f9c-42ec5c1587ab,38e9bf7d-48b7-4905-8463-e6cb1f7a8828,child_name,,Calendly host - 2026,Direct participant evidence
BKX774-01-A,11_17yr,2026,Jo,Jolyn Lerma,2026-06-06,2026-04-27,26a083f2-8ec1-47f4-a08a-93396d0d3253,3cab9f80-2d74-4f62-b127-71b75487a621,child_custom_id,,Calendly host - 2026,Direct participant evidence
BNH325-01-A,3_5yr,2026,Anna,Anna VanTubergen,2026-07-03,2026-06-24,781d1fb5-9a78-4146-a606-694a86719716,3391bbf1-c2ff-40db-8d46-60e348e78215,child_name,,Calendly host - 2026,Direct participant evidence
BPM036-01-A,12_23_month,2026,Nicole,Nicole Lipcaman,2026-08-28,2026-07-08,39791eba-ed04-44b5-80b1-9213dc08ba73,31a82e4d-3516-436e-bff6-dbd0e6d10919,child_echo_id,,Calendly host - 2026,Direct participant evidence
BPT625-01-A,6_10yr,2026,Andrew,Andrew Davis,2026-08-03,2026-07-27,3d052923-767d-4d82-a346-0b89801fb6a1,529d5377-62bd-4b45-a8cc-88e2bcbfcba0,child_echo_id,,Calendly host - 2026,Direct participant evidence
BPZ685-01-A,3_5yr,2026,Jo,Jolyn Lerma,2026-05-03,2026-04-22,2b536889-93c9-4426-a4fa-53177b84782a,d9f42b13-eb82-40e4-aa32-49ac1b513118,familyId+name,,Calendly host - 2026,Direct participant evidence
BQW274-01-A,3_5yr,2026,Jo,Jolyn Lerma,2026-06-03,2026-05-13,99ddbc98-73d6-4fd3-9092-cab39fcc5353,f7b1ed87-3c6b-48a4-9a63-bbebbdc1d36b,familyId+name,,Calendly host - 2026,Direct participant evidence
BRL402-01-A,12_23_month,2026,Andrew,Andrew Davis,2026-09-17,2026-08-28,d23bdb7a-f2db-4494-bf29-70a781899a0c,28782319-c62a-49f2-8fd4-bf1e74c9b770,child_echo_id,,Calendly host - 2026,Direct participant evidence
BTK197-01-A,6_10yr,2026,Nicole,Nicole Lipcaman,2026-07-30,2026-06-30,d9ce47ab-a9b8-4dc4-8a2a-72882bbcc764,30d28467-3d39-471b-8804-ecd094edf127,child_echo_id,,Calendly host - 2026,Direct participant evidence
BXJ770-01-A,12_23_month,2026,Jody,Jody Kendall,2026-08-12,2026-06-17,d10da20d-e158-4b41-b624-dd8eb546b9d0,c20ab15c-eb3a-4f77-8944-132604063c41,child_custom_id,,Calendly host - 2026,Direct participant evidence
BZP492-01-A,3_5yr,2026,Andrew,Andrew Davis,2026-10-30,2026-09-22,ae23e652-3b17-4569-90c3-9da9a5182ccd,14409654-a030-4946-9357-d99b36766096,child_echo_id,,Calendly host - 2026,Direct participant evidence
CBL718-01-A,6_10yr,2026,Nicole,Nicole Lipcaman,2026-07-13,2026-06-11,0bcfaffd-7750-4119-a267-1cb5d4926ceb,443c3326-0c2d-47bc-b1ba-9671324df493,child_echo_id,,Calendly host - 2026,Direct participant evidence
CBW928-01-A,3_5yr,2026,Toye,Shetoye  Rice,2026-05-19,2026-04-23,56fd97e2-9cfd-4733-b91c-706f09113e86,6e1662e1-dc60-43d8-b79b-70c893eb0afb,child_name,,Calendly host - 2026,Direct participant evidence
CCC242-01-A,12_23_month,2026,Nicole,Nicole Lipcaman,2026-03-26,2026-03-16,84d5b3e8-b961-46c3-a872-65b3db0a55b7,7c93f15e-7b5f-49c0-b827-c79c53fe3f9f,child_echo_id,,Calendly host - 2026,Direct participant evidence
CDK744-01-A,6_10yr,2026,Jo,Jolyn Lerma,2026-08-03,2026-07-29,c99ff826-d3b2-4e9f-99fb-c808c0e3ee02,05cc7afb-1abf-49d7-a697-1c6da483fe95,familyId+name,,Calendly host - 2026,Direct participant evidence
CGK997-01-A,6_10yr,2026,Nicole,Nicole Lipcaman,2026-08-05,2026-07-07,b75708d2-c7a3-4fe7-8dfd-369b7f1f5f1d,911243d3-656f-4fa7-8380-ffaf73b847e1,child_echo_id,,Calendly host - 2026,Direct participant evidence
CGT416-01-A,11_17yr,2026,Amy,Amy Scharmen-Burgdolf,2026-03-13,2026-03-10,7451db87-40f3-4ddf-86a1-297c0d5fae67,c1c7864c-38c5-466e-aa16-2b0020ccca2f,invitee_child_name,,Calendly host - 2026,Invitee name/email evidence
CHL989-01-A,6_10yr,2026,Nicole,Nicole Lipcaman,2026-07-21,2026-07-08,1785bc34-5163-47ea-8741-a09c1828e194,ed948943-628f-44f4-84c8-63285ebc4f7a,child_echo_id,,Calendly host - 2026,Direct participant evidence
CKH175-01-A,6_10yr,2026,Toye,Shetoye  Rice,2026-07-29,2026-06-07,6fdb8d76-1d48-4d95-87e4-755ebb4def9a,9f709085-6b0c-49c9-8053-fea44c519640,child_name,,Calendly host - 2026,Direct participant evidence
CKV256-01-A,3_5yr,2026,Toye,Shetoye  Rice,2026-07-02,2026-06-28,07e07c48-9b88-4eae-a97a-d29c500a0cff,3a05f413-97ba-41b2-a0c2-af2d8a7ca1c0,child_name,,Calendly host - 2026,Direct participant evidence
CKV256-01-A,6_10yr,2026,Toye,Shetoye  Rice,2026-08-18,2026-06-18,a7053230-f1f9-4a6f-a521-7944b58d1464,fa547aa8-6980-448b-95a6-0a443439a7ab,child_name,,Calendly host - 2026,Direct participant evidence
CLC701-01-A,12_23_month,2026,Jody,Jody Kendall,2026-05-07,2026-04-02,d481289b-ce63-47fb-be0c-36c1f05ac237,90e332a5-04e2-4a1b-8fbd-b53d16e00c33,child_custom_id,,Calendly host - 2026,Direct participant evidence
CLP827-01-A,6_10yr,2026,Andrew,Andrew Davis,2026-09-29,2026-09-04,9d0f99b6-ba92-4506-bbde-d79256e1f444,8a41af94-fbcf-4083-a6e4-eb99e9b707d2,child_echo_id,,Calendly host - 2026,Direct participant evidence
CLX467-01-A,6_10yr,2026,Amy,Amy Scharmen-Burgdolf,2026-09-22,2026-08-15,80a9e29a-604f-434b-9334-cd85adfaaecf,ae325224-bf09-4ff6-87cb-8b207866d436,child_echo_id,,Calendly host - 2026,Direct participant evidence
CPS604-01-A,12_23_month,2026,Toye,Shetoye  Rice,2026-07-22,2026-06-17,6aea8baa-f470-4695-aaf2-8b6b1ddd807c,8c469745-d48f-47d7-9f34-effbb4f81340,child_name,,Calendly host - 2026,Direct participant evidence
CRB612-01-A,3_5yr,2026,Andrew,Andrew Davis,2026-09-10,2026-09-07,5266fc47-271b-46d1-90d3-34f6c1fa798d,f77c81a7-a9a1-47b6-af2e-0cbcd6284c5a,child_echo_id,,Calendly host - 2026,Direct participant evidence
CRN594-01-A,11_17yr,2026,Amy,Amy Scharmen-Burgdolf,2026-04-15,2026-04-02,3c838e95-8832-4801-8b01-bbd7122b9bca,cd53e7a3-2a14-4430-933d-3dca7bdc0010,child_name,,Calendly host - 2026,Direct participant evidence
CSC443-01-A,6_10yr,2026,Nicole,Nicole Lipcaman,2026-08-24,2026-08-14,752244ca-3187-4ced-b8fc-992bf7f27b06,f61bf656-8310-404a-8591-cddd89dfec06,child_echo_id,,Calendly host - 2026,Direct participant evidence
CSG043-01-A,11_17yr,2026,Cassie,Cassie Nickerson,2026-07-20,2026-06-07,7a4af10f-9b88-4e81-962a-38a9a48ab47a,79e42a34-412c-4a51-8e01-a819574b4154,child_name,,Calendly host - 2026,Direct participant evidence
CSS863-01-A,6_10yr,2026,Toye,Shetoye  Rice,2026-07-21,2026-07-02,1cf22b39-1fd7-4bb7-a151-0141b123a7c6,5b639c46-09bd-4029-b729-38a4a4e3f0b3,child_name,,Calendly host - 2026,Direct participant evidence
CSS863-02-A,12_23_month,2026,Breanna,Breanna Kornatowski,2026-06-16,2026-06-08,923c40c8-0b5f-4668-a8eb-d19340394b94,6f72b9e2-32d9-45fb-8bd3-499c35c43ea2,child_name,,Calendly host - 2026,Direct participant evidence
CVD069-01-A,6_10yr,2026,Jody,Jody Kendall,2026-09-30,2026-09-06,9f62e194-fb69-482e-a53f-b43558b10563,033b3de6-2000-437e-8333-0075effcc789,child_name,,Calendly host - 2026,Direct participant evidence
CVH085-01-A,6_10yr,2026,Jody,Jody Kendall,2026-07-11,2026-05-12,4a3afb54-9ee1-4950-ab65-94ea91e04ad2,f769aad7-7cfc-4c0c-8864-273237db1309,familyId+name,,Calendly host - 2026,Direct participant evidence
CWR588-01-A,6_10yr,2026,Andrew,Andrew Davis,2026-08-27,2026-08-24,c7df7416-e7a1-44f4-b354-96cb44b6827b,f965ec42-56f8-4b58-8e56-c3775052acb9,child_echo_id,,Calendly host - 2026,Direct participant evidence
CXB725-01-A,12_23_month,2026,Toye,Shetoye  Rice,2026-09-01,2026-07-06,51820f11-b5f0-4a67-8b5a-d15610c70ead,7774f2df-5aa7-4373-9c1f-05e561ac3ae1,invitee_email,,Calendly host - 2026,Invitee name/email evidence
CXM978-01-A,6_10yr,2026,Nicole,Nicole Lipcaman,2026-06-17,2026-06-07,82cad34e-b048-40ca-9482-acbbb559c149,1f451691-e558-45cf-870b-0a10cc71d1f6,child_echo_id,,Calendly host - 2026,Direct participant evidence
CXR904-01-A,6_10yr,2026,Kowlini,Kowlini Wickramasinghe,2026-08-30,2026-08-27,3fa36290-8c4d-4d12-a580-e2f9edc408b0,37cc773a-c2ea-45d8-a237-e982c816b718,child_custom_id,,Calendly host - 2026,Direct participant evidence
CZX484-01-A,6_10yr,2026,Andrew,Andrew Davis,2026-08-23,2026-08-01,f8bd3ffd-97c3-4bd7-839d-a943f40e17ff,cde18771-3b00-4a02-8e9a-b4db0786c462,child_echo_id,,Calendly host - 2026,Direct participant evidence
DGF778-01-A,6_10yr,2026,Nicole,Nicole Lipcaman,2026-09-01,2026-08-20,873606ad-c2af-4d77-b3ac-738d09eaa963,01d17332-a0db-434c-be3a-1fac83353942,child_echo_id,,Calendly host - 2026,Direct participant evidence
DJK313-01-A,6_10yr,2026,Nicole,Nicole Lipcaman,2026-08-27,2026-08-20,dbee1e1f-0356-4f47-a01e-3d468bf05a31,05c3c12f-ebc5-4274-ab24-725a8518f3b5,child_echo_id,,Calendly host - 2026,Direct participant evidence
DKC244-01-A,11_17yr,2026,Jo,Jolyn Lerma,2026-06-10,2026-05-21,13e1b16a-05a5-41ab-a5f5-218c72cfb388,e3aeabef-f5b8-472c-9202-4a4615a6c396,child_custom_id,,Calendly host - 2026,Direct participant evidence
DLC442-01-A,3_5yr,2026,Anna,Anna VanTubergen,2026-07-07,2026-06-11,00a74548-07a1-4c24-a24c-a3e4c0d74475,7f2a0bcf-3ba2-4b52-a09e-12bed0ac4232,child_name,,Calendly host - 2026,Direct participant evidence
DNW140-01-A,6_10yr,2026,Andrew,Andrew Davis,2026-09-01,2026-08-26,29d2178b-6a2e-46ef-b6a4-63792fbd4d72,cc71ea8a-cfbb-4e4a-a610-c8ab6dee0826,child_echo_id,,Calendly host - 2026,Direct participant evidence
DQZ583-01-A,3_5yr,2026,Andrew,Andrew Davis,2026-09-17,2026-09-13,877da7dc-845f-4b15-a8ae-161dc0337863,e4c8d159-11b4-473b-b008-a4fda86ed956,child_echo_id,,Calendly host - 2026,Direct participant evidence
DRW841-01-A,11_17yr,2026,Amy,Amy Scharmen-Burgdolf,2026-05-10,2026-04-10,aaf10f52-2f4f-4285-b946-6ce4fab8c27a,fafa620c-1742-4457-80eb-a88c238a16d2,child_echo_id,,Calendly host - 2026,Direct participant evidence
DSN848-01-A,6_10yr,2026,Kowlini,Kowlini Wickramasinghe,2026-08-13,2026-08-11,b323115c-c72d-4e1e-8c80-11f6b1b5b723,aef6a487-efb4-4039-b76b-57e0a3a4253c,child_custom_id,,Calendly host - 2026,Direct participant evidence
DTQ848-01-A,12_23_month,2026,Andrew,Andrew Davis,2026-08-24,2026-08-12,4b0d4964-ba20-4df5-b75e-0369697e766e,9c103965-4122-4888-9365-8fba5eb73c20,child_name,,Calendly host - 2026,Direct participant evidence
DWB641-01-A,6_10yr,2026,Cassie,Cassie Nickerson,2026-10-05,2026-08-15,75c45f69-aa03-41a1-8f70-b3858e32aae7,9bee18e6-5d00-42e5-9456-cb9181a4c48e,child_name,,Calendly host - 2026,Direct participant evidence
DWJ555-01-A,6_10yr,2026,Kowlini,Kowlini Wickramasinghe,2026-09-09,2026-09-03,01438bf6-9c31-4c14-890f-448cde9a5c3a,405a6e37-0e7f-4c71-aab8-6848ab7199d1,child_custom_id,,Calendly host - 2026,Direct participant evidence
DYN462-01-A,3_5yr,2026,Toye,Shetoye  Rice,2026-05-13,2026-04-27,c5d00641-f883-432f-bcc0-84d36b9b8b51,9785e201-02e6-4b64-ba09-fd6710dd067d,child_name,,Calendly host - 2026,Direct participant evidence
FFC134-01-A,6_10yr,2026,Kowlini,Kowlini Wickramasinghe,2026-08-23,2026-08-06,01e240ee-ca8c-40d9-88fb-eeebb470eefd,cdaa9ce8-f19d-49d3-a042-c348c46f3eb1,child_custom_id,,Calendly host - 2026,Direct participant evidence
FHJ625-01-A,6_10yr,2026,Toye,Shetoye  Rice,2026-03-17,2026-03-12,ba9b240c-5f0d-4c60-b632-75fe9c74f374,bbd29bc9-2832-4b34-8b0d-210785db64df,invitee_email,,Calendly host - 2026,Invitee name/email evidence
FKD843-01-A,11_17yr,2026,Cassie,Cassie Nickerson,2026-10-18,2026-09-19,97130212-a0ca-4ff0-8479-b0dfc4774005,7fe1ee0b-1372-4e22-8e2e-6fd94c75da1f,child_name,,Calendly host - 2026,Direct participant evidence
FNC855-01-A,12_23_month,2026,Jody,Jody Kendall,2026-08-03,2026-06-16,24a2d047-0fbd-4499-8184-866700d051bb,b037d1e1-fdcc-4d31-be1f-0f92abf1349a,familyId+name,,Calendly host - 2026,Direct participant evidence
FNS996-01-A,11_17yr,2026,Amy,Amy Scharmen-Burgdolf,2026-08-26,2026-08-24,b6ac7f36-135b-449d-81e0-002d91971cf6,e06ae93d-0938-4955-bd6d-3b3a7e71cf30,child_name,,Calendly host - 2026,Direct participant evidence
FTC406-01-A,3_5yr,2026,Toye,Shetoye  Rice,2026-04-09,2026-03-28,1d3df0c6-f464-487d-a54b-a5aba4ecf62e,3647cfd2-e8b3-4530-b326-030da8e0c61f,child_name,,Calendly host - 2026,Direct participant evidence
FWH545-01-A,11_17yr,2026,Jo,Jolyn Lerma,2026-06-03,2026-04-29,0ae71194-6782-4e22-bf5e-730fdf87f021,ca354aae-29ac-4d48-8b5d-3fa0ee40c70d,child_custom_id,,Calendly host - 2026,Direct participant evidence
FWL830-01-A,6_10yr,2026,Nicole,Nicole Lipcaman,2026-07-13,2026-06-29,b8f91177-8f19-42fa-9edd-0283b80eae3d,925a7597-e3e4-482b-ae84-9c148674ba48,child_echo_id,,Calendly host - 2026,Direct participant evidence
FYB626-01-A,11_17yr,2026,Cassie,Cassie Nickerson,2026-04-07,2026-03-27,0fa429ad-5078-434f-a874-bb88c59c1b9a,9f1161d5-3916-472d-b8b7-b8dd48a693d9,child_name,,Calendly host - 2026,Direct participant evidence
FYC718-01-A,3_5yr,2026,Andrew,Andrew Davis,2026-07-31,2026-07-17,f6ab15fd-c3ef-4bf9-ac40-876b27966a27,86bfbfeb-5f0c-4957-8d52-3ecf9c1f6f9d,child_echo_id,,Calendly host - 2026,Direct participant evidence
FYG871-01-A,6_10yr,2026,Andrew,Andrew Davis,2026-09-20,2026-09-08,04405f2e-c9d8-4b3b-aca5-15fffbfe5c57,819c393d-2730-421e-9ef3-0f76e9ac16fe,child_echo_id,,Calendly host - 2026,Direct participant evidence
FYN107-01-A,3_5yr,2026,Toye,Shetoye  Rice,2026-05-20,2026-04-25,0fb0775b-aba0-4021-8e3d-c266825cf2e0,331596a8-013c-45c9-a044-efe801ef04c2,child_name,,Calendly host - 2026,Direct participant evidence
GBB029-01-A,6_10yr,2026,Andrew,Andrew Davis,2026-09-17,2026-08-30,4a65f14e-388c-405c-bae1-5e87fb5d932a,b3f56a9f-3349-4fee-a193-6a7a73c76485,child_echo_id,,Calendly host - 2026,Direct participant evidence
GBH901-01-A,12_23_month,2026,Nicole,Nicole Lipcaman,2026-05-15,2026-04-01,ff57b0dd-ae71-4523-bcc5-23ea1fecf026,ebc83f50-b306-4abf-832c-374b00db5de4,child_echo_id,,Calendly host - 2026,Direct participant evidence
GCP510-02-A,3_5yr,2026,Toye,Shetoye  Rice,2026-09-08,2026-06-23,1e49581c-4303-4dea-8058-421a28f31585,ad9b47b8-4078-4301-83e9-40629fe5e018,child_name,,Calendly host - 2026,Direct participant evidence
GDJ477-01-A,12_23_month,2026,Nicole,Nicole Lipcaman,2026-03-28,2026-03-16,2884cfdb-5d3a-4159-bf5e-3998be680b62,c337bfd2-0c26-48dd-a08e-dbe5ca79ccec,child_echo_id,,Calendly host - 2026,Direct participant evidence
GDN788-01-A,12_23_month,2026,Nicole,Nicole Lipcaman,2026-06-22,2026-05-03,ee300c05-1958-4b96-b2d2-5a010fe9355f,b46bd54a-4093-4a2b-9e09-b918c0d71a6a,child_echo_id,,Calendly host - 2026,Direct participant evidence
GDY251-01-A,3_5yr,2026,Toye,Shetoye  Rice,2026-07-15,2026-05-29,439ff426-0802-42df-ad8b-81a0236501da,5cdad623-6841-4b7e-9692-31a7596042e4,child_name,,Calendly host - 2026,Direct participant evidence
GFK818-01-A,3_5yr,2026,Anna,Anna VanTubergen,2026-05-14,2026-05-12,58674bba-e685-4ada-945d-a8dc3cd122c0,2c4841ff-52b0-49e7-83f8-ce07ffb7c2f3,child_name,,Calendly host - 2026,Direct participant evidence
GFP154-01-A,6_10yr,2026,Anna,Anna VanTubergen,2026-08-10,2026-08-07,e1830ed2-f547-449c-bd23-a228def0f34a,d09a63f3-5325-40ee-b01f-80bcd534cc7e,child_name,,Calendly host - 2026,Direct participant evidence
GHR496-01-A,6_10yr,2026,Andrew,Andrew Davis,2026-09-04,2026-08-31,798c51c7-f4c7-42b0-9cf5-2d3b9a58341c,5b656225-11d7-478f-98c3-d4edc5ac1965,child_echo_id,,Calendly host - 2026,Direct participant evidence
GKZ718-01-A,3_5yr,2026,Anna,Anna VanTubergen,2026-04-30,2026-04-06,78f45be6-90c4-4bbd-a6d3-da5e37b636ea,acc4155a-cb4a-41ff-bb4b-83350d70f227,child_name,,Calendly host - 2026,Direct participant evidence
GMB721-01-A,12_23_month,2026,Kowlini,Kowlini Wickramasinghe,2026-09-29,2026-09-23,d4c8e193-4947-4558-9343-2045961a384e,39ce73fe-9c9c-4e95-bb36-7f583a94df2a,child_custom_id,,Calendly host - 2026,Direct participant evidence
GMK178-01-A,6_10yr,2026,Nicole,Nicole Lipcaman,2026-08-25,2026-08-18,d5a3be61-5a08-4803-9f77-67e2481adbb4,879630f7-8d7f-4eba-b1e1-e402a415b3a7,child_echo_id,,Calendly host - 2026,Direct participant evidence
GMS994-01-A,11_17yr,2026,Jo,Jolyn Lerma,2026-04-08,2026-03-25,d5db87df-07d7-4dba-a69a-bc98d070472c,147b50a5-f086-41a5-94eb-65ab981a27cd,mom_id+name,,Calendly host - 2026,Direct participant evidence
GRM073-01-A,12_23_month,2026,Andrew,Andrew Davis,2026-09-12,2026-09-09,8281a689-5e23-4b3d-bcd7-af351db0c653,17f4dfe5-0e4e-496d-8003-bd1577c57708,child_echo_id,,Calendly host - 2026,Direct participant evidence
GRN392-01-A,11_17yr,2026,Cassie,Cassie Nickerson,2026-04-25,2026-03-24,1b86e076-29b1-4eb9-b294-9cfb833050ec,fd605df2-f163-4af1-a070-0ee9b8501ab3,child_echo_id,,Calendly host - 2026,Direct participant evidence
GVZ320-01-A,6_10yr,2026,Andrew,Andrew Davis,2026-08-11,2026-08-09,ee820dfc-70b0-4b08-adc1-a3e7464faa2f,ac1bd3d6-8ec7-40af-8d0c-dd904e025f77,child_echo_id,,Calendly host - 2026,Direct participant evidence
GWP690-01-A,11_17yr,2026,Jo,Jolyn Lerma,2026-04-22,2026-04-20,273cc9c6-f09b-4097-9ec1-8f4582045b6f,43a91eab-a1e6-421a-a7b2-4356590a353b,child_custom_id,,Calendly host - 2026,Direct participant evidence
GYQ941-01-A,6_10yr,2026,Toye,Shetoye  Rice,2026-07-15,2026-06-08,b5a335da-0ff5-4d14-8fef-429b4fb118cb,6347fab0-6068-4584-94c7-02a6473bc0ad,child_name,,Calendly host - 2026,Direct participant evidence
GZM171-01-A,11_17yr,2026,Cassie,Cassie Nickerson,2026-05-11,2026-05-05,0913eb55-d31e-42fe-9770-4a9de3d2e85b,4652dc33-a956-48f9-9045-e7988c3aac86,child_name,,Calendly host - 2026,Direct participant evidence
GZR716-01-A,12_23_month,2026,Nicole,Nicole Lipcaman,2026-09-01,2026-08-19,715e36c0-f18a-42bf-b71a-a6c40e6285e0,73cea95e-b85f-434a-b537-d0767cc11461,child_echo_id,,Calendly host - 2026,Direct participant evidence
HBN403-01-A,6_10yr,2026,Jo,Jolyn Lerma,2026-09-29,2026-09-09,a9bdcade-16ac-458d-ac0b-57a7484dd8e1,2707582b-1e77-44cd-be7e-5ae591962987,child_name,,Calendly host - 2026,Direct participant evidence
HBX436-01-A,11_17yr,2026,Amy,Amy Scharmen-Burgdolf,2026-08-06,2026-07-15,ce1be80e-ea95-4d25-89c4-add8f63158d4,f40e941f-80d9-4067-a83d-f07639e2ae7e,child_echo_id,,Calendly host - 2026,Direct participant evidence
HCG894-01-A,6_10yr,2026,Nicole,Nicole Lipcaman,2026-11-19,2026-08-30,f8258b9b-c37a-471e-988b-d91da8fbf9e3,6161f8dc-2b03-41f3-96b9-2945c015cd03,child_echo_id,,Calendly host - 2026,Direct participant evidence
HGX059-01-A,11_17yr,2026,Jo,Jolyn Lerma,2026-05-03,2026-04-17,dd2f72f3-bb19-4962-8643-c84835b61129,50b46959-0d46-4290-be04-d8a16a33bb1f,child_name,,Calendly host - 2026,Direct participant evidence
HGZ645-01-A,6_10yr,2026,Nicole,Nicole Lipcaman,2026-06-22,2026-05-21,a012fb64-1764-44f9-9158-3bbc00001ac6,a5f4e8cf-9d2a-403a-8b05-7299162b8c03,child_echo_id,,Calendly host - 2026,Direct participant evidence
HHL079-01-A,6_10yr,2026,Jody,Jody Kendall,2026-07-14,2026-06-08,df0561b8-5262-4cfe-80ab-74bc60fe3bf7,da08d604-27e0-4c46-80f9-9cc1cac623fb,child_name,,Calendly host - 2026,Direct participant evidence
HHW537-01-A,12_23_month,2026,Jody,Jody Kendall,2026-04-03,2026-03-20,2f0da7a0-6e81-41dc-983b-e5b3907803ce,fc498ff1-42b4-4dfd-80d0-a8ae9e18ace4,invitee_email,,Calendly host - 2026,Invitee name/email evidence
HJC838-01-A,6_10yr,2026,Amy,Amy Scharmen-Burgdolf,2026-08-26,2026-08-17,db0d8048-0ddb-4797-a1a1-0afaa55d3e4d,6e21d443-67bf-4395-a15b-e4f387997b4a,child_echo_id,,Calendly host - 2026,Direct participant evidence
HKF151-01-A,11_17yr,2026,Cassie,Cassie Nickerson,2026-07-13,2026-05-31,dc64b1d7-1781-4667-8ac7-d74b9c28afbb,11af4852-97ef-4853-b760-397870556c5a,child_name,,Calendly host - 2026,Direct participant evidence
HKF151-02-A,11_17yr,2026,Cassie,Cassie Nickerson,2026-07-13,2026-05-31,2c28eaf1-8cde-4d2b-acd9-77d3347743ce,bede6408-f946-4949-ac2f-c990ea5c2366,child_name,,Calendly host - 2026,Direct participant evidence
HLW497-01-A,3_5yr,2026,Jody,Jody Kendall,2026-07-28,2026-06-01,e42ac309-d588-4d4c-a22c-a4cec1af06da,2e1990e0-a4b2-4c6d-897b-b20cff43a83c,familyId+name,,Calendly host - 2026,Direct participant evidence
HMP636-01-A,6_10yr,2026,Andrew,Andrew Davis,2026-08-03,2026-07-21,afa72e7a-3e41-49c8-bc84-c252b9ea775c,7bd35019-2afc-4255-aba3-3625b67bd06f,child_echo_id,,Calendly host - 2026,Direct participant evidence
HQB638-01-A,11_17yr,2026,Jo,Jolyn Lerma,2026-09-28,2026-08-23,811ea3ae-b40b-4e88-81db-b35ed8a05483,b65b7c81-b29d-41b8-9c6e-3f85a12b8ee1,child_custom_id,,Calendly host - 2026,Direct participant evidence
HQX076-01-A,6_10yr,2026,Nicole,Nicole Lipcaman,2026-07-16,2026-06-02,d1eeb24a-ec63-4176-8834-7687bd79db60,a7e6cc94-e5b4-4783-9629-def39fa6bb34,child_echo_id,,Calendly host - 2026,Direct participant evidence
HQY396-01-A,6_10yr,2026,Nicole,Nicole Lipcaman,2026-08-27,2026-08-14,4f8236b5-50c8-4219-acf3-9d957d569ab4,5637396e-4b35-4add-8064-91a03989f214,child_echo_id,,Calendly host - 2026,Direct participant evidence
HRF525-01-A,11_17yr,2026,Toye,Shetoye  Rice,2026-08-25,2026-06-22,f1a531f6-67fc-46f5-8d1a-4b9dfcc361d7,26d2e488-152a-4cd0-9630-8f6ab7616459,child_name,,Calendly host - 2026,Direct participant evidence
HSD339-01-A,3_5yr,2026,Toye,Shetoye  Rice,2026-04-30,2026-04-08,559e0b19-42fa-479b-9c78-4c5f3fdf9945,c3440a71-d552-42bd-9cf6-602844e96efd,child_name,,Calendly host - 2026,Direct participant evidence
HSV917-01-A,11_17yr,2026,Jo,Jolyn Lerma,2026-05-04,2026-04-26,6160da03-2f7f-4aad-a2ad-a3020dac6ed3,69208cc6-beb5-42f5-9168-f9af192afd41,child_custom_id,,Calendly host - 2026,Direct participant evidence
HSX501-01-A,6_10yr,2026,Toye,Shetoye  Rice,2026-09-02,2026-06-25,b3f7ce8a-017d-48d5-9a58-0fdf69cfd72b,dde1604d-c1b1-4c66-9cbe-820ad340019e,child_name,,Calendly host - 2026,Direct participant evidence
HTW595-01-A,3_5yr,2026,Anna,Anna VanTubergen,2026-06-03,2026-05-22,eb79b2e6-4313-4a13-9a67-c3cbb3c22808,b01e7184-c514-4101-b3ea-18231bfc1900,child_name,,Calendly host - 2026,Direct participant evidence
HXK737-01-A,3_5yr,2026,Anna,Anna VanTubergen,2026-08-10,2026-07-29,e6211256-52d8-449a-9210-f4fa4d217a07,98348008-c412-4b2f-a027-031fa069a13b,child_name,,Calendly host - 2026,Direct participant evidence
HYP683-01-A,11_17yr,2026,Amy,Amy Scharmen-Burgdolf,2026-08-02,2026-07-06,55ff2362-ce95-4dcc-aadb-c5e39430013f,3f3b5595-ad8e-4788-a1a6-98baac19d346,child_echo_id,,Calendly host - 2026,Direct participant evidence
HYQ752-01-A,11_17yr,2026,Cassie,Cassie Nickerson,2026-06-28,2026-05-19,6061d1e7-23ea-477f-8694-7ce57d199977,d845fb23-21e6-4858-922c-8c2998e449ce,child_name,,Calendly host - 2026,Direct participant evidence
HZD623-01-A,11_17yr,2026,Jo,Jolyn Lerma,2026-09-28,2026-08-12,d6aaa8be-a0c7-4216-8f46-f6d290c61394,b1e97b50-7c3b-4f58-9a34-479d757a7711,child_custom_id,,Calendly host - 2026,Direct participant evidence
HZT648-01-A,11_17yr,2026,Jo,Jolyn Lerma,2026-04-16,2026-03-25,8b58b253-dcb0-4c57-b8e3-4af4c36e1a24,1f2bdf34-274a-4cab-8f2c-c695d389b2db,child_custom_id,,Calendly host - 2026,Direct participant evidence
JBM041-01-A,12_23_month,2026,Nicole,Nicole Lipcaman,2026-06-17,2026-06-10,6599f9e7-b0b1-4430-97e9-b5584caebeaf,33259965-0c72-440f-b8a3-a6d937bf0e8d,child_echo_id,,Calendly host - 2026,Direct participant evidence
JDH761-01-A,3_5yr,2026,Anna,Anna VanTubergen,2026-04-21,2026-04-16,a4c23bee-f524-42d7-a065-12a6ac2781ca,85c676a7-60da-4332-86d7-66a30191b098,child_name,,Calendly host - 2026,Direct participant evidence
JFG039-01-A,6_10yr,2026,Andrew,Andrew Davis,2026-09-20,2026-09-09,22309e72-d7d3-4ab6-9a8d-f701884296cd,cced54cf-f264-469e-8fb5-d4688641c54e,child_echo_id,,Calendly host - 2026,Direct participant evidence
JFP288-01-A,6_10yr,2026,Toye,Shetoye  Rice,2026-07-15,2026-06-07,3705572a-f619-4f6a-b7f6-c225872d7dc2,3605c2d4-e1a5-4bbe-b290-42727fe78365,child_name,,Calendly host - 2026,Direct participant evidence
JJK068-01-A,3_5yr,2026,Jody,Jody Kendall,2026-07-24,2026-06-02,e04e713a-6c31-4ff3-9ac6-901633d3f456,55254edb-26d8-4b8d-ade0-0d4b7d88aa8b,familyId+name,,Calendly host - 2026,Direct participant evidence
JJV437-01-A,6_10yr,2026,Nicole,Nicole Lipcaman,2026-10-01,2026-08-28,a9b9b35e-4a44-4051-a18a-01a3ea8e1a2c,05a5a7d9-d838-4d72-bc0a-47a777805eed,child_echo_id,,Calendly host - 2026,Direct participant evidence
JKF839-01-A,6_10yr,2026,Andrew,Andrew Davis,2026-08-05,2026-07-23,1006614f-629c-44e7-a25b-8ca91de2d47f,792c80d7-a96a-4f17-9295-a4f97ffac4bd,child_echo_id,,Calendly host - 2026,Direct participant evidence
JKZ989-01-A,6_10yr,2026,Nicole,Nicole Lipcaman,2026-09-03,2026-08-28,66f722f9-7201-43f1-ac93-7e245f18a806,ad8b54b3-7230-4853-af99-235ffcb3fdae,child_echo_id,,Calendly host - 2026,Direct participant evidence
JLN021-01-A,12_23_month,2026,Nicole,Nicole Lipcaman,2026-05-18,2026-04-07,1a5a0eae-cad5-4ff6-961d-57bf3e1219a1,ec5966dc-9013-4e76-ab96-0e4b0c68c1ce,child_echo_id,,Calendly host - 2026,Direct participant evidence
JMR655-01-A,6_10yr,2026,Jo,Jolyn Lerma,2026-06-09,2026-06-06,f9b4ff14-413b-4b9d-a1d6-ad9f48473889,708620fe-85e2-4f60-9a1a-dc1eba9a9be3,child_custom_id,,Calendly host - 2026,Direct participant evidence
JNT771-01-A,11_17yr,2026,Cassie,Cassie Nickerson,2026-08-10,2026-07-03,f44d898f-c07b-4b7d-83b9-9f855468bf39,b98d76e0-c8f8-4cf9-9ea2-6d780878252f,child_name,,Calendly host - 2026,Direct participant evidence
JQF218-01-A,11_17yr,2026,Amy,Amy Scharmen-Burgdolf,2026-05-20,2026-04-22,f37ee94a-6a0d-4f48-aaf7-457fc90a3155,de60dff4-869b-4df6-901d-8a3220d73de7,child_echo_id,,Calendly host - 2026,Direct participant evidence
JQN133-01-A,12_23_month,2026,Breanna,Breanna Kornatowski,2026-07-27,2026-07-09,04e4ff18-cb23-4632-acd4-51adc6261c70,66390230-32a3-4c08-b9f2-63062e511a5f,child_name,,Calendly host - 2026,Direct participant evidence
JQZ496-01-A,11_17yr,2026,Amy,Amy Scharmen-Burgdolf,2026-08-19,2026-07-20,2d456266-5637-47a4-a5de-66c84d42fcb4,68b41846-0432-4f45-9e55-ab1dde1106fe,child_echo_id,,Calendly host - 2026,Direct participant evidence
JSF732-01-A,11_17yr,2026,Cassie,Cassie Nickerson,2026-07-07,2026-06-16,b1609eaa-c614-43d2-b146-0fd3dd7c71f3,a116bf24-3310-4197-bc2b-79cf93cae0ff,child_name,,Calendly host - 2026,Direct participant evidence
JSS418-01-A,6_10yr,2026,Jo,Jolyn Lerma,2026-10-02,2026-09-12,b59b81d9-bbbd-4a33-b140-be34bae9feb2,d7d88fa8-b345-42d2-905d-fdcb39e33005,child_custom_id,,Calendly host - 2026,Direct participant evidence
JTC719-01-A,11_17yr,2026,Amy,Amy Scharmen-Burgdolf,2026-05-26,2026-04-17,53f061e5-1800-4ad4-b2d3-3d46014e1aa5,ce055d11-45a1-41b8-ac72-ac25da024a79,child_echo_id,,Calendly host - 2026,Direct participant evidence
JTV110-01-A,3_5yr,2026,Andrew,Andrew Davis,2026-09-19,2026-08-06,8c9ebb6e-928b-4fbd-9a07-1d1aa6b2af27,637b5b92-e3a7-447b-b93e-4386f58b2071,child_echo_id,,Calendly host - 2026,Direct participant evidence
JVW695-01-A,3_5yr,2026,Andrew,Andrew Davis,2026-08-11,2026-07-29,83ca809e-adde-451d-8691-7bc91637023c,a020a947-74b9-4a1c-974c-ff488070edf4,child_echo_id,,Calendly host - 2026,Direct participant evidence
JWJ589-01-A,6_10yr,2026,Kowlini,Kowlini Wickramasinghe,2026-08-26,2026-08-12,c32b4f0a-59de-4350-a958-473378d770c0,a49dc183-31c2-4137-8cbd-853c0fa240ed,child_custom_id,,Calendly host - 2026,Direct participant evidence
JWP176-01-A,6_10yr,2026,Andrew,Andrew Davis,2026-10-02,2026-09-09,5763e3d8-7295-4b8e-a82f-a745de1dbc41,dbac5791-15b9-4125-895f-d171e1faeb98,child_name,,Calendly host - 2026,Direct participant evidence
JWP930-01-A,12_23_month,2026,Nicole,Nicole Lipcaman,2026-08-25,2026-06-15,4ffeabb5-71ba-4116-8fbd-797987573d65,dc438d7b-cfc9-4af2-acaf-a4e243481247,child_echo_id,,Calendly host - 2026,Direct participant evidence
JXP185-01-A,12_23_month,2026,Kowlini,Kowlini Wickramasinghe,2026-08-14,2026-08-11,e37e6c0d-1992-4f97-835d-d020fc58849c,2ebd8174-cf62-4ab1-ba8c-053ea2331eef,child_custom_id,,Calendly host - 2026,Direct participant evidence
JYK203-01-A,6_10yr,2026,Cassie,Cassie Nickerson,2026-11-02,2026-09-16,2a2c942b-7800-4dd4-a1d4-ff460e17a11d,f332c8ca-28c1-4df2-ac06-cc94b689e605,child_name,,Calendly host - 2026,Direct participant evidence
JYP178-01-A,3_5yr,2026,Andrew,Andrew Davis,2026-08-14,2026-08-01,a47711c2-9575-4405-8469-d8150b709580,7f8c4365-0931-4187-b0f1-9ff72c37cfaf,child_echo_id,,Calendly host - 2026,Direct participant evidence
JYP178-01-N,3_5yr,2026,Andrew,Andrew Davis,2026-08-14,2026-08-01,a4f00d02-18c5-4703-89d4-5fb78ea9bc64,67c3e6a8-5d05-4a24-af98-927f2099b5e2,child_echo_id,,Calendly host - 2026,Direct participant evidence
JZM106-01-A,6_10yr,2026,Cassie,Cassie Nickerson,2026-10-26,2026-09-16,bce4a558-20c3-4431-a07b-1358dbf2304d,a1d87409-e4f1-4cbf-98d3-168f6eaead1c,child_custom_id,,Calendly host - 2026,Direct participant evidence
JZP660-01-A,3_5yr,2026,Andrew,Andrew Davis,2026-07-21,2026-07-15,2a441436-7151-45cc-873f-5923277d415b,ade3d677-484b-4b58-8abb-1e62a23a3120,child_name,,Calendly host - 2026,Direct participant evidence
KBQ321-01-A,3_5yr,2026,Jody,Jody Kendall,2026-05-03,2026-04-01,659388a7-6f6d-4673-b5cc-4243b4929580,2096cdb5-6a4c-44b1-a445-cc49efd1b6dd,child_custom_id,,Calendly host - 2026,Direct participant evidence
KCT927-01-A,3_5yr,2026,Toye,Shetoye  Rice,2026-07-01,2026-05-20,5b66c5bc-d550-4479-86a1-aeed22f0e0d6,5836ff5e-e70d-47c4-9288-52b7260404ca,child_name,,Calendly host - 2026,Direct participant evidence
KDH192-01-A,6_10yr,2026,Jody,Jody Kendall,2026-08-22,2026-06-24,bb3c1ee9-6252-4b5d-9f4a-062e3beab481,f457bd6d-eede-46c6-9666-5f2fa9ba856e,child_custom_id,,Calendly host - 2026,Direct participant evidence
KDS985-01-A,11_17yr,2026,Cassie,Cassie Nickerson,2026-06-15,2026-05-03,64e3f73f-17a2-4da1-be53-2351e4142e6e,1d665c3f-39be-472a-82ab-94bd2140a702,child_name,,Calendly host - 2026,Direct participant evidence
KFH643-01-A,3_5yr,2026,Anna,Anna VanTubergen,2026-07-27,2026-07-17,baffa9bc-6288-4591-862b-656afe676899,08877b36-e536-4e1e-94ea-b03e37de6cff,child_name,,Calendly host - 2026,Direct participant evidence
KFQ955-01-A,6_10yr,2026,Cassie,Cassie Nickerson,2026-07-07,2026-06-11,53aa022d-4339-40ac-91a7-77ed0ad0f678,5671b3c2-1560-484a-990c-981fcbebc304,child_name,,Calendly host - 2026,Direct participant evidence
KGL651-01-A,6_10yr,2026,Jo,Jolyn Lerma,2026-09-27,2026-08-18,dea552f3-13bb-488c-953c-4b40f539b86f,8742dbc9-c7ad-478d-852a-0fb9c68a99f2,child_custom_id,,Calendly host - 2026,Direct participant evidence
KJR619-01-A,12_23_month,2026,Kowlini,Kowlini Wickramasinghe,2026-08-26,2026-08-24,0ff66c03-3aa7-46fe-9289-15d7ac2b253d,fbdaa346-913b-4c7b-8f81-584a5cab1e59,child_custom_id,,Calendly host - 2026,Direct participant evidence
KJR698-01-A,3_5yr,2026,Anna,Anna VanTubergen,2026-05-01,2026-04-21,7129b92f-370d-4868-a6f3-640a5d8df777,8884178f-4cb6-4145-9b58-c1ef748308ef,child_echo_id,,Calendly host - 2026,Direct participant evidence
KKR431-01-A,6_10yr,2026,Nicole,Nicole Lipcaman,2026-07-13,2026-06-11,38cb5068-e88c-48cc-b4b6-26d6d803e511,3c170470-6718-422c-b38d-2028cfd97d32,child_echo_id,,Calendly host - 2026,Direct participant evidence
KKT953-01-A,6_10yr,2026,Kowlini,Kowlini Wickramasinghe,2026-08-15,2026-08-11,3e35015e-2345-499e-befe-acc7ec6ec1a8,3d2248f3-0898-49da-8bd1-f8dc16cfd96d,child_custom_id,,Calendly host - 2026,Direct participant evidence
KKW154-01-A,6_10yr,2026,Nicole,Nicole Lipcaman,2026-09-14,2026-08-21,1f60d020-f61a-4745-9b3f-de60b45cf800,3140439c-36a3-46e4-87f3-679e508422a6,child_echo_id,,Calendly host - 2026,Direct participant evidence
KLK075-01-A,3_5yr,2026,Toye,Shetoye  Rice,2026-07-26,2026-06-02,7ff6023f-daf1-48fd-bd9d-b4194b6821aa,88825cf3-2a4d-4522-b714-ee42feea1522,child_name,,Calendly host - 2026,Direct participant evidence
KPJ294-01-A,11_17yr,2026,Amy,Amy Scharmen-Burgdolf,2026-07-28,2026-06-29,7e42de29-aaa1-4813-bec3-7099b28a5af9,1d60d624-7883-420c-9c10-cd32741e7fa5,child_echo_id,,Calendly host - 2026,Direct participant evidence
KPV565-01-A,11_17yr,2026,Amy,Amy Scharmen-Burgdolf,2026-05-10,2026-04-13,78ee7ddf-1f5d-418c-b25b-3241020c46dd,73c168eb-4e5f-454a-a6f8-b53829d7865a,child_echo_id,,Calendly host - 2026,Direct participant evidence
KRC117-01-A,6_10yr,2026,Toye,Shetoye  Rice,2026-07-14,2026-07-08,91c2c21a-f0ab-48bf-81db-7c880565f51a,9f35fbb0-941d-4d77-ba40-5c60860bc204,child_name,,Calendly host - 2026,Direct participant evidence
KRR544-01-A,12_23_month,2026,Jody,Jody Kendall,2026-06-01,2026-05-20,d0c43d8d-6feb-4ff7-b837-7eeaea6d8fc4,efce2dff-c471-43fa-8c98-f2c28383db1f,familyId+name,,Calendly host - 2026,Direct participant evidence
KRY635-01-A,6_10yr,2026,Jo,Jolyn Lerma,2026-04-18,2026-03-15,027676d1-e712-4a09-8584-1111e4d58fbd,76d26cee-5aa4-48b3-979a-490c41eab4a3,familyId+name,,Calendly host - 2026,Direct participant evidence
KSZ066-01-A,6_10yr,2026,Andrew,Andrew Davis,2026-09-22,2026-09-04,f723f147-7ef9-42db-ba4d-de056055629f,160eb1d1-409a-4c4e-97af-182101256ea0,child_name,,Calendly host - 2026,Direct participant evidence
KXF530-01-A,12_23_month,2026,Kowlini,Kowlini Wickramasinghe,2026-09-02,2026-08-18,6d37a6a4-4c61-4377-b75a-ae40e3f4bd21,c5174de3-4f03-4dd7-b7db-26dce1f92c74,child_custom_id,,Calendly host - 2026,Direct participant evidence
KXH001-01-A,6_10yr,2026,Kowlini,Kowlini Wickramasinghe,2026-09-03,2026-08-28,000b8376-5b04-4d76-b730-71ea31981c92,a33cc64c-4d01-4bed-a45b-1538b278edd3,child_custom_id,,Calendly host - 2026,Direct participant evidence
KZC694-01-A,6_10yr,2026,Toye,Shetoye  Rice,2026-07-01,2026-05-04,066aa367-9e1a-456b-9cf7-b829650f1f9f,0337979f-a508-4fc6-8905-d7debdff1c39,child_name,,Calendly host - 2026,Direct participant evidence
KZP212-01-A,6_10yr,2026,Kowlini,Kowlini Wickramasinghe,2026-09-18,2026-09-16,64991d5b-676b-40ce-8d0a-c50a2e0a426c,cc2ae2fa-c946-422c-b147-f1ee1a0aa649,child_custom_id,,Calendly host - 2026,Direct participant evidence
LBG473-01-A,3_5yr,2026,Toye,Shetoye  Rice,2026-04-14,2026-04-08,ffb38f98-a7ec-4d2c-ae18-104d33104651,609b9ef0-81ac-427c-bde2-8d95f1128a3f,child_name,,Calendly host - 2026,Direct participant evidence
LBZ361-01-A,12_23_month,2026,Kowlini,Kowlini Wickramasinghe,2026-09-26,2026-09-22,a6a5bdf2-fdef-45ff-a446-9232c79f8e12,9a20c70b-1835-44d8-99b9-8b02185ff3c1,child_custom_id,,Calendly host - 2026,Direct participant evidence
LCR073-01-A,6_10yr,2026,Nicole,Nicole Lipcaman,2026-08-27,2026-08-19,6ed00b98-bf56-4f80-8934-85703c69bed2,fb0d0c01-fbe7-4934-91ab-d61e7f190e48,child_echo_id,,Calendly host - 2026,Direct participant evidence
LGF333-01-A,6_10yr,2026,Jody,Jody Kendall,2026-07-24,2026-06-08,22e1d737-249f-4e53-bc43-2bdfd2b8da68,c5be322e-37dc-4fd9-b051-d6dad4235ad8,child_custom_id,,Calendly host - 2026,Direct participant evidence
LKY497-01-A,11_17yr,2026,Jo,Jolyn Lerma,2026-07-22,2026-07-06,434dd46a-dca8-41a6-a0fa-cf38dfac3bb3,eb709845-50a5-4b0c-87df-ca1aa94ef3cd,child_custom_id,,Calendly host - 2026,Direct participant evidence
LMR839-01-A,3_5yr,2026,Andrew,Andrew Davis,2026-08-31,2026-08-21,507e3af1-b294-48ea-8067-e9186a202a0a,47499136-3ded-4ef0-b70f-1f87a9d93170,child_echo_id,,Calendly host - 2026,Direct participant evidence
LNP424-01-A,3_5yr,2026,Cassie,Cassie Nickerson,2026-04-07,2026-03-31,c10cefc7-26c1-4a54-ae21-2bd29c21fc55,498302f8-ff1f-4e74-b6d6-ad648d5fb749,child_name,,Calendly host - 2026,Direct participant evidence
LNT397-01-A,12_23_month,2026,Kowlini,Kowlini Wickramasinghe,2026-08-25,2026-08-19,03be57fc-8e1c-4aee-a07c-5c335a32b42f,46144e6d-994a-4be5-bf47-3dca466af1b0,child_custom_id,,Calendly host - 2026,Direct participant evidence
LQY206-01-A,6_10yr,2026,Cassie,Cassie Nickerson,2026-06-30,2026-05-02,d5e5e0c9-06fa-42eb-8501-e69aa27ef2da,dfb55106-4ea7-4fe2-a78a-807d7cd9784e,child_name,,Calendly host - 2026,Direct participant evidence
LSV069-01-A,6_10yr,2026,Toye,Shetoye  Rice,2026-09-01,2026-07-09,b0eb9453-ccb9-4d45-912c-a2760dc119a9,874facd7-542d-4a63-a93e-6f3a231a7626,invitee_email,,Calendly host - 2026,Invitee name/email evidence
LSZ581-01-A,3_5yr,2026,Anna,Anna VanTubergen,2026-05-04,2026-04-28,5e4e6fca-49f3-49e2-a3a2-9e095e135af8,d607b9b6-c1be-4139-b6e5-65958b908454,child_name,,Calendly host - 2026,Direct participant evidence
LTS268-01-A,12_23_month,2026,Nicole,Nicole Lipcaman,2026-05-19,2026-03-23,63ec85cf-ead8-4855-bd9e-a2977dc6a45e,bab4b85e-5daa-4210-8008-65e63f3e21da,child_echo_id,,Calendly host - 2026,Direct participant evidence
LVN615-01-M,6_10yr,2026,Nicole,Nicole Lipcaman,2026-07-30,2026-07-02,c5678b0f-fabd-4507-ad1f-a7124fd739dd,65cbb9e8-06a9-4492-99ee-d332075241ab,child_echo_id,,Calendly host - 2026,Direct participant evidence
LVN615-01-N,6_10yr,2026,Nicole,Nicole Lipcaman,2026-07-30,2026-07-02,c5678b0f-fabd-4507-ad1f-a7124fd739dd,65cbb9e8-06a9-4492-99ee-d332075241ab,child_echo_id,,Calendly host - 2026,Direct participant evidence
LVR036-01-A,6_10yr,2026,Toye,Shetoye  Rice,2026-07-21,2026-06-02,abbc2f20-69ab-4e98-b013-a3a8e9e48c2a,39770641-57ca-4c67-b67f-250ce79ec0a2,invitee_email,,Calendly host - 2026,Invitee name/email evidence
LWN054-01-M,6_10yr,2026,Nicole,Nicole Lipcaman,2026-10-20,2026-08-26,19731ab2-4034-4b43-b30b-9706e23ecba8,872db0ac-75df-42f1-8a4c-0decac3cd2eb,child_name,,Calendly host - 2026,Direct participant evidence
LWN054-01-N,6_10yr,2026,Nicole,Nicole Lipcaman,2026-10-20,2026-08-26,e582a057-63db-4560-9062-59ddcd5f5883,35bd4a48-b3af-4dc3-a212-1effee73c9e1,child_name,,Calendly host - 2026,Direct participant evidence
LXZ862-01-A,3_5yr,2026,Anna,Anna VanTubergen,2026-08-10,2026-07-29,2b1544b5-b255-4e26-84b3-65d310aaff1d,c277c33f-6e54-437c-a5df-127b3cb23db6,child_name,,Calendly host - 2026,Direct participant evidence
LYC422-01-A,3_5yr,2026,Toye,Shetoye  Rice,2026-08-18,2026-06-18,eea73a7a-3c1b-4f93-b122-dc13a458ab9e,a2df0908-915e-41bb-bce5-2e93ddad3ee4,invitee_email,,Calendly host - 2026,Invitee name/email evidence
LYY018-01-A,6_10yr,2026,Andrew,Andrew Davis,2026-10-30,2026-08-31,9a955534-2278-4c38-8bb3-fa49f79958f9,c376e173-66e1-4186-b995-0b6b991ef549,child_echo_id,,Calendly host - 2026,Direct participant evidence
LZJ787-01-A,3_5yr,2026,Andrew,Andrew Davis,2026-07-27,2026-07-15,0345c191-2590-4343-9a43-fe5dd79218b1,5e61f7e8-94db-4ea0-b712-79172b5e9b5f,child_name,,Calendly host - 2026,Direct participant evidence
LZQ650-01-A,12_23_month,2026,Toye,Shetoye  Rice,2026-09-16,2026-06-24,702944ef-3184-45f7-8dc0-06b95a266bee,e53094b8-863b-407f-9bde-32143643262c,child_name,,Calendly host - 2026,Direct participant evidence
LZV055-01-A,12_23_month,2026,Nicole,Nicole Lipcaman,2026-05-19,2026-03-24,a17b8104-ed72-49ba-99af-e4772efd243e,d58c6fb9-a506-4759-ba96-e612c0e0c0cf,child_echo_id,,Calendly host - 2026,Direct participant evidence
MBB404-01-A,3_5yr,2026,Toye,Shetoye  Rice,2026-07-29,2026-06-03,ffee6898-b726-44e4-8188-1b3e93429fcd,9ae1e2e1-61f7-487a-a7ec-267af67bd057,child_name,,Calendly host - 2026,Direct participant evidence
MBC594-01-A,3_5yr,2026,Jo,Jolyn Lerma,2026-08-02,2026-06-22,43a3893c-cd75-44ce-a6fb-25ceec274f3d,40948384-6a92-4ecc-94a9-9abb1b013cbb,familyId+name,,Calendly host - 2026,Direct participant evidence
MBS013-01-A,3_5yr,2026,Toye,Shetoye  Rice,2026-08-18,2026-06-10,508b81a2-4eb3-49a7-843f-037fde9225d9,6af7b447-161b-4cc7-8dee-877d25e4ea4a,invitee_email,,Calendly host - 2026,Invitee name/email evidence
MCC047-01-A,6_10yr,2026,Kowlini,Kowlini Wickramasinghe,2026-10-24,2026-09-21,7787f2fb-052d-4576-9001-0566035151f6,bee461a6-ebbd-485e-a553-3249c3262d83,child_custom_id,,Calendly host - 2026,Direct participant evidence
MCV210-01-A,11_17yr,2026,Jo,Jolyn Lerma,2026-07-23,2026-06-15,5e7024de-4ed1-43ec-ad65-9882f92a5cf0,6a9641eb-2fbe-4436-a1f5-af2f8090f973,child_custom_id,,Calendly host - 2026,Direct participant evidence
MFB544-01-A,6_10yr,2026,Andrew,Andrew Davis,2026-09-20,2026-08-18,5baedf22-6898-4541-be26-97e35c149878,1815cfa9-7c93-4a7e-814b-2ee100690aa4,mom_id+name,,Calendly host - 2026,Direct participant evidence
MFH216-01-A,6_10yr,2026,Toye,Shetoye  Rice,2026-08-16,2026-07-29,054375c0-dfbe-44f7-b72c-b54d289afd67,bfb049d6-259a-45c9-b85e-77f4a10fb8c1,child_name,,Calendly host - 2026,Direct participant evidence
MHS537-01-A,3_5yr,2026,Anna,Anna VanTubergen,2026-05-07,2026-04-23,59c186f7-d368-45ac-b1ea-4fa145797d52,f6bd6c55-933f-40a8-89a0-9ff5a6ac7a52,child_name,,Calendly host - 2026,Direct participant evidence
MLW298-01-A,3_5yr,2026,Anna,Anna VanTubergen,2026-07-14,2026-06-19,be1c805a-8f04-4814-b907-e30d8afbf970,d264c00d-15ce-4b40-80fe-1d83550192ea,child_name,,Calendly host - 2026,Direct participant evidence
MMK311-01-A,3_5yr,2026,Jody,Jody Kendall,2026-06-03,2026-05-18,c5ccfbeb-743e-4dc3-99ca-111c0b4497fe,10efad44-a4fa-4863-b5a9-59a75e1065cb,child_custom_id,,Calendly host - 2026,Direct participant evidence
MMK311-01-N,3_5yr,2026,Jody,Jody Kendall,2026-06-03,2026-05-19,2d2a2737-c89d-49f1-bd01-c3daae07f909,593f6a51-a7da-42b7-bc9c-0d2670ef0392,child_custom_id,,Calendly host - 2026,Direct participant evidence
MMK829-01-A,3_5yr,2026,Kowlini,Kowlini Wickramasinghe,2026-08-14,2026-08-06,fa9162c7-10aa-4fe4-9c7d-9b4befe6467d,f3741797-ae24-4beb-abca-bdd5d20672d7,child_custom_id,,Calendly host - 2026,Direct participant evidence
MMV961-01-A,12_23_month,2026,Kowlini,Kowlini Wickramasinghe,2026-08-27,2026-08-22,0195a02f-3ee3-440e-93d4-3e95422680bc,86b84717-2e46-4c1f-bf08-ed26c316b9b8,child_custom_id,,Calendly host - 2026,Direct participant evidence
MPX757-01-A,3_5yr,2026,Andrew,Andrew Davis,2026-10-16,2026-09-23,ef863a52-f8b3-411c-a635-2743d76e5af4,3864383e-6f27-4b1f-bf0e-97299ab07d81,child_name,,Calendly host - 2026,Direct participant evidence
MQJ796-01-M,11_17yr,2026,Cassie,Cassie Nickerson,2026-04-01,2026-03-17,602a146c-55fd-4a18-9999-72044835bdf4,10cb663f-119b-491d-a828-01513fb2010d,child_name,,Calendly host - 2026,Direct participant evidence
MQJ796-01-N,11_17yr,2026,Cassie,Cassie Nickerson,2026-04-01,2026-03-17,574eebfd-90d4-449c-9ce5-1134a88b4edc,6b7a2136-55fd-459b-93ec-34217b347fb7,child_name,,Calendly host - 2026,Direct participant evidence
MQM950-01-A,11_17yr,2026,Jo,Jolyn Lerma,2026-10-03,2026-07-11,be91e9db-d75d-4bfb-9dbe-9022f8d7c73f,a862c77d-6c02-48fa-9e51-0e81690aab0c,child_echo_id,,Calendly host - 2026,Direct participant evidence
MRX335-01-A,6_10yr,2026,Nicole,Nicole Lipcaman,2026-08-24,2026-08-14,74233620-4efa-42a7-ac34-13c5f96716a6,b3fe3fde-146f-4ed1-83b4-2d9df2bca9a2,child_echo_id,,Calendly host - 2026,Direct participant evidence
MXB539-01-A,6_10yr,2026,Toye,Shetoye  Rice,2026-11-24,2026-09-06,a93adbae-2265-4854-97bf-d2f86d8b6c84,02b8d2d0-4178-4c58-a941-79eb6bc2d6c7,child_echo_id,,Calendly host - 2026,Direct participant evidence
MYL231-01-A,3_5yr,2026,Jody,Jody Kendall,2026-07-14,2026-05-23,aa949f35-6b92-48a4-8b0a-5bbe445522d2,30ad89e9-eb4d-4034-acb2-6e57b5a01cc4,child_custom_id,,Calendly host - 2026,Direct participant evidence
MYN399-01-A,3_5yr,2026,Jo,Jolyn Lerma,2026-07-27,2026-06-09,feda84e9-84d4-420b-9759-82adce93a5e9,35ce834b-bb82-4814-b94c-965a32108be7,familyId+name,,Calendly host - 2026,Direct participant evidence
MYP897-01-A,11_17yr,2026,Jody,Jody Kendall,2026-07-28,2026-06-03,69450def-043d-4aae-bfee-ce45cb7184ce,30481f4d-fdf5-4494-9ad1-df8f3e301cf9,child_custom_id,,Calendly host - 2026,Direct participant evidence
MYY891-01-A,6_10yr,2026,Nicole,Nicole Lipcaman,2026-06-22,2026-06-09,9e9b4c70-bb17-4924-bddb-052180de4a8e,f36f1370-597a-47a7-b6cb-fe089fd3951c,child_echo_id,,Calendly host - 2026,Direct participant evidence
NBV813-01-A,11_17yr,2026,Cassie,Cassie Nickerson,2026-03-30,2026-03-06,4a6f5f6e-5193-4792-97e3-e8e305be913d,e1a649d9-57fe-4bf7-9851-7b4355b910d3,invitee_email,,Calendly host - 2026,Invitee name/email evidence
NCG882-01-A,12_23_month,2026,Andrew,Andrew Davis,2026-08-24,2026-08-10,2ece18d1-09fd-4884-a3a1-7ac8867c2305,5cb25709-6a2e-4758-8924-8280b67c762f,child_name,,Calendly host - 2026,Direct participant evidence
NDG495-01-A,12_23_month,2026,Nicole,Nicole Lipcaman,2026-06-10,2026-06-07,b818025a-e58f-4275-9943-9bafab357337,6d4804f1-db08-42ec-a75f-aae3ffa1a1b0,child_echo_id,,Calendly host - 2026,Direct participant evidence
NDN427-01-A,6_10yr,2026,Andrew,Andrew Davis,2026-08-11,2026-07-27,d7277dfa-fc09-4b02-8669-06259b083d39,1b4a7048-25a5-4ccc-b686-6d62f75146c4,child_echo_id,,Calendly host - 2026,Direct participant evidence
NDP128-01-A,12_23_month,2026,Nicole,Nicole Lipcaman,2026-04-03,2026-03-16,334a2516-1902-4aa1-a6fd-2c831997b258,a573ebaf-8bd3-493d-8f96-0f8ba80a5df1,child_echo_id,,Calendly host - 2026,Direct participant evidence
NDX702-01-A,3_5yr,2026,Andrew,Andrew Davis,2026-07-26,2026-07-18,5280f026-6d75-4b97-863b-ab7767f36112,729e5833-4866-4096-baeb-5a2a213a3bc4,child_echo_id,,Calendly host - 2026,Direct participant evidence
NGX536-01-A,6_10yr,2026,Amy,Amy Scharmen-Burgdolf,2026-08-19,2026-07-17,5f389bf2-a6b9-4fed-9f30-b431fd26b73d,b249a4e3-eec5-4b09-b2f4-3c229d6ddd1d,child_echo_id,,Calendly host - 2026,Direct participant evidence
NHR264-01-A,6_10yr,2026,Nicole,Nicole Lipcaman,2026-06-10,2026-05-28,7d363a00-1ad8-4973-a974-8b1f7fe482ce,aa67978f-642f-427c-943b-f991bc4f2cf4,child_echo_id,,Calendly host - 2026,Direct participant evidence
NKG127-01-A,11_17yr,2026,Jo,Jolyn Lerma,2026-05-02,2026-03-11,4eeaaf08-59bb-4bc4-9799-2a816dc1d449,8878262b-5ebf-4202-ac55-2c106999ef49,child_custom_id,,Calendly host - 2026,Direct participant evidence
NMF407-01-A,11_17yr,2026,Cassie,Cassie Nickerson,2026-05-11,2026-05-07,2c20836a-b3c3-44fd-8804-6b3a8f44ec52,e07c4293-aaa9-47a0-a4d1-1cd44f975c54,child_name,,Calendly host - 2026,Direct participant evidence
NMT952-01-A,3_5yr,2026,Jo,Jolyn Lerma,2026-10-01,2026-09-16,b3fdf22b-7dcb-4660-8f19-3399043b72c7,845e5046-5c09-4b5e-9ae4-59d23bdedc7f,familyId+name,,Calendly host - 2026,Direct participant evidence
NNF727-01-A,6_10yr,2026,Nicole,Nicole Lipcaman,2026-10-26,2026-09-20,e1db1d00-4343-49cc-89d6-94c0fd22638a,3c2aba66-470c-4e79-b28d-599859b3e026,child_echo_id,,Calendly host - 2026,Direct participant evidence
NPM662-01-A,12_23_month,2026,Jody,Jody Kendall,2026-07-11,2026-05-27,dac7adae-d115-4492-88bb-45a949a350f1,804d1246-3bb6-49cb-b34a-7c2af9d88643,familyId+name,,Calendly host - 2026,Direct participant evidence
NRK711-01-A,6_10yr,2026,Toye,Shetoye  Rice,2026-05-03,2026-03-30,464c262f-a814-477d-94f2-7b4400670d07,d31cb4a5-7981-4935-96dd-ed270bb4f051,child_name,,Calendly host - 2026,Direct participant evidence
NSQ870-01-A,12_23_month,2026,Nicole,Nicole Lipcaman,2026-05-08,2026-04-02,5cb99956-8f30-4444-9b5a-7215dd03b938,d16194aa-1f49-4947-b630-efa0ec235d70,child_echo_id,,Calendly host - 2026,Direct participant evidence
NVB331-01-A,6_10yr,2026,Nicole,Nicole Lipcaman,2026-04-28,2026-03-13,eb7fffd4-04bf-48e9-994b-9f2a3fc615d0,ad76bca5-7fe3-4883-b384-a700a32cb34d,child_echo_id,,Calendly host - 2026,Direct participant evidence
NZV696-01-A,3_5yr,2026,Toye,Shetoye  Rice,2026-04-28,2026-03-14,d914afb0-cad8-45d2-b8d1-33dd5253b1f0,b127702f-ce56-45a6-a693-230cfb964f4a,child_name,,Calendly host - 2026,Direct participant evidence
PBC879-01-A,6_10yr,2026,Andrew,Andrew Davis,2026-10-04,2026-09-13,6605f6c4-7161-4139-9c7c-7072766824b0,19e01461-448e-4f08-8ebd-42f9234f7020,child_name,,Calendly host - 2026,Direct participant evidence
PBF223-01-A,11_17yr,2026,Cassie,Cassie Nickerson,2026-04-02,2026-03-27,a0a92514-5dc0-4ef4-af5e-feb79396c3d6,336872a1-fa3b-47b3-bcd8-9b9401fbf943,child_name,,Calendly host - 2026,Direct participant evidence
PDV195-01-A,11_17yr,2026,Amy,Amy Scharmen-Burgdolf,2026-09-16,2026-08-12,a5e9f940-e664-499a-b78a-cf15659286d3,3f67f511-2258-4472-a884-6d717a3ef54a,child_echo_id,,Calendly host - 2026,Direct participant evidence
PDW328-01-A,11_17yr,2026,Jo,Jolyn Lerma,2026-04-15,2026-04-01,e333a15f-3b09-423e-8719-59422ce11dfd,6c0a7c06-e202-451b-955e-fd115bba4acd,child_custom_id,,Calendly host - 2026,Direct participant evidence
PFD674-01-A,3_5yr,2026,Cassie,Cassie Nickerson,2026-09-28,2026-09-02,cd8111e7-0950-4a45-851e-232cd032e9d2,d1068731-03b8-453c-8274-f936aa7c4fc3,child_name,,Calendly host - 2026,Direct participant evidence
PGM615-01-A,12_23_month,2026,Kowlini,Kowlini Wickramasinghe,2026-08-14,2026-08-10,2e8aa7eb-8445-4084-9ce9-50809e5ca60d,b5d42a68-30da-4a86-ba50-3fc934763b41,child_custom_id,,Calendly host - 2026,Direct participant evidence
PHN877-01-A,6_10yr,2026,Nicole,Nicole Lipcaman,2026-07-16,2026-06-26,c242b3b3-1b16-47b8-befd-537da00875ea,01a331a8-18b7-4672-98ce-203232b7af88,child_echo_id,,Calendly host - 2026,Direct participant evidence
PHN877-02-A,12_23_month,2026,Nicole,Nicole Lipcaman,2026-04-06,2026-03-17,59b3c569-77f4-45f6-bd5b-5496bd8864a2,dcc62e26-2829-4b88-b197-0d9ca2ad69d8,child_echo_id,,Calendly host - 2026,Direct participant evidence
PHT777-01-A,11_17yr,2026,Jo,Jolyn Lerma,2026-06-09,2026-06-06,890360fe-f827-4997-8d96-7f37499915a6,5da418dd-6107-42ee-b57f-a2e1ef4debb9,child_name,,Calendly host - 2026,Direct participant evidence
PLD055-01-A,12_23_month,2026,Nicole,Nicole Lipcaman,2026-06-29,2026-06-17,d2689f36-401a-423b-b1e5-e42107f8f2c1,0f1c8d36-083a-4cf7-ab2c-1a13b783e647,child_echo_id,,Calendly host - 2026,Direct participant evidence
PMY376-01-A,6_10yr,2026,Toye,Shetoye  Rice,2026-09-30,2026-09-16,f52a7c31-3a2e-4705-9f8b-6b006f5e4cd1,7366b789-915b-43b3-a79a-bf5c8420a159,child_name,,Calendly host - 2026,Direct participant evidence
PND524-01-A,6_10yr,2026,Nicole,Nicole Lipcaman,2026-08-24,2026-08-01,c62659db-f84d-4110-8ddc-b5d2ecb0e189,b33e0eed-3d8e-49ef-a7be-5a27db4b48d8,child_echo_id,,Calendly host - 2026,Direct participant evidence
PPK451-01-A,3_5yr,2026,Andrew,Andrew Davis,2026-09-04,2026-08-26,01995b45-01e2-4f52-bf9a-7abbd8d82cc6,7965507a-b557-4b40-9513-9b14d9acf82f,child_echo_id,,Calendly host - 2026,Direct participant evidence
PPM461-01-A,6_10yr,2026,Jody,Jody Kendall,2026-06-01,2026-05-26,f425edb8-334f-44ba-98d2-4b42bc4f358b,38de2de6-a287-48d0-aca3-3c8575787f0a,child_name,,Calendly host - 2026,Direct participant evidence
PRD929-01-A,6_10yr,2026,Kowlini,Kowlini Wickramasinghe,2026-09-26,2026-09-22,21d16762-bb56-4f6d-b462-117a4084fc57,297598f2-29b5-4366-afa3-5bea906f5249,child_custom_id,,Calendly host - 2026,Direct participant evidence
PRH159-01-A,6_10yr,2026,Jody,Jody Kendall,2026-08-31,2026-07-09,6f5da6d5-9890-4f93-9e0d-5590aea5dcf3,a7f31495-5a45-4534-bf3d-febf313beac8,child_custom_id,,Calendly host - 2026,Direct participant evidence
PRT334-01-A,6_10yr,2026,Jo,Jolyn Lerma,2026-07-24,2026-06-03,7e678b93-9e2c-40bb-a7aa-ded183d4391d,79e16f48-b5c8-4256-867a-3278fbeb4e56,familyId+name,,Calendly host - 2026,Direct participant evidence
PTN126-01-A,6_10yr,2026,Nicole,Nicole Lipcaman,2026-07-21,2026-07-20,8dec9ac0-97e2-48f6-a157-24a80a5df085,19313b35-0326-4260-a9ef-3cecd260ed8a,child_echo_id,,Calendly host - 2026,Direct participant evidence
PXV115-01-A,6_10yr,2026,Nicole,Nicole Lipcaman,2026-06-17,2026-05-12,682f5001-8a1b-4fcd-9b61-d6ca0fced4c1,e0a00a55-24bf-4b7d-b4cf-2754128763f6,child_echo_id,,Calendly host - 2026,Direct participant evidence
PXZ071-01-A,3_5yr,2026,Toye,Shetoye  Rice,2026-06-28,2026-05-25,5af37090-30b4-4664-9734-52d2618542f6,3729ced6-67ea-47dc-ae78-88f377d8e04e,child_name,,Calendly host - 2026,Direct participant evidence
QFN151-01-A,6_10yr,2026,Amy,Amy Scharmen-Burgdolf,2026-06-07,2026-06-01,a6a30b98-5f70-4ad6-8cbd-5665ec6ca93d,ba320f00-8d4d-401c-82c7-1339fe2cb30e,child_echo_id,,Calendly host - 2026,Direct participant evidence
QGX254-01-A,3_5yr,2026,Toye,Shetoye  Rice,2026-08-19,2026-06-11,ca9c2eb8-feb3-4297-8529-44f193686300,9e016b0b-dddb-43e7-b549-13480f6b29bf,child_name,,Calendly host - 2026,Direct participant evidence
QHC467-01-A,6_10yr,2026,Toye,Shetoye  Rice,2026-07-07,2026-05-29,ebc687cd-a733-4f66-9514-9c12f6c6de52,7710d530-0820-4ce3-ab4b-0f873cc43784,child_name,,Calendly host - 2026,Direct participant evidence
QHF620-01-A,12_23_month,2026,Nicole,Nicole Lipcaman,2026-03-31,2026-03-17,b48341b2-fd3a-4097-98da-af99a0e91b78,3a5f956d-45e0-4dd7-8bd7-68e2ba91a143,child_echo_id,,Calendly host - 2026,Direct participant evidence
QHG535-01-A,6_10yr,2026,Andrew,Andrew Davis,2026-09-30,2026-09-13,a224485a-105b-4545-be68-80197385198a,55f4db55-742f-4256-a8e7-4db4ae5220e3,child_name,,Calendly host - 2026,Direct participant evidence
QHJ854-01-A,11_17yr,2026,Jo,Jolyn Lerma,2026-09-29,2026-09-03,d6c96249-3c86-431b-aaed-7ed96aa1bc34,bbbd0440-42c2-4fba-8b77-8d11dd3cf9ae,child_custom_id,,Calendly host - 2026,Direct participant evidence
QHM041-01-A,6_10yr,2026,Toye,Shetoye  Rice,2026-03-29,2026-03-17,6faa5fb6-c9e6-45ea-b07c-633b6eb77cb0,a37fe26c-1527-4d1c-a59c-e011df3530ea,child_name,,Calendly host - 2026,Direct participant evidence
QJJ178-01-A,6_10yr,2026,Nicole,Nicole Lipcaman,2026-07-16,2026-05-29,fc4e6717-a731-4f86-a6c6-6495becd2716,d1ff0bb3-0b2b-4c6f-a2c3-cc94c7c40c25,child_echo_id,,Calendly host - 2026,Direct participant evidence
QKS362-01-A,6_10yr,2026,Breanna,Breanna Kornatowski,2026-03-24,2026-03-13,b6971e69-3aeb-4f28-a875-25272e0f3e26,a0143cb6-e1fa-42c4-9326-e15f1bfce242,child_name,,Calendly host - 2026,Direct participant evidence
QLS775-01-A,3_5yr,2026,Anna,Anna VanTubergen,2026-06-26,2026-05-27,78cce255-e4b3-4f7b-b147-e0d7844f485a,bbb6b0fb-fae4-4931-a485-c69334449a87,child_name,,Calendly host - 2026,Direct participant evidence
QMG495-01-A,3_5yr,2026,Andrew,Andrew Davis,2026-08-24,2026-08-04,8ecc7469-c214-4525-a50a-e1e002c1c697,252c9764-3720-47e0-bb47-6b086ad34490,child_echo_id,,Calendly host - 2026,Direct participant evidence
QMT063-01-A,11_17yr,2026,Jo,Jolyn Lerma,2026-05-01,2026-04-22,12b63e7a-0dea-4ad2-9823-e6dab12c869b,1b6fb147-c995-4352-ae7a-aeb242e646e5,child_custom_id,,Calendly host - 2026,Direct participant evidence
QNB666-01-A,3_5yr,2026,Toye,Shetoye  Rice,2026-07-08,2026-05-27,a5ec5819-3a33-4b02-8c8a-b0df3c38ff96,b33993c4-de66-4afb-b14e-7da5fc961589,child_name,,Calendly host - 2026,Direct participant evidence
QPF716-01-A,3_5yr,2026,Andrew,Andrew Davis,2026-08-25,2026-08-21,ceb83c77-9e96-45e6-9314-d67eb8205456,efa37864-e95b-4529-b27f-d6c69560fe74,child_echo_id,,Calendly host - 2026,Direct participant evidence
QQL383-01-A,12_23_month,2026,Nicole,Nicole Lipcaman,2026-04-21,2026-03-17,9eb07781-5aec-493d-b46c-0849448d5035,62ce4387-08be-423a-a29e-a3941f9ee0a9,child_echo_id,,Calendly host - 2026,Direct participant evidence
QRD285-01-A,11_17yr,2026,Amy,Amy Scharmen-Burgdolf,2026-09-02,2026-08-10,e1b1ad76-5381-44e9-98b9-8ef5af8f3d0c,7b47ffe5-a797-4b57-891c-7e61596099a8,child_echo_id,,Calendly host - 2026,Direct participant evidence
QRK467-01-M,6_10yr,2026,Toye,Shetoye  Rice,2026-07-22,2026-06-09,7b6b4a4c-6330-4fa8-aabb-b2aea90e0261,615d450b-5adc-4d82-8036-9cf6aeea1d77,invitee_email+child_first_name,,Calendly host - 2026,Invitee name/email evidence
QRK467-01-N,6_10yr,2026,Toye,Shetoye  Rice,2026-07-26,2026-06-09,c468e8b0-22d3-4ec4-aede-6d0a9d3a0596,e44f5cdd-2ea4-4719-bad6-746e1b8a14a0,invitee_email+child_first_name,,Calendly host - 2026,Invitee name/email evidence
QTN450-01-A,3_5yr,2026,Anna,Anna VanTubergen,2026-07-07,2026-06-26,3fb73434-713b-4955-9024-b9f8d41e6f91,96c9ea6d-5518-4202-86cd-f6efe0bdc04b,child_name,,Calendly host - 2026,Direct participant evidence
QTQ022-01-A,6_10yr,2026,Andrew,Andrew Davis,2026-10-06,2026-09-01,2f1c324c-5291-4ee8-82f4-081339f9f1ad,6e7893c5-e63d-4d57-b3e2-15c1894ceebb,child_name,,Calendly host - 2026,Direct participant evidence
QVW747-01-A,12_23_month,2026,Kowlini,Kowlini Wickramasinghe,2026-09-28,2026-09-21,058de7e0-f430-4a70-bcf2-8366a75e86a6,4233d218-d33e-4003-a99c-ab666eaf2082,child_custom_id,,Calendly host - 2026,Direct participant evidence
QWF984-01-A,11_17yr,2026,Anna,Anna VanTubergen,2026-07-27,2026-07-20,4ec2fce5-0b05-4de7-8eb2-da3ffc7dea9d,6d7b70d4-7460-4231-8ff8-99738f85cf85,child_name,,Calendly host - 2026,Direct participant evidence
QYF906-01-A,6_10yr,2026,Amy,Amy Scharmen-Burgdolf,2026-08-02,2026-06-27,957d1527-7302-47d7-a84e-d61579c7e18e,57abaeed-d232-4584-b683-651b33b291cb,child_echo_id,,Calendly host - 2026,Direct participant evidence
QZD360-01-A,6_10yr,2026,Toye,Shetoye  Rice,2026-09-01,2026-07-08,c9e9500a-4352-4a6c-9b7a-c34d1d64301e,3734fbb6-38b0-4c0e-8fa7-f12a94e83763,child_name,,Calendly host - 2026,Direct participant evidence
QZP255-01-A,6_10yr,2026,Amy,Amy Scharmen-Burgdolf,2026-08-19,2026-07-24,ff54d6e5-8d16-43ba-b302-9c3d2dacb0d7,da450f64-1e34-4bd3-a969-ff98eb96ac91,child_echo_id,,Calendly host - 2026,Direct participant evidence
RBR931-01-A,11_17yr,2026,Cassie,Cassie Nickerson,2026-09-21,2026-08-05,fa5d58f6-0485-4e05-8763-7a7854e4e99d,bc0fae0b-700b-4881-9e71-93ba5a2ff5d2,child_name,,Calendly host - 2026,Direct participant evidence
RBR931-02-A,11_17yr,2026,Cassie,Cassie Nickerson,2026-09-21,2026-08-05,4f018e54-98c5-43bb-9b98-9cd80be180d2,8f269a80-905f-49e9-a0d2-1e8fbec0c995,child_name,,Calendly host - 2026,Direct participant evidence
RCH363-01-A,6_10yr,2026,Jo,Jolyn Lerma,2026-07-27,2026-06-29,586288ee-1676-45e9-9282-b968cc0198e9,7052680e-600b-4e1f-a8a1-6e3b3480d677,familyId+name,,Calendly host - 2026,Direct participant evidence
RCJ118-01-A,3_5yr,2026,Andrew,Andrew Davis,2026-10-24,2026-08-29,419b9cff-3fc6-47b6-855b-ac64fcc86050,a2637d7d-a0cd-4d97-9ff9-45501b508dec,child_echo_id,,Calendly host - 2026,Direct participant evidence
RDC147-01-A,12_23_month,2026,Nicole,Nicole Lipcaman,2026-08-25,2026-07-06,a1e15cae-8301-4b43-b37f-5e2f72fd60bd,3721214d-69c7-4b63-8d79-dcdc3773dc42,child_name,,Calendly host - 2026,Direct participant evidence
RDJ491-01-A,11_17yr,2026,Amy,Amy Scharmen-Burgdolf,2026-08-25,2026-08-03,bc947193-57d0-4141-bdf0-f1123ee74cad,b4ce9dba-ad2e-4b22-a3ab-df2e14c9e2bb,child_name,,Calendly host - 2026,Direct participant evidence
RGM456-01-A,6_10yr,2026,Nicole,Nicole Lipcaman,2026-04-27,2026-03-13,ea150069-292c-4979-9915-53a446d67700,9dc3ea90-833b-4c72-96a4-276436783dfb,child_echo_id,,Calendly host - 2026,Direct participant evidence
RGQ821-01-A,6_10yr,2026,Kowlini,Kowlini Wickramasinghe,2026-07-31,2026-07-28,082162eb-2d69-471b-b922-7902ced2ccd4,d7f8f2f2-1751-4f38-87ed-46f690cce9a2,child_custom_id,,Calendly host - 2026,Direct participant evidence
RGV560-01-A,11_17yr,2026,Jo,Jolyn Lerma,2026-08-01,2026-06-16,cd3855c9-a2ef-4d6c-9c15-f029674672a3,0eeb40d3-22ca-4d66-b163-1960ba70304e,child_custom_id,,Calendly host - 2026,Direct participant evidence
RGV560-01-B,11_17yr,2026,Jo,Jolyn Lerma,2026-08-01,2026-06-16,c9646500-2ba9-41d1-95b0-6fd5b6cadf08,5f2b4435-86e2-4fd7-b83b-3fc72f6dd029,child_custom_id,,Calendly host - 2026,Direct participant evidence
RMH180-01-A,12_23_month,2026,Nicole,Nicole Lipcaman,2026-06-04,2026-05-28,3285c7d9-cb81-4dce-898f-ef225bfaaa94,6a9deb31-c363-465c-95cb-4a5e591239a2,child_echo_id,,Calendly host - 2026,Direct participant evidence
RMX477-01-A,6_10yr,2026,Amy,Amy Scharmen-Burgdolf,2026-08-06,2026-07-15,108a8e14-aaa1-4ec5-8eb8-efe8cb67eaa1,584234fd-af43-458a-8cc3-976d897f0102,child_echo_id,,Calendly host - 2026,Direct participant evidence
RNV741-01-A,11_17yr,2026,Cassie,Cassie Nickerson,2026-06-30,2026-06-13,b6084069-6f4f-4dc3-8021-2dfd77c2be6c,242744fa-e9f8-4a64-bffa-cbd793e47ea5,child_custom_id,,Calendly host - 2026,Direct participant evidence
RPS818-01-A,6_10yr,2026,Amy,Amy Scharmen-Burgdolf,2026-09-20,2026-08-09,845accbb-2ea0-40a5-8103-1d7be2874611,794875f8-9301-4454-9afc-18a6a50be8f1,child_echo_id,,Calendly host - 2026,Direct participant evidence
RQS085-01-A,3_5yr,2026,Andrew,Andrew Davis,2026-07-20,2026-07-16,e5a17eb8-6a27-42ee-b1b7-89102b5ccf27,8d003615-4873-4e53-8414-14591c863c38,child_name,,Calendly host - 2026,Direct participant evidence
RQT437-01-A,6_10yr,2026,Jo,Jolyn Lerma,2026-10-02,2026-09-16,b8857ba8-3f29-491b-ae28-d6cc33a29153,0c96ac28-97f8-4533-911b-d167455f19e4,familyId+name,,Calendly host - 2026,Direct participant evidence
RQY432-01-A,3_5yr,2026,Andrew,Andrew Davis,2026-08-10,2026-07-22,1bc6b0f5-a6c0-4b70-8044-e3e9d6a87227,c41ea1ea-6a8d-4ca2-86ca-05022c8d5353,child_echo_id,,Calendly host - 2026,Direct participant evidence
RRB727-01-A,12_23_month,2026,Nicole,Nicole Lipcaman,2026-09-15,2026-09-08,3d76f92f-2002-44a0-94fb-954df43339ef,014e48e2-4193-4a09-a57b-150e7025e622,child_echo_id,,Calendly host - 2026,Direct participant evidence
RVT795-01-A,6_10yr,2026,Nicole,Nicole Lipcaman,2026-08-25,2026-07-21,0b9034b2-9583-4a9a-b8be-7db7f66577a6,a1681184-0ef1-4fef-90b0-1a335fcc95bd,child_echo_id,,Calendly host - 2026,Direct participant evidence
RWC339-01-M,11_17yr,2026,Amy,Amy Scharmen-Burgdolf,2026-05-12,2026-04-28,18be97fe-c70d-4d20-a9cd-e52695b858ae,9e189dd6-bcee-441d-a4e0-37276cb690c1,child_echo_id,,Calendly host - 2026,Direct participant evidence
RWP288-01-A,3_5yr,2026,Toye,Shetoye  Rice,2026-06-03,2026-05-07,ec8f3c2d-c9c1-4b2d-810a-dd97244b3555,6ed1401e-5aa8-48ae-a8b8-42d79b4dce3c,child_name,,Calendly host - 2026,Direct participant evidence
RWP821-01-A,6_10yr,2026,Kowlini,Kowlini Wickramasinghe,2026-08-26,2026-08-17,e7c43d6f-e3bd-43a0-8d87-6b3101dd384e,f23c5f99-40d6-4d4e-91f3-e463b2e11f5e,child_custom_id,,Calendly host - 2026,Direct participant evidence
RWR771-01-A,11_17yr,2026,Amy,Amy Scharmen-Burgdolf,2026-09-16,2026-08-06,724dc51e-168d-477b-843b-f6b65c483403,06ab4a49-5996-4e5e-a8cd-5c8e76a3fb29,child_echo_id,,Calendly host - 2026,Direct participant evidence
RYB389-01-A,3_5yr,2026,Andrew,Andrew Davis,2026-09-28,2026-09-17,b508643b-880f-42eb-ae3e-d3a1fe824650,48dd2217-2c18-409d-a6fe-dbb3b91d8a55,child_echo_id,,Calendly host - 2026,Direct participant evidence
RYB389-01-N,3_5yr,2026,Andrew,Andrew Davis,2026-09-28,2026-09-17,b508643b-880f-42eb-ae3e-d3a1fe824650,48dd2217-2c18-409d-a6fe-dbb3b91d8a55,child_echo_id,,Calendly host - 2026,Direct participant evidence
RYF448-01-A,6_10yr,2026,Andrew,Andrew Davis,2026-08-13,2026-08-09,91f3ddc3-c04e-4685-af35-5c831f029df8,81530fc9-f40d-4f6e-b4c0-02437772b268,child_name,,Calendly host - 2026,Direct participant evidence
RZS580-01-A,12_23_month,2026,Nicole,Nicole Lipcaman,2026-04-04,2026-04-01,82987558-dda9-4601-bdb0-4717f72a69cb,a9076ed0-515e-44df-ace1-3bb09553ee52,child_echo_id,,Calendly host - 2026,Direct participant evidence
SBB001-01-A,6_10yr,2026,Nicole,Nicole Lipcaman,2026-10-16,2026-08-21,b3d9a515-76f1-4da7-9dce-30dc1601470d,f41652ca-5174-44fb-ab91-3e0348e54962,child_name,,Calendly host - 2026,Direct participant evidence
SBH525-01-A,12_23_month,2026,Nicole,Nicole Lipcaman,2026-04-28,2026-03-17,71168c74-bb0c-4287-bb0d-278f136c5b45,88cf96e5-df71-4c3d-b9a4-6011093abb99,child_echo_id,,Calendly host - 2026,Direct participant evidence
SBS453-01-A,11_17yr,2026,Cassie,Cassie Nickerson,2026-07-21,2026-06-16,0aa686a3-b4d3-4c5d-afab-f803b3fa705e,a3621926-f86c-4c5c-aa11-1d84134b5e24,child_name,,Calendly host - 2026,Direct participant evidence
SCB433-01-A,11_17yr,2026,Jo,Jolyn Lerma,2026-08-02,2026-07-06,c3acc4c1-f84f-41b2-9b8c-0bc964187b83,fb300700-5416-4ca8-8a26-9f89727b5390,child_custom_id,,Calendly host - 2026,Direct participant evidence
SDT653-01-A,6_10yr,2026,Andrew,Andrew Davis,2026-08-27,2026-08-25,028755cf-8110-4f94-9a69-8675ae1c4075,7a59887c-bd13-4d28-bcaa-c8a2717e485f,child_echo_id,,Calendly host - 2026,Direct participant evidence
SGS765-01-A,6_10yr,2026,Nicole,Nicole Lipcaman,2026-06-23,2026-06-02,557de83d-5af5-4e53-80bd-0757d9e69c90,9bbc5da5-a1df-40ab-bfa1-6d27609da5de,child_echo_id,,Calendly host - 2026,Direct participant evidence
SJH036-01-A,12_23_month,2026,Kowlini,Kowlini Wickramasinghe,2026-09-18,2026-09-14,b97856e1-7f4e-4296-b34a-c393fef4e4b1,50c72058-8297-4363-aaf3-18ac5d9104bf,child_custom_id,,Calendly host - 2026,Direct participant evidence
SJJ920-01-A,6_10yr,2026,Nicole,Nicole Lipcaman,2026-08-31,2026-07-15,46e56532-dbfd-41bf-8def-6a56b09838d5,a1ffdedf-7326-4c4f-b87c-c9cc36e90a98,child_echo_id,,Calendly host - 2026,Direct participant evidence
SJZ725-01-A,6_10yr,2026,Anna,Anna VanTubergen,2026-08-11,2026-08-04,87ba09b9-fc33-4633-a75f-c0a92c67d2ca,1617e761-d599-4806-9e06-a9828f6248a2,child_name,,Calendly host - 2026,Direct participant evidence
SKD083-01-A,3_5yr,2026,Anna,Anna VanTubergen,2026-05-14,2026-04-29,16fbc4c8-98dd-4c43-9639-d38dc90478d1,a87b2540-4718-4411-869c-094177e59e5a,child_name,,Calendly host - 2026,Direct participant evidence
SKR563-01-A,6_10yr,2026,Nicole,Nicole Lipcaman,2026-06-23,2026-05-28,e6d46707-a571-4491-a952-1f33eea33723,050875bb-d007-46cd-b9aa-170f3f06797f,child_echo_id,,Calendly host - 2026,Direct participant evidence
SMQ889-01-A,12_23_month,2026,Kowlini,Kowlini Wickramasinghe,2026-08-10,2026-08-07,75dc0259-29d5-4dd3-a1ee-2d76b2826268,8e3be090-6e21-4b97-8d56-a1a29fee0783,child_custom_id,,Calendly host - 2026,Direct participant evidence
SNJ492-01-N,11_17yr,2026,Cassie,Cassie Nickerson,2026-06-15,2026-05-20,e42c9d47-1886-4128-b152-1d71a1e6b250,3d8f02b3-2149-4011-ba16-aefee77f9715,child_name,,Calendly host - 2026,Direct participant evidence
SNV833-01-A,11_17yr,2026,Cassie,Cassie Nickerson,2026-08-10,2026-06-26,51f5a332-8b7f-485d-abcb-e7425d596c8d,997dd009-4e8a-462a-b86b-e2da5b534c3f,child_name,,Calendly host - 2026,Direct participant evidence
SPR662-01-A,6_10yr,2026,Nicole,Nicole Lipcaman,2026-03-26,2026-03-10,49a25482-199c-4f45-8d1a-9bccdfd633d1,639a4ca6-0c61-4682-a9ed-770fdd89503e,child_echo_id,,Calendly host - 2026,Direct participant evidence
SSN103-01-A,6_10yr,2026,Nicole,Nicole Lipcaman,2026-04-03,2026-03-12,5e3576fa-cfe1-4592-ae20-6de2da070457,6d9ef038-e815-42d6-b763-1a84286476c5,child_echo_id,,Calendly host - 2026,Direct participant evidence
SSX741-01-A,6_10yr,2026,Breanna,Breanna Kornatowski,2026-07-29,2026-07-22,bf9296e2-aaab-411c-8096-a7924656c12a,f9f4e4f3-15ed-4681-a8b1-7704c6ea53f7,child_name,,Calendly host - 2026,Direct participant evidence
STQ126-01-A,11_17yr,2026,Jo,Jolyn Lerma,2026-07-22,2026-06-29,2b772e3a-4b98-49b3-9f6a-1f9e59792edf,726d3c43-6154-4456-8f91-3addfaf6d1eb,child_custom_id,,Calendly host - 2026,Direct participant evidence
STZ858-01-A,3_5yr,2026,Anna,Anna VanTubergen,2026-05-27,2026-04-16,c63c8354-3a93-4fc6-a441-da5fa36ad7be,c5969256-b892-4789-80a8-be5d0a2b591e,child_name,,Calendly host - 2026,Direct participant evidence
SYJ996-01-M,6_10yr,2026,Toye,Shetoye  Rice,2026-04-26,2026-03-19,3cce8d3e-f09e-4a3a-804f-475092268715,e5da1a66-a826-451e-a10b-339d36696100,child_name,,Calendly host - 2026,Direct participant evidence
SYJ996-01-N,6_10yr,2026,Toye,Shetoye  Rice,2026-04-01,2026-03-19,d8ac3b0c-89b0-4366-917c-bfe77d3244e0,b91caff2-cb93-4f42-ac4d-741da66b2ea2,child_name,,Calendly host - 2026,Direct participant evidence
SYW884-01-A,12_23_month,2026,Nicole,Nicole Lipcaman,2026-09-03,2026-08-27,493e331f-2d09-4655-be06-bd977438f4b2,3172a72f-fa62-4652-a2d3-377c09b259ab,child_echo_id,,Calendly host - 2026,Direct participant evidence
SZF435-01-A,11_17yr,2026,Amy,Amy Scharmen-Burgdolf,2026-09-01,2026-08-18,8540397d-3f3e-4836-a4e4-2c23532d3ebb,46419e25-7490-475f-aa42-fdeeaf5dd394,child_echo_id,,Calendly host - 2026,Direct participant evidence
TCH588-01-A,3_5yr,2026,Jody,Jody Kendall,2026-08-12,2026-06-29,d79bd407-ed95-4138-8c2f-a54c5ddf8018,4bfaf5aa-7f52-4ec5-b85b-25002020def3,child_custom_id,,Calendly host - 2026,Direct participant evidence
TDX359-01-A,12_23_month,2026,Nicole,Nicole Lipcaman,2026-04-27,2026-03-17,ac11479b-6565-4041-b53b-49478fad1764,3b52da22-5a15-425c-8aae-cc0d1e1f52e3,child_echo_id,,Calendly host - 2026,Direct participant evidence
TDY935-01-A,6_10yr,2026,Jody,Jody Kendall,2026-03-08,2026-03-05,7fe7b015-cf8b-44fa-b778-8fb6d54ba6de,a8bf352c-7c89-4ce8-b1f8-d2fe669005d3,invitee_email,,Calendly host - 2026,Invitee name/email evidence
TFH187-01-A,6_10yr,2026,Kowlini,Kowlini Wickramasinghe,2026-08-06,2026-07-27,d3f843e8-e6af-4731-ab59-25533add8f0f,d1c73920-f681-4f57-bb99-137e5ae3cb82,child_custom_id,,Calendly host - 2026,Direct participant evidence
TGD969-01-A,11_17yr,2026,Amy,Amy Scharmen-Burgdolf,2026-04-07,2026-03-29,86c30ca4-50ce-4fde-b630-f8bbe202f270,1386384b-ddd4-4d0f-8d4e-c1839d8a0810,child_echo_id,,Calendly host - 2026,Direct participant evidence
TGY183-01-A,6_10yr,2026,Amy,Amy Scharmen-Burgdolf,2026-03-15,2026-03-08,8dd43a98-0a1d-4d0d-bb0b-d1df9a7652e1,7f7ae89f-80b2-40e2-af9c-ac95032687e9,invitee_email,,Calendly host - 2026,Invitee name/email evidence
THL624-01-A,11_17yr,2026,Cassie,Cassie Nickerson,2026-07-12,2026-06-07,031aa6fa-b397-4329-952a-da399edc0e8f,fdf6d5bd-1c5c-4b42-a3ac-0811c9230344,child_echo_id,,Calendly host - 2026,Direct participant evidence
TKF056-01-A,6_10yr,2026,Toye,Shetoye  Rice,2026-08-04,2026-06-18,8cf674db-a0a0-48a9-83c1-9f97d62db3a0,0aad0336-52fa-40c8-8516-4415b53e5682,child_name,,Calendly host - 2026,Direct participant evidence
TKY175-01-A,6_10yr,2026,Breanna,Breanna Kornatowski,2026-07-27,2026-07-09,4e932f91-68a6-477d-95a7-9901b63d71be,7ef7107e-35fd-46a8-aa72-ca0b4f554918,child_name,,Calendly host - 2026,Direct participant evidence
TLP747-01-A,6_10yr,2026,Nicole,Nicole Lipcaman,2026-03-11,2026-03-04,12ee19b3-ceb1-4f56-9ceb-b86ff0c28948,aa8c0673-f3ed-4ce5-86dd-95844ed96429,child_echo_id,,Calendly host - 2026,Direct participant evidence
TMB738-01-A,6_10yr,2026,Nicole,Nicole Lipcaman,2026-05-15,2026-03-20,817597ef-6371-4eb4-984e-8ede7a6f606d,52012630-2d2a-490b-8625-82374a53a893,child_echo_id,,Calendly host - 2026,Direct participant evidence
TNZ700-01-A,6_10yr,2026,Nicole,Nicole Lipcaman,2026-04-21,2026-03-10,d7065133-5f4c-4051-93ba-5d2bf5d4ee83,fedda9b1-c717-4085-bf5b-fd2d118f0a45,child_echo_id,,Calendly host - 2026,Direct participant evidence
TPN036-01-A,3_5yr,2026,Toye,Shetoye  Rice,2026-04-28,2026-04-22,0428832d-90f7-4dac-a3c3-dada44dc2f1b,dbd7bb31-cb18-48ed-b21f-3657fd28908e,child_echo_id,,Calendly host - 2026,Direct participant evidence
TPW315-01-A,12_23_month,2026,Kowlini,Kowlini Wickramasinghe,2026-09-18,2026-09-11,a6b7cea8-b44e-4f64-b7b7-cf1f1e63d60c,b6c391cf-1154-453a-8132-7c4829483507,child_custom_id,,Calendly host - 2026,Direct participant evidence
TQC990-01-A,11_17yr,2026,Cassie,Cassie Nickerson,2026-07-08,2026-07-06,179a68ed-69ae-4f77-b413-ce21b43a0635,c9824a8c-82c6-4a5a-8857-ac50f89e72f1,child_name,,Calendly host - 2026,Direct participant evidence
TQW013-01-A,11_17yr,2026,Amy,Amy Scharmen-Burgdolf,2026-05-05,2026-04-28,1533f1d9-aa49-4304-afe9-cb7855574a19,c1944615-882f-4e69-b96d-dd93ec413a6b,child_echo_id,,Calendly host - 2026,Direct participant evidence
TQW993-01-A,3_5yr,2026,Toye,Shetoye  Rice,2026-09-16,2026-07-06,6cfd794d-db0f-436c-95ec-c54b20245982,e1800b28-8e78-4fab-a8e0-f6d0c090f550,child_name,,Calendly host - 2026,Direct participant evidence
TSC574-01-A,6_10yr,2026,Nicole,Nicole Lipcaman,2026-04-03,2026-03-13,0c0d67c0-e775-4130-8a7c-5123eeeb57e5,2e815760-c48b-4b35-89b3-170cbebdd5ff,child_name,,Calendly host - 2026,Direct participant evidence
TSN328-01-M,6_10yr,2026,Kowlini,Kowlini Wickramasinghe,2026-09-08,2026-09-01,1a7ea16e-6907-441d-8927-a3a431249387,637ff9ff-f154-45f4-b839-dfa477fda720,child_custom_id,,Calendly host - 2026,Direct participant evidence
TSN328-01-N,6_10yr,2026,Kowlini,Kowlini Wickramasinghe,2026-08-29,2026-08-25,6ebddc05-2e53-4053-974f-790537eab0d9,8b08e024-ae7e-48c2-9ed5-404b089335a3,child_custom_id,,Calendly host - 2026,Direct participant evidence
TTG223-01-A,6_10yr,2026,Andrew,Andrew Davis,2026-07-30,2026-07-27,938e27f7-ffeb-458a-ae33-db67ba0765b6,85131236-707f-4bfb-86e5-28d32d238507,child_echo_id,,Calendly host - 2026,Direct participant evidence
TWK336-01-A,11_17yr,2026,Cassie,Cassie Nickerson,2026-04-27,2026-04-23,d75a12d8-c42b-473e-a0ce-1b4a902f3d00,c30cf528-6191-4ac2-964b-352837fe3011,child_name,,Calendly host - 2026,Direct participant evidence
TWT305-01-A,6_10yr,2026,Nicole,Nicole Lipcaman,2026-08-05,2026-07-13,fc73a2a8-ec0e-472b-a92d-a4637bca6052,ca901d7c-c357-4cae-935b-a570a83e14aa,child_echo_id,,Calendly host - 2026,Direct participant evidence
TXF197-01-A,6_10yr,2026,Amy,Amy Scharmen-Burgdolf,2026-04-12,2026-03-10,bcf60066-b6f9-44c4-9d23-ae03b23a7f03,64a3e2ff-2f16-4798-8639-e267c6686bef,invitee_email,,Calendly host - 2026,Invitee name/email evidence
TXR417-01-A,11_17yr,2026,Cassie,Cassie Nickerson,2026-07-20,2026-06-17,b490936e-01b1-45c4-8759-d3888edf0793,17b86c7f-7f59-42f9-aa41-2da00986818a,child_name,,Calendly host - 2026,Direct participant evidence
TYJ533-01-A,11_17yr,2026,Amy,Amy Scharmen-Burgdolf,2026-06-10,2026-05-19,e6e8bedc-fdcd-4cd3-b381-2e50aed25b03,13726338-ea49-46dc-b774-5544e846580b,child_echo_id,,Calendly host - 2026,Direct participant evidence
TZB922-01-A,12_23_month,2026,Jody,Jody Kendall,2026-06-07,2026-04-12,3b785995-9388-4ac1-b47d-32f01979ddc3,1dfc5fa3-d629-49eb-af7a-b1ec0c1b8ff9,child_custom_id,,Calendly host - 2026,Direct participant evidence
VBK954-01-A,6_10yr,2026,Toye,Shetoye  Rice,2026-04-02,2026-03-06,9ad2ef41-c553-4766-813f-2e1bf49f071c,77246ade-9069-4d7a-91e9-a008d57da277,invitee_email,,Calendly host - 2026,Invitee name/email evidence
VBZ802-01-A,11_17yr,2026,Amy,Amy Scharmen-Burgdolf,2026-08-25,2026-07-17,92b5563d-afb9-4e07-9765-5b9bccfa2257,f66ea5cb-c473-4241-a1e0-a9a34ec28d98,child_name,,Calendly host - 2026,Direct participant evidence
VCK629-01-A,6_10yr,2026,Amy,Amy Scharmen-Burgdolf,2026-09-20,2026-07-15,25f9b7cd-97c8-4ee9-9c7b-96580c76bab4,f53dcf50-4b7a-4bb6-85fb-548a4777ceea,child_echo_id,,Calendly host - 2026,Direct participant evidence
VDF655-01-A,3_5yr,2026,Anna,Anna VanTubergen,2026-04-08,2026-03-31,a305fbd1-4016-426a-ba0d-faaf1cb7ef91,2957dcc0-9bdc-4662-b43a-d1a2537a0214,invitee_email,,Calendly host - 2026,Invitee name/email evidence
VDW156-01-A,3_5yr,2026,Anna,Anna VanTubergen,2026-05-22,2026-05-20,57abac37-1118-4103-ba1c-6beaf2970c4d,59906cc3-e4ae-444f-858e-fd0a5d48b381,child_name,,Calendly host - 2026,Direct participant evidence
VDW899-01-A,12_23_month,2026,Nicole,Nicole Lipcaman,2026-08-25,2026-07-17,79aa890f-4499-4b9c-90d7-12272c5733e2,e9a9e931-bb26-4f9c-8ce9-974afe9b7fad,child_echo_id,,Calendly host - 2026,Direct participant evidence
VDW899-01-B,12_23_month,2026,Nicole,Nicole Lipcaman,2026-08-25,2026-07-17,79aa890f-4499-4b9c-90d7-12272c5733e2,e9a9e931-bb26-4f9c-8ce9-974afe9b7fad,child_echo_id,,Calendly host - 2026,Direct participant evidence
VFR138-01-A,11_17yr,2026,Cassie,Cassie Nickerson,2026-08-17,2026-08-10,a0325537-f4cf-43f1-a503-99a5dc01553e,d312e14c-5353-4f27-95f7-b3f83297088d,child_name,,Calendly host - 2026,Direct participant evidence
VHC022-01-A,6_10yr,2026,Jody,Jody Kendall,2026-04-03,2026-03-11,e1a8895e-72fd-41e4-9c0d-f29c9e1475aa,d62870e7-4da0-40f8-af18-3c40148717c4,invitee_child_name,,Calendly host - 2026,Invitee name/email evidence
VHR109-01-A,6_10yr,2026,Jody,Jody Kendall,2026-06-15,2026-04-24,756cc412-c1de-4017-a12c-d9debe2220cc,442df9cc-54b7-4357-8bfc-37e61be035f9,child_name,,Calendly host - 2026,Direct participant evidence
VHR369-01-A,6_10yr,2026,Cassie,Cassie Nickerson,2026-05-17,2026-05-06,ba280bc5-9881-4663-91ff-ca6bea7b0690,01e0b39f-7fd7-4c31-8564-60fd9dbb0d3a,child_name,,Calendly host - 2026,Direct participant evidence
VKF111-01-A,3_5yr,2026,Andrew,Andrew Davis,2026-09-22,2026-09-17,59d6bfde-7b9d-476e-883e-8121b79f55a8,48ce96d4-da58-4279-8868-1a76e51e0bb5,child_echo_id,,Calendly host - 2026,Direct participant evidence
VKG640-01-A,3_5yr,2026,Andrew,Andrew Davis,2026-09-04,2026-09-01,92fc26a0-01d2-497d-8644-158186bd8bbf,701d327b-c04b-4e41-9df0-766c7bb2cbc0,child_echo_id,,Calendly host - 2026,Direct participant evidence
VKP009-01-A,11_17yr,2026,Amy,Amy Scharmen-Burgdolf,2026-08-26,2026-07-21,1d5d8de7-2dee-424b-bd1e-344c7de6d503,25057157-3dd1-42de-abfe-f9af2bb13f11,child_echo_id,,Calendly host - 2026,Direct participant evidence
VKY771-01-A,6_10yr,2026,Cassie,Cassie Nickerson,2026-04-25,2026-03-20,497330ba-0530-4ee1-9d7e-b5ff583521d4,dc4f1e1e-589e-46e0-a2aa-64eb16512103,child_echo_id,,Calendly host - 2026,Direct participant evidence
VLD311-01-A,3_5yr,2026,Anna,Anna VanTubergen,2026-05-01,2026-04-28,cf3725b1-591d-4b90-8f9f-7a8d6a36e65b,ec2a592d-b417-4702-8c11-7a87d66f7a96,child_name,,Calendly host - 2026,Direct participant evidence
VLQ825-01-A,12_23_month,2026,Nicole,Nicole Lipcaman,2026-07-15,2026-06-14,47232da4-1961-439a-8c5d-62617e1db9ca,aeb3af56-ca31-4adf-80b2-ea08882bc6c8,child_echo_id,,Calendly host - 2026,Direct participant evidence
VLZ486-01-A,3_5yr,2026,Nicole,Nicole Lipcaman,2026-11-17,2026-09-21,2b58454f-2524-4ea8-87d7-424fc3febebc,a96b40a7-277c-49e7-abba-1fb0dcebbc1a,child_echo_id,,Calendly host - 2026,Direct participant evidence
VMF570-01-A,6_10yr,2026,Toye,Shetoye  Rice,2026-06-16,2026-04-27,b4a9585d-ba89-4a06-bf97-99253aa30fb9,eafeddc2-cba0-47f9-8f97-9bf0ae88add3,child_name,,Calendly host - 2026,Direct participant evidence
VNC365-01-A,3_5yr,2026,Toye,Shetoye  Rice,2026-04-22,2026-04-13,33862d2d-f3a9-48b4-afe2-54d4f3ab5b9a,458766fc-b841-48ee-9299-c996ff48448b,child_name,,Calendly host - 2026,Direct participant evidence
VQJ770-01-A,11_17yr,2026,Jo,Jolyn Lerma,2026-07-22,2026-07-06,4f4fa9f2-3562-439c-b109-ec61e5adffc9,6749eec5-6b17-402a-ae53-b7fd52b74f74,child_custom_id,,Calendly host - 2026,Direct participant evidence
VQX210-01-A,6_10yr,2026,Nicole,Nicole Lipcaman,2026-03-13,2026-03-13,db62effe-4912-4edb-bed5-4297d0e314ff,9e0db6d3-7041-43ac-a0ff-84d2210878d1,child_echo_id,,Calendly host - 2026,Direct participant evidence
VRN902-01-A,3_5yr,2026,Anna,Anna VanTubergen,2026-07-24,2026-07-08,3f0b74ee-3224-402a-a68d-11378b3f2642,7e794ee0-b98d-4de6-afc7-1f8f8a964dec,child_name,,Calendly host - 2026,Direct participant evidence
VRS810-01-A,6_10yr,2026,Jo,Jolyn Lerma,2026-03-26,2026-03-10,91e2008c-864f-4efe-831a-bba56f92ec56,5c794e9c-17f4-4c69-bb71-6aeaff7cb0af,invitee_email,,Calendly host - 2026,Invitee name/email evidence
VST318-01-A,11_17yr,2026,Cassie,Cassie Nickerson,2026-03-31,2026-03-11,8b7b472b-d2b3-49e8-a0fc-aa0b471a455c,5107a792-f665-4cfb-bd70-c92fc515d1ce,invitee_email,,Calendly host - 2026,Invitee name/email evidence
VVL844-01-A,3_5yr,2026,Jody,Jody Kendall,2026-08-05,2026-06-23,edfdc861-9c01-4354-a4ca-f3cd1cae5664,404ea61c-f168-4926-829e-1e1b585ae911,child_custom_id,,Calendly host - 2026,Direct participant evidence
VWP009-01-A,6_10yr,2026,Toye,Shetoye  Rice,2026-06-07,2026-04-30,f29813d2-ca72-4fe0-9610-33677da42546,07892c74-6afb-4d1a-838f-a8633e3569ad,child_echo_id,,Calendly host - 2026,Direct participant evidence
VXC743-01-A,6_10yr,2026,Nicole,Nicole Lipcaman,2026-03-31,2026-03-12,209806f1-046f-4c7f-8c69-94fd6aa99d0d,ee03a02c-b222-4e33-b52c-deabc091eed4,child_echo_id,,Calendly host - 2026,Direct participant evidence
VXN541-01-A,6_10yr,2026,Toye,Shetoye  Rice,2026-08-05,2026-06-08,b3589f77-4553-4f93-aa12-4a2fc7595ff5,c1ad3ae3-5b33-403d-a0b0-b94526f52426,child_name,,Calendly host - 2026,Direct participant evidence
VZB638-01-A,11_17yr,2026,Cassie,Cassie Nickerson,2026-08-17,2026-07-08,1924e24b-e892-4b6b-9b06-013e2a8aa7bc,d2c002da-7d69-46de-9863-92ff0c4b242b,child_name,,Calendly host - 2026,Direct participant evidence
VZB638-02-A,11_17yr,2026,Amy,Amy Scharmen-Burgdolf,2026-06-03,2026-05-20,bf4e19c9-6157-4cca-83e5-0ca71c90ad2e,ceec728f-f9e5-4ad8-9bf8-f294281f2024,child_name,,Calendly host - 2026,Direct participant evidence
VZY119-01-A,12_23_month,2026,Jody,Jody Kendall,2026-08-22,2026-06-17,497bc93a-f55d-4d98-9943-32573da0743b,d4e8f765-1a49-4fda-aa1e-29e7068be1e8,familyId+name,,Calendly host - 2026,Direct participant evidence
WBH589-01-A,11_17yr,2026,Cassie,Cassie Nickerson,2026-09-27,2026-08-06,cc5346e8-e830-4d79-a5e7-ad8f2c097898,1f962e6b-65ba-4909-af41-75b820a3733d,child_name,,Calendly host - 2026,Direct participant evidence
WDM136-01-A,3_5yr,2026,Toye,Shetoye  Rice,2026-09-15,2026-06-28,8f48d651-c02f-45f3-b3dc-f4f5aeaae088,948ff16f-604d-494a-b9e0-def5b1674f91,child_name,,Calendly host - 2026,Direct participant evidence
WDS605-01-A,6_10yr,2026,Nicole,Nicole Lipcaman,2026-08-06,2026-07-07,bbf23cb9-2bd5-4f48-bbcd-2c9ca17cc6e6,65b40535-e834-4ea4-9e62-e38f7f74992a,child_echo_id,,Calendly host - 2026,Direct participant evidence
WDV681-01-A,11_17yr,2026,Jody,Jody Kendall,2026-09-20,2026-09-12,166e24ec-754b-4d32-96c8-b8888639521a,c852c6a1-1e1f-4425-bb7c-e8adb8784155,child_custom_id,,Calendly host - 2026,Direct participant evidence
WDV681-02-A,11_17yr,2026,Jody,Jody Kendall,2026-09-20,2026-09-12,bcd89241-acf7-4edb-93d1-06a2630e9b7c,3400d37c-1304-4833-82e7-7777ce17fe9e,child_custom_id,,Calendly host - 2026,Direct participant evidence
WFB144-01-A,3_5yr,2026,Toye,Shetoye  Rice,2026-03-29,2026-03-13,00169304-7e72-4cc7-8423-d4a0c19d20dc,3867bb16-a569-4e35-8900-f0cb61cbda69,child_name,,Calendly host - 2026,Direct participant evidence
WFK499-01-A,11_17yr,2026,Cassie,Cassie Nickerson,2026-07-12,2026-05-21,456f0490-c78d-4cf3-9911-6fb8004244ee,7ad5886d-b635-4b3d-9bbb-46d58ae05f27,child_name,,Calendly host - 2026,Direct participant evidence
WFY450-01-A,6_10yr,2026,Toye,Shetoye  Rice,2026-04-26,2026-03-06,e38b0a5f-6b92-4397-b6dc-7e747f9ba8da,df999278-f69f-4c12-a4d8-607edd30ba0f,invitee_email,,Calendly host - 2026,Invitee name/email evidence
WGH698-01-A,3_5yr,2026,Anna,Anna VanTubergen,2026-07-28,2026-07-21,630815dd-0c8e-403c-9152-ce5d21815649,3639ba7f-a154-4f77-9b5a-7bea49aa451d,child_name,,Calendly host - 2026,Direct participant evidence
WGJ956-01-A,11_17yr,2026,Amy,Amy Scharmen-Burgdolf,2026-07-28,2026-07-06,bf48be57-23ac-4cc1-b5e4-153a1d0158c7,9dd1a285-a2ea-42bd-99ef-ae5375d9b4a0,child_echo_id,,Calendly host - 2026,Direct participant evidence
WGX824-01-A,6_10yr,2026,Andrew,Andrew Davis,2026-07-24,2026-07-14,6963db19-7283-446b-95ff-ee2275c89cbb,9c0b7725-57ae-41fe-a104-c4b3eca858e1,child_echo_id,,Calendly host - 2026,Direct participant evidence
WHW151-01-A,11_17yr,2026,Cassie,Cassie Nickerson,2026-04-27,2026-03-31,0caf9561-f528-4a36-8437-de6ba5c6ad00,a204af69-4830-4557-8981-56b016740d35,child_echo_id,,Calendly host - 2026,Direct participant evidence
WKB507-01-A,6_10yr,2026,Toye,Shetoye  Rice,2026-03-31,2026-03-17,e5b0f112-5eb1-4ec9-8e55-1e325e5cd73b,09c744c2-8825-4f75-b163-12f3c4190d27,child_name,,Calendly host - 2026,Direct participant evidence
WKM586-01-A,11_17yr,2026,Jo,Jolyn Lerma,2026-07-23,2026-06-15,7d1dc942-8a91-475c-8994-86ec77238ff2,4efa636e-b9f2-41d0-81ff-a964e236c515,child_custom_id,,Calendly host - 2026,Direct participant evidence
WKR328-01-A,11_17yr,2026,Amy,Amy Scharmen-Burgdolf,2026-03-13,2026-03-06,d562b055-d3e4-47d9-a620-b9c45209734d,4a3d91b9-b53a-4d7f-9b9f-daf7f652a232,invitee_email,,Calendly host - 2026,Invitee name/email evidence
WKW938-01-A,3_5yr,2026,Kowlini,Kowlini Wickramasinghe,2026-09-08,2026-08-25,7d414d09-0886-400d-a0ae-bf2f622fa055,ee7115c9-1950-49a6-9138-04bb598bfd5c,child_custom_id,,Calendly host - 2026,Direct participant evidence
WLB161-01-A,6_10yr,2026,Anna,Anna VanTubergen,2026-06-17,2026-06-11,796945c5-a29b-447b-a610-135f92fed69a,489c3f19-9ef4-4f53-8cce-0d7a19b994fb,child_name,,Calendly host - 2026,Direct participant evidence
WMJ798-01-A,6_10yr,2026,Cassie,Cassie Nickerson,2026-03-31,2026-03-13,ec5dbdc9-6548-42f9-b928-e2882112cb53,f473e6fc-89d4-4ebc-adc1-a08b1a2f7eb8,child_name,,Calendly host - 2026,Direct participant evidence
WMX146-01-A,11_17yr,2026,Cassie,Cassie Nickerson,2026-08-16,2026-06-26,b47c2373-d681-4f4f-aae2-df599d29a970,828e4db7-d4bd-41a5-a2e5-26ed74df94a8,child_name,,Calendly host - 2026,Direct participant evidence
WSG161-01-A,12_23_month,2026,Nicole,Nicole Lipcaman,2026-05-06,2026-04-02,dbb884af-16be-47b1-ac6f-8d7b8b017b28,d074cdcc-7eec-4d8c-a2d7-b2416080bb6d,child_echo_id,,Calendly host - 2026,Direct participant evidence
WTN483-01-A,6_10yr,2026,Jody,Jody Kendall,2026-07-01,2026-06-30,c44d90cf-17de-4a01-938f-4df7df1d7eb3,8c3b627e-1346-41c0-a8cc-da7df1081bdb,child_custom_id,,Calendly host - 2026,Direct participant evidence
WTX564-01-A,6_10yr,2026,Toye,Shetoye  Rice,2026-08-18,2026-06-28,893c6d9b-a0b1-456d-8e2a-a0d23310bd7f,30f6c7b0-7e58-432b-8a49-87dec63863d0,child_name,,Calendly host - 2026,Direct participant evidence
WVD031-01-A,6_10yr,2026,Amy,Amy Scharmen-Burgdolf,2026-09-02,2026-09-01,434dc8cd-7947-4429-8e84-a21f898111bc,fc164e44-a6b0-483e-bab9-3265db466ebc,child_echo_id,,Calendly host - 2026,Direct participant evidence
WXD665-01-A,6_10yr,2026,Jody,Jody Kendall,2026-08-05,2026-06-23,3c07c35b-c40c-4105-8666-c25d6a39ca5d,b5b3eb9d-db75-409b-9b33-119beaa2e89c,child_name,,Calendly host - 2026,Direct participant evidence
WYG353-01-A,11_17yr,2026,Cassie,Cassie Nickerson,2026-04-02,2026-03-17,d254ea15-5669-4c25-88f6-83c42aa3033d,2c010965-f1ae-4967-80de-70dea06ca4d5,child_name,,Calendly host - 2026,Direct participant evidence
WYL000-01-A,6_10yr,2026,Jody,Jody Kendall,2026-04-06,2026-03-12,3816c051-2ad3-4cff-b875-cfdc31169970,ead7f4da-634e-42af-b552-b69855439db5,invitee_email,,Calendly host - 2026,Invitee name/email evidence
WYN485-01-A,6_10yr,2026,Jody,Jody Kendall,2026-03-13,2026-03-04,d5114b0a-e891-495f-baf8-5b9f91c8eb0f,fc811c96-6927-4a1c-9ec8-8b317f47717a,invitee_email,,Calendly host - 2026,Invitee name/email evidence
WYR002-01-A,6_10yr,2026,Nicole,Nicole Lipcaman,2026-03-27,2026-03-04,7a110963-16f5-4c6f-bd08-47a5902d8c80,c19b2d80-faeb-455c-80b8-b12ab62effa6,child_echo_id,,Calendly host - 2026,Direct participant evidence
WYZ100-01-A,11_17yr,2026,Cassie,Cassie Nickerson,2026-04-03,2026-03-18,4ea862c9-0f75-47ef-9d1b-e082a75f9dc0,2f03ed5f-72d5-4de7-a59b-13c7004e0af2,child_name,,Calendly host - 2026,Direct participant evidence
WZT929-01-A,6_10yr,2026,Jody,Jody Kendall,2026-04-19,2026-03-12,e90186e6-1bb2-4bbb-a0b4-053422abf1e2,b3936f2f-444c-431a-913f-ca50fccaab9e,invitee_email,,Calendly host - 2026,Invitee name/email evidence
XDF604-01-A,6_10yr,2026,Cassie,Cassie Nickerson,2026-04-27,2026-03-20,597adbe7-1ef1-4574-a278-afe0f6aea880,6d4d7fa5-1e1a-4deb-b582-24c975b468fa,child_echo_id,,Calendly host - 2026,Direct participant evidence
XDR789-01-A,11_17yr,2026,Jo,Jolyn Lerma,2026-09-27,2026-08-18,8336e6b0-1a6b-4aca-8731-760f3dda60e5,2ecbbc2c-56db-4068-99cb-4929a5ba7be8,child_custom_id,,Calendly host - 2026,Direct participant evidence
XFN825-01-A,11_17yr,2026,Amy,Amy Scharmen-Burgdolf,2026-09-22,2026-08-23,6e6b14b2-e04f-4dca-ace5-9ed5620ebba0,8d6911fe-c5c2-41c4-b03d-df45a6f4f2a0,child_name,,Calendly host - 2026,Direct participant evidence
XFQ902-01-A,11_17yr,2026,Cassie,Cassie Nickerson,2026-07-06,2026-06-15,ecccf04b-8348-49fc-bed3-38cd2e97a6ba,0509ee7c-ac5d-47ff-b4ca-8fdda1cda5fd,child_name,,Calendly host - 2026,Direct participant evidence
XGT908-01-A,3_5yr,2026,Andrew,Andrew Davis,2026-08-31,2026-07-28,aa6f4e52-d2a1-4d91-b4ae-4ac59540ee62,a1f5e88f-aa83-4c29-b4ed-7de7ea5817c9,child_echo_id,,Calendly host - 2026,Direct participant evidence
XHP409-01-A,6_10yr,2026,Nicole,Nicole Lipcaman,2026-09-01,2026-07-30,85116332-6080-4522-9980-60c3704dcc27,f5f17839-7a5c-4eea-8f03-587da2487b06,child_echo_id,,Calendly host - 2026,Direct participant evidence
XKF863-01-A,11_17yr,2026,Cassie,Cassie Nickerson,2026-05-04,2026-04-16,66845280-dcbc-465c-98f7-4502cf3a4c55,466090d8-e0dd-411f-a33d-ea1fb23a9159,child_custom_id,,Calendly host - 2026,Direct participant evidence
XKQ019-01-A,12_23_month,2026,Nicole,Nicole Lipcaman,2026-05-15,2026-03-17,de7425f3-6afc-435b-9e5b-c8dde7cf2090,02edffef-c78e-4bfb-80f1-dd14915d4153,child_echo_id,,Calendly host - 2026,Direct participant evidence
XMH232-01-A,6_10yr,2026,Jo,Jolyn Lerma,2026-07-24,2026-06-01,0284bd6c-5093-424c-9cd0-8c4802a3eb5d,64431e52-2b8e-4a92-9d6e-b2583711cc60,child_custom_id,,Calendly host - 2026,Direct participant evidence
XMR094-01-A,3_5yr,2026,Toye,Shetoye  Rice,2026-06-10,2026-05-19,ccdc2f11-ec54-4b3f-a477-a14aedd67d0e,4c83b099-e00c-436c-8ec0-6aee4e9b0141,invitee_email,,Calendly host - 2026,Invitee name/email evidence
XQD155-01-A,6_10yr,2026,Nicole,Nicole Lipcaman,2026-06-29,2026-06-19,5d19302b-198f-49f0-8e36-cdb6c1808ee7,bb26e56a-ca50-443c-8418-bcb84c6f5237,child_echo_id,,Calendly host - 2026,Direct participant evidence
XRM042-01-A,11_17yr,2026,Cassie,Cassie Nickerson,2026-03-16,2026-03-09,f1cfb369-495e-4691-9a32-4663d1d9c702,41b37cf7-1389-4fc7-85dd-aec41509739c,invitee_child_name,,Calendly host - 2026,Invitee name/email evidence
XRZ528-01-A,11_17yr,2026,Cassie,Cassie Nickerson,2026-04-20,2026-03-31,6aeb4c44-b3bb-4a4d-9452-07ea97bec2cc,15ad3d34-7d09-4a5e-8a05-c1f9c522d324,child_echo_id,,Calendly host - 2026,Direct participant evidence
XSP178-01-A,12_23_month,2026,Nicole,Nicole Lipcaman,2026-10-27,2026-09-09,b0981bf9-acd3-474d-8270-4f9fb6b5f71c,43e886a1-6a13-4ef2-b455-24da5816e6c3,child_echo_id,,Calendly host - 2026,Direct participant evidence
XSQ553-01-A,3_5yr,2026,Andrew,Andrew Davis,2026-09-29,2026-09-17,abf978ef-6c3c-45a2-bd08-151f06e54437,d001890d-1c2d-4dca-9b71-ba05aeb6e94a,child_echo_id,,Calendly host - 2026,Direct participant evidence
XTH804-01-A,6_10yr,2026,Toye,Shetoye  Rice,2026-07-07,2026-06-02,596561a4-0add-4632-85a5-a34b31d6f9aa,e46740af-b677-42ab-910a-7863ceeed18c,child_name,,Calendly host - 2026,Direct participant evidence
XTP134-01-A,6_10yr,2026,Nicole,Nicole Lipcaman,2026-03-30,2026-03-07,db5b16c1-2d66-4b36-81cf-d45ac0a28c52,467a84df-36ff-43b0-9463-57af5b7f6873,child_echo_id,,Calendly host - 2026,Direct participant evidence
XTR824-01-A,3_5yr,2026,Anna,Anna VanTubergen,2026-05-22,2026-05-06,8c964337-38a4-4f40-b87c-6709e05c5da8,b581915b-0794-43c7-bb9b-6f0462a57045,child_name,,Calendly host - 2026,Direct participant evidence
XVF774-01-A,6_10yr,2026,Jody,Jody Kendall,2026-05-03,2026-03-30,e1e88172-3212-4dce-b2d7-938f73af92b0,eeb3321a-5d50-403d-ad03-f9b8c94ad3ff,child_name,,Calendly host - 2026,Direct participant evidence
XVL743-01-A,6_10yr,2026,Jody,Jody Kendall,2026-05-14,2026-05-13,0b970025-d558-4ae7-8bea-a1fcebaea683,b0df4654-248b-42f7-a973-29559ee2536c,child_custom_id,,Calendly host - 2026,Direct participant evidence
XXW639-01-A,6_10yr,2026,Nicole,Nicole Lipcaman,2026-03-27,2026-03-12,0e055396-ffcd-465d-9efb-44d6c4692af2,d0ee7e4d-47e4-4ac2-b89c-7c029e9b271a,child_echo_id,,Calendly host - 2026,Direct participant evidence
XYN414-01-A,12_23_month,2026,Nicole,Nicole Lipcaman,2026-05-08,2026-03-26,aed2329d-bf75-4607-8f15-e384991e5c8e,7e2aa195-6615-473e-8112-67a10073a474,child_echo_id,,Calendly host - 2026,Direct participant evidence
XYW274-01-A,6_10yr,2026,Toye,Shetoye  Rice,2026-06-17,2026-04-28,09930578-7afe-4ace-bf2c-dbc802f559a1,e832e66d-432f-480f-a244-2aa944d972c5,child_name,,Calendly host - 2026,Direct participant evidence
XZN379-01-A,3_5yr,2026,Kowlini,Kowlini Wickramasinghe,2026-08-22,2026-08-13,fadcd2f3-b1aa-4bb3-be32-c57123bdc551,36ca4f22-21d9-4f0d-8f78-8d3c34ae284d,child_custom_id,,Calendly host - 2026,Direct participant evidence
YDC739-01-A,6_10yr,2026,Nicole,Nicole Lipcaman,2026-09-03,2026-08-27,e9a370d3-617e-40e4-b46c-4213017f5a50,b51249dd-6c9c-4cbc-8cdc-9fad810ba63c,child_echo_id,,Calendly host - 2026,Direct participant evidence
YDD017-01-A,3_5yr,2026,Jody,Jody Kendall,2026-05-19,2026-04-01,6762cf74-a12c-4641-a6d0-28295e04718d,78d64bec-19b0-48f7-a05b-79b67cac111b,child_custom_id,,Calendly host - 2026,Direct participant evidence
YDW028-01-A,3_5yr,2026,Anna,Anna VanTubergen,2026-05-12,2026-04-24,8ee8ee8a-4453-4785-bf89-1337f1f91a41,2f8cecea-d271-4adc-9305-474d40208cbb,child_name,,Calendly host - 2026,Direct participant evidence
YGB645-01-A,3_5yr,2026,Andrew,Andrew Davis,2026-08-13,2026-08-08,76e3acda-94d1-4f37-bebd-831afd88c796,623cf468-dd85-4eb6-889a-84013b755019,child_echo_id,,Calendly host - 2026,Direct participant evidence
YGQ976-01-A,12_23_month,2026,Toye,Shetoye  Rice,2026-09-13,2026-07-08,dc988772-00cb-4a1b-93f9-d6beb3d2ecb6,e00745e4-170e-45ad-aa78-cefca5343061,child_name,,Calendly host - 2026,Direct participant evidence
YHF868-01-A,11_17yr,2026,Cassie,Cassie Nickerson,2026-08-31,2026-07-31,7d10afc6-98f5-4ae2-a112-2b5d3fa06e90,3619e39c-24f8-40f9-93d1-383c76592166,child_name,,Calendly host - 2026,Direct participant evidence
YJD781-01-A,6_10yr,2026,Nicole,Nicole Lipcaman,2026-03-30,2026-03-10,dc7735f2-30b9-442b-a381-1d2aefcd7ca8,8ad7c488-faea-47f9-ab61-3226e4d3a995,child_echo_id,,Calendly host - 2026,Direct participant evidence
YLG694-01-A,11_17yr,2026,Jo,Jolyn Lerma,2026-07-25,2026-06-15,e1db7d22-e4da-449c-86f9-5c7355e8c9fb,84202492-e36d-463c-a86c-49a889007d48,child_custom_id,,Calendly host - 2026,Direct participant evidence
YLV944-01-A,6_10yr,2026,Toye,Shetoye  Rice,2026-03-31,2026-03-23,8a9586ad-cc29-4fdc-b093-45371605e8fc,c9644e3f-c589-4694-9dc6-b8fb2eb63ab7,child_name,,Calendly host - 2026,Direct participant evidence
YMF346-01-A,12_23_month,2026,Nicole,Nicole Lipcaman,2026-04-06,2026-03-17,fde2dc71-36f4-4d35-bb95-a037f6891a70,f5f7541a-9905-4c66-929f-f4c708d96748,child_echo_id,,Calendly host - 2026,Direct participant evidence
YMP799-01-A,12_23_month,2026,Nicole,Nicole Lipcaman,2026-04-06,2026-03-23,e1cc12cd-5881-4aa6-96a5-1be4d6962ca5,d979b571-5ff5-450f-a34d-f7aea74ea3a9,child_echo_id,,Calendly host - 2026,Direct participant evidence
YMS783-01-A,3_5yr,2026,Jody,Jody Kendall,2026-07-01,2026-06-09,f6e5ec07-40cb-429a-91e8-5c91b3615d0a,93995b12-87c2-4c7f-8fb5-f64582354850,child_custom_id,,Calendly host - 2026,Direct participant evidence
YND734-01-A,12_23_month,2026,Nicole,Nicole Lipcaman,2026-04-28,2026-03-17,c782712d-5cbe-4d77-bbcd-3d69fd66c982,a714a9f9-19b8-48f4-a8ab-eb0f4ddca8fd,child_echo_id,,Calendly host - 2026,Direct participant evidence
YNQ580-01-A,3_5yr,2026,Anna,Anna VanTubergen,2026-05-29,2026-05-22,6eeeba74-cbd3-4476-9a8a-4d3d276b52b9,d6144e59-3393-40f9-962d-fe08f2d1f11e,child_name,,Calendly host - 2026,Direct participant evidence
YNZ000-01-A,6_10yr,2026,Cassie,Cassie Nickerson,2026-03-09,2026-03-07,946be3c6-b3dd-4810-9819-1c0cc8ddb4ec,8e36cab9-4079-4309-b190-f0458a23b1cb,invitee_email,,Calendly host - 2026,Invitee name/email evidence
YNZ445-01-A,6_10yr,2026,Andrew,Andrew Davis,2026-08-26,2026-08-12,333dcba7-84eb-4844-beb4-aa46a4d82c79,502bfe5e-1e00-47f6-8b8e-43bedb927d99,child_echo_id,,Calendly host - 2026,Direct participant evidence
YPB464-01-A,12_23_month,2026,Jody,Jody Kendall,2026-04-27,2026-04-02,e2970a92-ee8d-49d0-abe8-b3ea14332a27,cdd0d4aa-52a8-4378-b524-092a53f8f707,child_custom_id,,Calendly host - 2026,Direct participant evidence
YSL489-01-A,11_17yr,2026,Cassie,Cassie Nickerson,2026-08-31,2026-07-30,a79e7d11-c702-4b32-865c-fae1467aaea7,1cfc7278-1827-4e47-a010-fe6daba9ff20,child_name,,Calendly host - 2026,Direct participant evidence
YWL484-01-A,11_17yr,2026,Jo,Jolyn Lerma,2026-09-28,2026-09-02,6d30e7b6-7c8e-4c5b-ad2d-8d265df7641a,81c857af-8bff-495f-82e2-3aa8a9b560b5,child_custom_id,,Calendly host - 2026,Direct participant evidence
YWZ475-01-A,3_5yr,2026,Anna,Anna VanTubergen,2026-06-05,2026-04-10,ee0fee35-b23c-48a7-9bd0-d885f48c4ecd,7c1ee3a2-962b-4af9-b9c4-47c7e23863c3,child_name,,Calendly host - 2026,Direct participant evidence
YWZ529-01-A,6_10yr,2026,Toye,Shetoye  Rice,2026-05-14,2026-04-21,68d33bf4-753c-4b14-baeb-7817cf0e2477,13e28f3d-f6c9-4a6e-b06d-35d4375eda8d,child_name,,Calendly host - 2026,Direct participant evidence
YXL848-01-A,11_17yr,2026,Jo,Jolyn Lerma,2026-03-25,2026-03-20,b833c498-363a-4ca2-a2fa-734cf5118799,c1f2e744-f8bf-4980-9c50-0f5e12dbec41,mom_id+name,,Calendly host - 2026,Direct participant evidence
YXY517-01-A,11_17yr,2026,Jody,Jody Kendall,2026-08-03,2026-06-15,51ec00b2-be8a-4189-919c-432e106cd7e8,e6d782e0-e9cb-45a8-88ac-0dfdb6cd163c,child_custom_id,,Calendly host - 2026,Direct participant evidence
YYB078-01-A,12_23_month,2026,Kowlini,Kowlini Wickramasinghe,2026-08-23,2026-08-21,2892807d-c77a-42de-9eaf-44cda25bd59c,8e5e625c-54b3-407e-a7f6-95cbd1115031,familyId+name,,Calendly host - 2026,Direct participant evidence
YYJ169-01-A,6_10yr,2026,Toye,Shetoye  Rice,2026-03-19,2026-03-11,53e9939e-ae8a-47ef-a16e-852228ac284a,a26217e3-47a8-4508-94db-d35d7754f340,invitee_child_name,,Calendly host - 2026,Invitee name/email evidence
ZBF912-01-A,6_10yr,2026,Cassie,Cassie Nickerson,2026-03-30,2026-03-04,99dd9aa3-6762-4cc6-85d7-c9f19d2e75fa,66825b53-5c07-4db0-bf66-ea6685e7abdb,invitee_email,,Calendly host - 2026,Invitee name/email evidence
ZCR636-01-A,3_5yr,2026,Anna,Anna VanTubergen,2026-06-25,2026-06-16,d0742cc2-7d7c-47c0-92a2-7946b7e648e5,85a84493-747b-49f9-8513-087f28ffa280,child_name,,Calendly host - 2026,Direct participant evidence
ZDZ857-01-A,6_10yr,2026,Amy,Amy Scharmen-Burgdolf,2026-05-26,2026-04-25,bf5af180-37db-4489-b084-001ce30c6497,c094039e-0ad2-466e-894c-16a30917b435,child_echo_id,,Calendly host - 2026,Direct participant evidence
ZFP512-01-A,3_5yr,2026,Toye,Shetoye  Rice,2026-05-19,2026-04-24,a0b8d47d-403b-44f8-b764-ac90e7a7386e,b1907407-2758-4451-b980-2a6ad46d9de9,child_name,,Calendly host - 2026,Direct participant evidence
ZGB387-01-A,6_10yr,2026,Andrew,Andrew Davis,2026-10-30,2026-09-14,295bb3fb-540d-4841-9065-1aa870bbf09d,100ebd1f-c4a2-4c9b-95c4-845d7db5f611,child_name,,Calendly host - 2026,Direct participant evidence
ZGQ068-01-A,3_5yr,2026,Jody,Jody Kendall,2026-06-07,2026-04-28,63642713-3642-4788-b5d6-4872e2784f38,b0861f0b-e72d-4f74-97e8-0247c19e2152,familyId+name,,Calendly host - 2026,Direct participant evidence
ZHQ218-01-A,6_10yr,2026,Toye,Shetoye  Rice,2026-06-03,2026-05-06,2080989f-9202-413f-94ed-f7425c5c7e80,7a7b2531-26b0-4cdc-99c4-9b0098641216,child_name,,Calendly host - 2026,Direct participant evidence
ZHX342-01-A,3_5yr,2026,Toye,Shetoye  Rice,2026-04-22,2026-04-14,e450f574-3c63-4190-b4e0-d2d88d455e46,de421e3e-4cbe-434d-9e07-fbbc326d338d,child_name,,Calendly host - 2026,Direct participant evidence
ZND119-01-A,6_10yr,2026,Nicole,Nicole Lipcaman,2026-03-30,2026-03-04,89f36cc9-d8df-4c71-aae6-f9833e8bd40e,401300c3-ebf2-45a4-8c30-634bf94155a8,child_echo_id,,Calendly host - 2026,Direct participant evidence
ZNQ676-01-A,11_17yr,2026,Cassie,Cassie Nickerson,2026-05-03,2026-03-30,2ada8477-2288-4bd7-b2c3-db1330ebffcd,4bd4e66b-52e0-45a5-92f3-0f80b1b08660,child_echo_id,,Calendly host - 2026,Direct participant evidence
ZPR445-01-A,11_17yr,2026,Cassie,Cassie Nickerson,2026-03-30,2026-03-24,1e5d57db-236b-4565-b47e-91cf7d962770,945e628a-f57d-4f68-93b6-38671ff48b99,child_name,,Calendly host - 2026,Direct participant evidence
ZPX220-01-A,11_17yr,2026,Jo,Jolyn Lerma,2026-08-03,2026-07-07,d43b460c-2b7f-467b-b96a-026d755fe2d5,761dfbad-a563-43f2-bf9b-118faf41e93a,child_custom_id,,Calendly host - 2026,Direct participant evidence
ZQN091-01-A,6_11_month,2026,Nicole,Nicole Lipcaman,2026-09-18,2026-08-27,cd1406c2-f53e-4a5c-9aba-7863e4ab7cf8,564faf4b-34cb-45b6-a030-b5a19423725c,child_echo_id,,Calendly host - 2026,Direct participant evidence
ZQT032-01-A,11_17yr,2026,Jody,Jody Kendall,2026-07-14,2026-05-20,456ed321-088c-4f24-b9ed-2f628f3a49da,583adb0f-4d52-4d28-bed1-df71cd925336,child_name,,Calendly host - 2026,Direct participant evidence
ZRD863-01-A,3_5yr,2026,Toye,Shetoye  Rice,2026-05-14,2026-04-09,5dc7fd32-5fb4-4c2a-aed7-af5427e2431b,d4856cbc-98ff-4911-9be7-25a0869cb82a,child_name,,Calendly host - 2026,Direct participant evidence
ZVD237-01-A,12_23_month,2026,Jody,Jody Kendall,2026-09-11,2026-09-04,aa61e674-1bd7-4bd1-ba4a-1298c051af20,38520872-97e2-47a3-bdc2-9cca7beb0861,familyId+name,,Calendly host - 2026,Direct participant evidence
ZVQ878-01-A,3_5yr,2026,Toye,Shetoye  Rice,2026-08-05,2026-06-10,dac3adbb-0c93-438f-a7b3-1981799c5173,0e7072fa-a351-4e96-8315-ce9e5e8da3b6,child_name,,Calendly host - 2026,Direct participant evidence
ZVV604-01-A,6_10yr,2026,Nicole,Nicole Lipcaman,2026-03-31,2026-03-10,976e1e6f-c9cb-484f-b4a1-e490ae2490da,a4634569-e36e-42ff-87b2-dfb9c983c2f4,child_echo_id,,Calendly host - 2026,Direct participant evidence
ZVX302-01-A,6_10yr,2026,Nicole,Nicole Lipcaman,2026-06-22,2026-05-19,ebfbf711-d198-4c22-8679-bf142f070eba,78a52c75-c058-41e2-9fde-a2333adafbde,child_echo_id,,Calendly host - 2026,Direct participant evidence
ZZZ654-01-A,6_10yr,2026,Andrew,Andrew Davis,2026-08-08,2026-07-19,fb326e7d-7b9b-41e1-891e-a1ebe3037af0,bbac5b92-27a2-4cfa-b57d-3725a9794896,child_echo_id,,Calendly host - 2026,Direct participant evidence
BGB558-01-A,6_10yr,2025,Nicole,Nicole Lipcaman,2025-12-12,2025-11-13,320534c7-0bbf-4d24-a4aa-eb62bc1c17c4,1889b128-d8c7-4f5c-ae4f-e0cae9c1db66,invitee_email,,Calendly host - 2025,Invitee name/email evidence
BGT851-01-A,6_10yr,2025,Toye,Shetoye  Rice,2025-10-07,2025-09-18,0aef7c31-9ccf-49a4-b55a-12291337b5e8,378e7eef-22c1-4b17-a62e-7142fd8eedbe,invitee_email,,Calendly host - 2025,Invitee name/email evidence
BKK569-01-A,6_10yr,2025,Jody,Jody Kendall,2025-06-18,2025-06-13,5e9fbe96-c504-432d-a1fa-fc1f24505048,75a831a2-f76d-4835-80b8-ee9d19626e29,invitee_email,,Calendly host - 2025,Invitee name/email evidence
BKV315-01-A,11_17yr,2025,Cassie,Cassie Nickerson,2025-07-16,2025-06-30,4ed6ac00-c66d-4339-86fe-056d7ecdb8c3,88bf74a1-f7dd-4b73-8633-2f8fd047aac1,invitee_email,,Calendly host - 2025,Invitee name/email evidence
BPT625-01-A,6_10yr,2025,Toye,Shetoye  Rice,2025-09-26,2025-09-16,3b870243-987a-4029-b433-2d05ee8648bf,232e80d6-3fde-4e48-8379-6ba6b0392482,invitee_email,,Calendly host - 2025,Invitee name/email evidence
BQW274-01-A,24_35_month,2025,Amy,Amy Scharmen-Burgdolf,2025-11-19,2025-10-22,34753534-aab5-4128-aeab-e297132379d0,6d4ccbea-17c8-4913-ada4-99db59c1cafb,invitee_email,,Calendly host - 2025,Invitee name/email evidence
BRC337-01-A,6_10yr,2025,Nicole,Nicole Lipcaman,2025-08-29,2025-08-14,727b9008-e203-404a-bd8d-9f2287a8f0be,3a14e319-15ce-499c-973d-3481167fb2fa,invitee_email,,Calendly host - 2025,Invitee name/email evidence
BTK197-01-A,6_10yr,2025,Nicole,Nicole Lipcaman,2025-08-01,2025-07-16,8fa9187c-dbfc-4ed4-9489-2f22959b8b10,887b9ba0-a5e2-449b-b6e9-0ec61f79cb69,invitee_child_name,,Calendly host - 2025,Invitee name/email evidence
CBL718-01-A,6_10yr,2025,Nicole,Nicole Lipcaman,2025-08-26,2025-08-01,e6cb9873-f4e8-4b08-84c4-18d7606557e8,1cdfefad-6a77-4fa9-a9d8-999da1d0d483,invitee_email,,Calendly host - 2025,Invitee name/email evidence
CDD765-01-A,6_10yr,2025,Nicole,Nicole Lipcaman,2025-11-24,2025-11-22,6e51c48a-ae9c-481e-880e-ec0019107e30,1f434dc1-818e-410e-a5b0-c0abfe74fa7f,invitee_email,,Calendly host - 2025,Invitee name/email evidence
CGC327-01-A,6_10yr,2025,Jody,Jody Kendall,2025-09-30,2025-09-08,6ea9b0ac-3cbf-41b0-b799-92a2810f9726,265a493b-6fae-4187-9b86-1c8f4515c6f5,invitee_email,,Calendly host - 2025,Invitee name/email evidence
CGT416-01-A,11_17yr,2025,Jo,Jolyn Lerma,2025-08-16,2025-07-07,22ecfc0c-f9d1-4216-90eb-c9e30db76fec,5897939e-050c-4d94-87b8-3fd759b89402,invitee_email,,Calendly host - 2025,Invitee name/email evidence
CHL989-01-A,6_10yr,2025,Nicole,Nicole Lipcaman,2025-07-22,2025-07-14,a68f12af-fb1c-4059-8fcb-b751c3552f19,c1452761-6d5e-4408-9ab9-df4844b549d0,invitee_child_name,,Calendly host - 2025,Invitee name/email evidence
CLP827-01-A,6_10yr,2025,Breanna,Breanna Kornatowski,2025-08-08,2025-07-19,348941c2-e6c6-4d08-902b-e7bc1732ccb7,cb698226-0da6-465d-a37f-23fbab3b53e4,invitee_child_name,,Calendly host - 2025,Invitee name/email evidence
CLX467-01-A,6_10yr,2025,Cassie,Cassie Nickerson,2025-09-07,2025-08-04,7e3f5bd7-b511-498a-ac2a-1bae0b30923c,cb8e8e22-2b6d-4042-bc91-447dc64d5b1e,invitee_child_name,,Calendly host - 2025,Invitee name/email evidence
CMC548-01-A,24_35_month,2025,Jody,Jody Kendall,2025-08-09,2025-07-09,f1e69442-d815-400d-a221-82c8551be003,4923b348-110b-498b-aac7-d0c3c169d4f7,invitee_email,,Calendly host - 2025,Invitee name/email evidence
CNC205-01-A,6_10yr,2025,Nicole,Nicole Lipcaman,2025-11-22,2025-11-06,bc78f3fb-2e24-43f4-a063-34ed938a8dd0,75fc7dfc-a650-4199-a206-31ebd7617816,invitee_email,,Calendly host - 2025,Invitee name/email evidence
CRB612-01-A,24_35_month,2025,Toye,Shetoye  Rice,2025-10-14,2025-09-23,fc16666c-3d39-49bc-830b-c7d7a0c84b90,61460b1e-5a5d-46f6-8bf5-8378fe812fe8,invitee_child_name,,Calendly host - 2025,Invitee name/email evidence
CRN594-01-A,11_17yr,2025,Cassie,Cassie Nickerson,2025-12-12,2025-12-11,7ef51fa4-4be2-4919-be32-2fe4d80517d6,a61fc996-ed12-4b2d-9449-962b2dd4c388,invitee_email,,Calendly host - 2025,Invitee name/email evidence
CSC443-01-A,6_10yr,2025,Nicole,Nicole Lipcaman,2025-07-21,2025-07-10,3f85ceba-f6f5-4c15-b9a6-a1f1c4a3cd70,706d3ded-57a3-41b5-89b5-5673b43fe0a4,invitee_child_name,,Calendly host - 2025,Invitee name/email evidence
CSG043-01-A,11_17yr,2025,Amy,Amy Scharmen-Burgdolf,2025-10-26,2025-09-29,0f56c135-c242-4729-ba0a-61fff0790a4b,f7ffd031-7a8e-4534-89f7-117608ee5fbe,invitee_child_name,,Calendly host - 2025,Invitee name/email evidence
CSQ415-01-A,6_10yr,2025,Nicole,Nicole Lipcaman,2025-10-28,2025-10-03,ee0e7ed2-b0ec-4c6c-b1b8-c5b37be725bf,e3f9f2aa-1c5f-4e51-b979-05b562972da2,invitee_child_name,,Calendly host - 2025,Invitee name/email evidence
CTD272-01-A,6_10yr,2025,Nicole,Nicole Lipcaman,2025-09-07,2025-08-05,9f5a1db3-9fcc-497b-86ca-2ebdd6ddef2c,f9c1f40f-f5fa-45b1-a637-876637882427,invitee_email,,Calendly host - 2025,Invitee name/email evidence
CVH085-01-A,6_10yr,2025,Jody,Jody Kendall,2025-07-30,2025-07-17,c1e0f4cd-0112-4931-afe0-7ede217ec4d7,5595468d-c526-41ad-9bb9-44bd2c686cd4,invitee_child_name,,Calendly host - 2025,Invitee name/email evidence
CVW990-01-A,6_10yr,2025,Amy,Amy Scharmen-Burgdolf,2025-10-14,2025-09-27,b7eadaa7-cb50-43fa-bd5b-d802e6896fe6,2d90612e-d215-479d-a78b-d53e968e03c7,invitee_child_name,,Calendly host - 2025,Invitee name/email evidence
CXR904-01-A,6_10yr,2025,Jody,Jody Kendall,2025-09-17,2025-09-12,e2fbc5b8-e916-4c4c-8cda-8d61403d848e,85fd36c6-a42a-4b1d-93a4-2a099e307b28,invitee_email,,Calendly host - 2025,Invitee name/email evidence
DCP767-01-A,24_35_month,2025,Cassie,Cassie Nickerson,2025-11-16,2025-10-28,fb4882f9-af8a-45aa-ab2c-5be83576e7da,aac192ad-e457-4792-b963-58cff15002e9,invitee_email,,Calendly host - 2025,Invitee name/email evidence
DGF778-01-A,6_10yr,2025,Nicole,Nicole Lipcaman,2025-07-15,2025-06-25,5803ac19-e672-4e5c-b7e8-ccaa56fe5e2c,07b85f1f-f1d6-463c-b4ce-a244640ab6d8,invitee_email,,Calendly host - 2025,Invitee name/email evidence
DJK313-01-A,6_10yr,2025,Nicole,Nicole Lipcaman,2025-07-15,2025-06-25,4d5cb853-f6f1-4d8c-a0f5-5558832b753a,f01efa5a-157b-49f6-846c-82f85f4949b4,invitee_email,,Calendly host - 2025,Invitee name/email evidence
DNW140-01-A,6_10yr,2025,Toye,Shetoye  Rice,2025-08-21,2025-08-04,6fc05ad2-622b-440e-8fb7-d2f1b25be1c4,a4d4ecdd-bfd7-4e1b-b3ff-8458d87b3c66,invitee_email,,Calendly host - 2025,Invitee name/email evidence
DQZ583-01-A,3_5yr,2025,Toye,Shetoye  Rice,2025-10-02,2025-09-19,ba3ee871-5714-4148-a46a-1e9d6da41f42,ed76d2c8-e5c1-400a-89e6-a9bb3bb2ad14,invitee_email,,Calendly host - 2025,Invitee name/email evidence
DWB641-01-A,6_10yr,2025,Cassie,Cassie Nickerson,2025-08-24,2025-07-03,a66a007e-739c-4fae-964a-ff3fdf261019,60dff771-61c3-44d7-a7c3-f513af50be44,invitee_email,,Calendly host - 2025,Invitee name/email evidence
DWJ555-01-A,6_10yr,2025,Jody,Jody Kendall,2025-09-09,2025-08-20,97a98e2c-738f-472f-9f79-9d59a321d1b6,c38d0fad-acc1-404c-9543-70418388b74a,invitee_child_name,,Calendly host - 2025,Invitee name/email evidence
FCP851-01-A,6_10yr,2025,Cassie,Cassie Nickerson,2025-09-21,2025-08-19,d8485716-d987-482c-881d-9fd5f1102395,3b1bc2f4-5448-424b-81c7-47376a8c9fb6,invitee_email,,Calendly host - 2025,Invitee name/email evidence
FFC134-01-A,6_10yr,2025,Cassie,Cassie Nickerson,2025-07-19,2025-06-23,ea0d8aae-6e00-451c-aa7e-dfa649166a04,3678e264-b8d8-4187-b815-0a8a5c5bac29,invitee_email,,Calendly host - 2025,Invitee name/email evidence
FFM260-01-A,3_5yr,2025,Breanna,Breanna Kornatowski,2025-09-25,2025-09-15,d45be3db-ae9b-4a52-8368-2d26443ac287,a0ae7d1d-f6ca-4fde-8bde-512ba2a6c68d,invitee_mother_name,,Calendly host - 2025,Invitee name/email evidence
FFQ157-01-A,6_10yr,2025,Jo,Jolyn Lerma,2025-06-18,2025-06-11,25d060ba-8ecf-4eee-bcc9-48537f6a4986,1f4f3aa4-03dd-41b8-b4de-2419d05c673e,invitee_email,,Calendly host - 2025,Invitee name/email evidence
FHJ625-01-A,6_10yr,2025,Toye,Shetoye  Rice,2025-08-12,2025-07-07,e153efee-a168-4751-805d-e58c4612feac,fc51baf1-1aed-45c1-84a0-8266e80d4cff,invitee_email,,Calendly host - 2025,Invitee name/email evidence
FTC406-01-A,3_5yr,2025,Breanna,Breanna Kornatowski,2025-11-14,2025-10-27,c247edf1-2906-4710-b975-52e8c1b1c5e5,0fe07a4b-61f6-438d-8b6b-6ba8354ee5f2,invitee_email,,Calendly host - 2025,Invitee name/email evidence
FWH545-01-A,11_17yr,2025,Amy,Amy Scharmen-Burgdolf,2025-09-24,2025-09-05,bddb553b-c28e-492e-b5a1-a0d5d043c2a6,2e975d85-d6c8-4f6e-9de2-07abdd1ea90a,invitee_child_name,,Calendly host - 2025,Invitee name/email evidence
FWL830-01-A,3_5yr,2025,Nicole,Nicole Lipcaman,2025-07-21,2025-06-11,d568a025-61d8-4da7-b376-8ba14acf258d,1b104914-93be-403b-a5d1-15d4f5c8d41e,invitee_email,,Calendly host - 2025,Invitee name/email evidence
FZH553-01-A,3_5yr,2025,Toye,Shetoye  Rice,2025-08-22,2025-08-07,a29d0b43-cd6f-4a41-a7f8-2e9d8c0402f6,0e30f845-2ded-4fcf-bb19-ebe996539529,invitee_email,,Calendly host - 2025,Invitee name/email evidence
GBB029-01-A,6_10yr,2025,Breanna,Breanna Kornatowski,2025-09-17,2025-08-19,899f6c5a-e873-4915-914f-0cafc55f20bd,7c816bec-3e81-4a65-8566-224e7f1c7c5a,invitee_email,,Calendly host - 2025,Invitee name/email evidence
GFK818-01-A,24_35_month,2025,Toye,Shetoye  Rice,2025-09-16,2025-08-27,9085d62d-96c2-414e-b350-da8ecc291207,2777ee90-b3b1-424d-80ee-d1723d03a28d,invitee_email,,Calendly host - 2025,Invitee name/email evidence
GHR496-01-A,6_10yr,2025,Breanna,Breanna Kornatowski,2025-12-17,2025-11-25,f7155282-e59d-47cf-a993-0a25f17fb0b3,09f9a78e-9119-46c8-9520-0447c5073281,invitee_child_name,,Calendly host - 2025,Invitee name/email evidence
GKZ718-01-A,3_5yr,2025,Breanna,Breanna Kornatowski,2025-12-09,2025-12-05,d4e60f6b-0557-4f24-97d5-075fc9488a8c,e2ccc4a3-5eaf-4411-af19-c3aafa1fcfed,invitee_child_name,,Calendly host - 2025,Invitee name/email evidence
GMK178-01-A,6_10yr,2025,Nicole,Nicole Lipcaman,2025-08-29,2025-07-24,7e9e0c98-f979-4c48-b19a-df0f12ff0438,cb56041e-0f59-4771-bfa5-d540ed6ab641,invitee_email,,Calendly host - 2025,Invitee name/email evidence
GMS994-01-A,11_17yr,2025,Jo,Jolyn Lerma,2025-07-30,2025-07-01,a8c47e58-0ce1-4245-beea-2d34d4a41475,68513983-417a-478c-9ab1-17322642d58a,invitee_child_name,,Calendly host - 2025,Invitee name/email evidence
GRN392-01-A,11_17yr,2025,Cassie,Cassie Nickerson,2025-06-21,2025-06-11,a73c9c9f-f963-42c1-8444-58aa4cab94aa,b5b91ded-19b9-455c-922c-9939d9ec5140,invitee_child_name,,Calendly host - 2025,Invitee name/email evidence
GSW122-01-A,11_17yr,2025,Jody,Jody Kendall,2025-10-20,2025-10-13,5e7b953e-f45e-41dd-9d02-6758c2f38c44,9c47d0b6-9181-4220-8b9d-88bc649bc1cc,invitee_email,,Calendly host - 2025,Invitee name/email evidence
GTK652-01-A,11_17yr,2025,Cassie,Cassie Nickerson,2025-06-16,2025-06-10,37840ea9-431f-4301-b42d-02d460fa82ee,b6a2f696-e773-4fc0-bd22-0bccbf5ffd20,invitee_email,,Calendly host - 2025,Invitee name/email evidence
GYQ941-01-A,6_10yr,2025,Toye,Shetoye  Rice,2025-11-04,2025-09-18,f98d5156-45ae-414b-868b-b8c7492f0fc1,7281db83-c157-496e-86d8-aadf67324120,invitee_email,,Calendly host - 2025,Invitee name/email evidence
GZK568-01-A,6_10yr,2025,Toye,Shetoye  Rice,2025-08-17,2025-06-25,ced3e234-1062-49f2-8767-5bf42d507670,8b3f27f8-56bf-4800-8b7f-9e0353752427,invitee_child_name,,Calendly host - 2025,Invitee name/email evidence
GZM171-01-A,11_17yr,2025,Amy,Amy Scharmen-Burgdolf,2025-08-14,2025-07-18,ecb8de60-73de-4882-a62e-d1646ec15256,d64e89d8-2612-4e30-bcb1-55686c9bb9bd,invitee_email,,Calendly host - 2025,Invitee name/email evidence
HCG894-01-A,6_10yr,2025,Nicole,Nicole Lipcaman,2025-07-12,2025-06-06,90c4e9b9-602b-4f00-ae66-fef4d1022a89,bc4822ce-d73c-47d6-bc47-800f017fe414,invitee_email,,Calendly host - 2025,Invitee name/email evidence
HGX059-01-A,11_17yr,2025,Cassie,Cassie Nickerson,2025-08-24,2025-06-30,bc49f86b-efc7-4626-9211-21e21bc0c6d0,75cca754-45a9-4ae7-b49a-770180e20b59,invitee_email,,Calendly host - 2025,Invitee name/email evidence
HGZ645-01-A,6_10yr,2025,Nicole,Nicole Lipcaman,2025-07-21,2025-07-07,72adf0f1-8ea0-4599-bb63-7c1738ad360b,3b2ec700-c74c-4ba9-abb0-335f5e0d59f7,invitee_email,,Calendly host - 2025,Invitee name/email evidence
HJC838-01-A,6_10yr,2025,Amy,Amy Scharmen-Burgdolf,2025-06-15,2025-06-12,d00d52d6-7604-4943-bb4b-a289a962be14,e2511078-3851-48cc-ba20-1185645b959c,invitee_email,,Calendly host - 2025,Invitee name/email evidence
HJM928-01-A,6_10yr,2025,Nicole,Nicole Lipcaman,2025-08-11,2025-08-01,0e300306-b6c7-486e-aa93-e0c18151828f,2bb0bda1-3b73-4b28-9fd9-eded13a522eb,invitee_child_name,,Calendly host - 2025,Invitee name/email evidence
HLW497-01-A,3_5yr,2025,Cassie,Cassie Nickerson,2025-06-24,2025-06-17,1a1beb89-cd32-42ba-9f13-3a11c85ae726,6a8ae4fa-7b5a-4999-873a-e90ef26b36cf,invitee_email,,Calendly host - 2025,Invitee name/email evidence
HMP017-01-A,6_10yr,2025,Breanna,Breanna Kornatowski,2025-08-08,2025-07-24,b8cbe18b-4d69-4117-a0e0-3dca14881799,3f8690ee-38d2-4e1b-8583-3ff2685c3fb1,invitee_email,,Calendly host - 2025,Invitee name/email evidence
HQL715-01-A,24_35_month,2025,Jody,Jody Kendall,2025-08-25,2025-08-06,940609d6-a8b5-49eb-9087-581cd89ca5e8,85d3c9df-4e40-4d5e-8d75-d3fdd90bb735,invitee_email,,Calendly host - 2025,Invitee name/email evidence
HQY396-01-A,6_10yr,2025,Nicole,Nicole Lipcaman,2025-08-29,2025-08-18,98ecc66d-b4e1-4c71-a873-5537f6221710,d5508112-f327-48c2-83c5-ff23220e9621,invitee_email,,Calendly host - 2025,Invitee name/email evidence
HRL028-01-A,3_5yr,2025,Toye,Shetoye  Rice,2025-07-22,2025-07-03,43c455df-2561-4988-a190-a1cd005f86ab,972a0956-885c-455b-9254-90170772968f,invitee_email,,Calendly host - 2025,Invitee name/email evidence
HRL028-01-A,6_10yr,2025,Toye,Shetoye  Rice,2025-08-12,2025-07-07,e8616c4d-b265-46f4-b342-b32f4256d00d,2844150e-db82-44b3-9b52-42967ad253c5,invitee_email,,Calendly host - 2025,Invitee name/email evidence
HSB243-01-A,24_35_month,2025,Toye,Shetoye  Rice,2025-09-16,2025-08-27,b36ac5ba-e855-46d7-b4d9-c535fdb8aec8,18855467-74fd-4089-9309-decce64e7dd7,invitee_email,,Calendly host - 2025,Invitee name/email evidence
HSD339-01-A,3_5yr,2025,Breanna,Breanna Kornatowski,2025-09-25,2025-09-12,0034f646-d1f1-4e50-9fd6-04f2309a7b4f,9414b163-a5dd-459d-9a26-cc0cb9b68ec7,invitee_child_name,,Calendly host - 2025,Invitee name/email evidence
HSV917-01-A,11_17yr,2025,Jo,Jolyn Lerma,2025-08-14,2025-07-16,67fd56fa-c7d1-4264-85ae-dea85acc001b,1b44edd3-af73-491e-952d-93b474e2c863,invitee_email,,Calendly host - 2025,Invitee name/email evidence
HSX501-01-A,3_5yr,2025,Toye,Shetoye  Rice,2025-08-07,2025-07-17,0cea207f-f0d1-46b6-b8de-3797dc65bb21,49ed9168-95b6-4994-becf-85a4d1357fc3,invitee_email,,Calendly host - 2025,Invitee name/email evidence
HTW595-01-A,24_35_month,2025,Cassie,Cassie Nickerson,2025-08-06,2025-07-11,c0bfa750-7bb8-4e57-aabd-bf09684bcc52,1f62d467-decb-493b-af52-417cb9b38201,invitee_email,,Calendly host - 2025,Invitee name/email evidence
HYF628-01-A,24_35_month,2025,Jody,Jody Kendall,2025-08-12,2025-07-27,98815543-87ef-4332-b733-266ac49491a2,724753fb-5808-429e-9e64-19f79896eb4a,invitee_email,,Calendly host - 2025,Invitee name/email evidence
HYQ752-01-A,11_17yr,2025,Cassie,Cassie Nickerson,2025-09-08,2025-08-19,ef19e9cb-53ab-4bf1-bb69-a7a63b8a549b,43fa7280-6375-4a39-8fd5-f581638c18ea,invitee_email,,Calendly host - 2025,Invitee name/email evidence
HZT648-01-A,11_17yr,2025,Jo,Jolyn Lerma,2025-07-30,2025-07-07,db38e34c-bb4f-4961-9cde-dde368fe4fee,d1035428-0180-4d3c-936e-a89ae2965110,invitee_email,,Calendly host - 2025,Invitee name/email evidence
JFP288-01-A,3_5yr,2025,Toye,Shetoye  Rice,2025-07-15,2025-07-02,7c9c52d9-e775-469f-a3f1-daf785556ebd,fa2a9035-184d-4265-b367-17c3bb7c95ba,invitee_mother_name,,Calendly host - 2025,Invitee name/email evidence
JJV437-01-A,6_10yr,2025,Nicole,Nicole Lipcaman,2025-06-26,2025-06-18,c8fb8e47-af60-4773-8808-44864676c595,35ca4c58-8c81-4500-a54b-bf45e9520da2,invitee_email,,Calendly host - 2025,Invitee name/email evidence
JJY773-01-A,6_10yr,2025,Nicole,Nicole Lipcaman,2025-07-16,2025-07-10,86facbe7-9fb8-4f3f-a214-6dbb7ee20a77,17eeab16-044e-4c92-9bcf-ef1ddcd480c9,invitee_email,,Calendly host - 2025,Invitee name/email evidence
JKF478-01-A,24_35_month,2025,Cassie,Cassie Nickerson,2025-10-10,2025-09-24,0c8a0ac3-cca8-4fbb-b7ce-e45f4e890fea,438e02be-c63a-4b46-84f8-f2dab18d78a5,invitee_email,,Calendly host - 2025,Invitee name/email evidence
JKF839-01-A,6_10yr,2025,Toye,Shetoye  Rice,2025-08-14,2025-07-31,348f8b42-9b9b-46e6-bb62-43aa980e532e,599e1e9a-ee4f-46f2-9090-d7ee8f6fbc42,invitee_child_name,,Calendly host - 2025,Invitee name/email evidence
JKZ989-01-A,6_10yr,2025,Nicole,Nicole Lipcaman,2025-06-16,2025-06-10,30ce3682-36b5-47ce-b5eb-d32690403f52,39d4ab27-5208-40d0-980e-94c40b8b2111,invitee_email,,Calendly host - 2025,Invitee name/email evidence
JMR655-01-A,6_10yr,2025,Cassie,Cassie Nickerson,2025-06-16,2025-06-06,bb0d00f4-d72d-4801-8e8f-255db3e95c4f,031069f8-fc13-4506-8fa9-86d2a652e0bd,invitee_child_name,,Calendly host - 2025,Invitee name/email evidence
JNT771-01-A,11_17yr,2025,Cassie,Cassie Nickerson,2025-09-21,2025-08-11,d53eceba-0a28-4951-a77b-a6b7243ff045,6a3616cb-368a-4bc6-af39-49608bea0c1f,invitee_email,,Calendly host - 2025,Invitee name/email evidence
JQF218-01-A,11_17yr,2025,Amy,Amy Scharmen-Burgdolf,2025-07-08,2025-06-30,c969ee4a-34cf-4fad-a39c-d2c785f7a1c9,b4194f6b-440f-4596-84e3-c0c8980b26ab,invitee_email,,Calendly host - 2025,Invitee name/email evidence
JQT482-01-A,6_10yr,2025,Cassie,Cassie Nickerson,2025-11-17,2025-11-11,0f8267f5-af96-4789-ba81-9371cf1c924b,239b5f71-da4f-47e4-8de8-ac03187c82ef,invitee_email,,Calendly host - 2025,Invitee name/email evidence
JSS418-01-A,6_10yr,2025,Amy,Amy Scharmen-Burgdolf,2025-07-29,2025-07-12,5b8b779f-e84b-466c-8ed0-7b3cfd83af65,60f8f336-b69b-4ef1-b77a-2f88a3311992,invitee_email,,Calendly host - 2025,Invitee name/email evidence
JSV719-01-A,3_5yr,2025,Jody,Jody Kendall,2025-12-06,2025-11-06,ec77d9b4-55f2-49f2-a634-4359564bcc1c,c6350840-8e80-43d0-844a-5c280c24d09e,invitee_mother_name,,Calendly host - 2025,Invitee name/email evidence
JTC719-01-A,11_17yr,2025,Amy,Amy Scharmen-Burgdolf,2025-11-04,2025-09-21,618237d0-7e56-4297-b4ff-c28edc122494,27402bff-c2a1-444f-ad33-880e3042a699,invitee_child_name,,Calendly host - 2025,Invitee name/email evidence
JVX699-01-A,11_17yr,2025,Cassie,Cassie Nickerson,2025-11-17,2025-11-10,ac242455-e569-4e9c-9b05-a1739da1f014,12b3f115-93ba-49ff-a500-0ee7170cb578,invitee_email,,Calendly host - 2025,Invitee name/email evidence
JWP176-01-A,6_10yr,2025,Breanna,Breanna Kornatowski,2025-10-24,2025-10-19,e324d824-2877-4713-ae26-1f01fee93baa,381189ef-fbaa-41bc-8ed1-f4fa7abc269c,invitee_email,,Calendly host - 2025,Invitee name/email evidence
JYK203-01-A,6_10yr,2025,Jo,Jolyn Lerma,2025-12-06,2025-12-01,67c9dd30-749c-4141-a76f-75616c6618a8,8ff6160e-9729-47d6-873a-9e9368ef346d,invitee_child_name,,Calendly host - 2025,Invitee name/email evidence
JZM106-01-A,6_10yr,2025,Jo,Jolyn Lerma,2025-08-21,2025-07-25,0e99461f-6ab5-4aff-bf2b-33104564f08b,2cf0ecd8-282d-4bce-b533-062c802f4a26,invitee_child_name,,Calendly host - 2025,Invitee name/email evidence
KBQ321-01-A,3_5yr,2025,Jody,Jody Kendall,2025-11-15,2025-11-03,261eaec1-a9ca-4e9c-95eb-896a812263cb,72f4f537-39ca-4176-a990-0b6744403531,invitee_email,,Calendly host - 2025,Invitee name/email evidence
KDS985-01-A,11_17yr,2025,Jo,Jolyn Lerma,2025-06-22,2025-06-13,d5dda5b2-ec8b-4579-8c0b-49133c3460f0,3838565c-5709-4134-acfb-eb7e65fd50e7,invitee_email,,Calendly host - 2025,Invitee name/email evidence
KFQ955-01-A,6_10yr,2025,Amy,Amy Scharmen-Burgdolf,2025-08-12,2025-07-05,91f2b454-dbdb-4b1a-b912-74619237b7f2,1816604f-9247-4636-88ef-9f8cd33af1bb,invitee_email,,Calendly host - 2025,Invitee name/email evidence
KGL651-01-A,6_10yr,2025,Amy,Amy Scharmen-Burgdolf,2025-08-12,2025-07-15,1c2c261c-c1c2-4294-bf9c-d6aec472159a,17a55205-c20a-47b9-9eb8-4af6edd583e0,invitee_email,,Calendly host - 2025,Invitee name/email evidence
KGX944-01-A,6_10yr,2025,Jody,Jody Kendall,2025-06-30,2025-06-16,a87d82eb-f02c-4eab-aa9c-6add2a702baa,3fc855ba-6826-47b6-b2d4-9eb7b99c5bf2,invitee_email,,Calendly host - 2025,Invitee name/email evidence
KKR431-01-A,3_5yr,2025,Nicole,Nicole Lipcaman,2025-06-23,2025-06-09,64b34ea3-4a8d-4a32-b198-493744d2bb5e,07efddbc-60b7-4358-b1b9-14ef0d5849a9,invitee_email,,Calendly host - 2025,Invitee name/email evidence
KKT953-01-A,6_10yr,2025,Jody,Jody Kendall,2025-09-03,2025-08-20,dd7dd909-1ae2-42a4-942c-49853a0cf5e0,ae6d55bf-bd13-4f98-ba2f-a3fdd87e88ba,invitee_child_name,,Calendly host - 2025,Invitee name/email evidence
KKW154-01-A,6_10yr,2025,Nicole,Nicole Lipcaman,2025-08-19,2025-08-13,d91e54fb-076f-444d-a10e-42338e20fb2d,c40586a3-78de-4fc6-ad93-3b82101e28bb,invitee_child_name,,Calendly host - 2025,Invitee name/email evidence
KNB361-01-A,24_35_month,2025,Cassie,Cassie Nickerson,2025-08-06,2025-07-11,cfce6961-5c0e-4eaf-8919-f1a69eba2500,f67a126a-4d4d-4d21-a27b-2b05c6ed4c6d,invitee_email,,Calendly host - 2025,Invitee name/email evidence
KPJ294-01-A,11_17yr,2025,Cassie,Cassie Nickerson,2025-06-19,2025-06-10,30fc8589-ba5c-42eb-a436-37d83bafc41a,4860e08f-6a4b-4e4d-bba1-d275d4dcaf8b,invitee_email,,Calendly host - 2025,Invitee name/email evidence
KPV565-01-A,11_17yr,2025,Cassie,Cassie Nickerson,2025-08-11,2025-07-01,06b6a927-b725-409a-bcb0-01cd3ec5aac2,fa20aadb-3a4b-464e-8a29-a3624597e969,invitee_child_name,,Calendly host - 2025,Invitee name/email evidence
KPZ610-01-A,6_10yr,2025,Breanna,Breanna Kornatowski,2025-09-17,2025-08-13,25c5aa6d-44d5-4401-8d62-05598f1f2324,14dd6009-660e-4d41-aa97-c8abceff9267,child_echo_id,,Calendly host - 2025,Direct participant evidence
KRH534-01-A,3_5yr,2025,Cassie,Cassie Nickerson,2025-11-21,2025-11-18,8e94910c-7122-44fb-9229-5d77f9d7565f,0fecfb33-4430-4c46-b5fb-a32faf331e93,invitee_email,,Calendly host - 2025,Invitee name/email evidence
KRY635-01-A,6_10yr,2025,Cassie,Cassie Nickerson,2025-06-29,2025-06-04,3f0cf7de-877f-496b-878f-4e251d8f6a7e,8194946a-a1f6-4a92-8007-5199c2000ee9,invitee_email,,Calendly host - 2025,Invitee name/email evidence
KSZ066-01-A,6_10yr,2025,Jody,Jody Kendall,2025-09-27,2025-09-11,61a6a9f3-fdd9-4f8b-bc45-cee8f7124121,5b38d609-b67e-4896-9a5b-95860160f038,invitee_mother_name,,Calendly host - 2025,Invitee name/email evidence
KXH001-01-A,6_10yr,2025,Jody,Jody Kendall,2025-07-25,2025-07-10,0300f4c6-9463-420c-bf8d-6247bc4b1497,fbe3821f-ec72-4b18-b78d-9bd9d3cc1528,invitee_email,,Calendly host - 2025,Invitee name/email evidence
KZC694-01-A,6_10yr,2025,Toye,Shetoye  Rice,2025-08-03,2025-06-21,84cfc1aa-8c36-4ff3-a0fa-0a08c2227b02,a1452454-4b55-416c-9b32-4f3d0ec04397,invitee_email,,Calendly host - 2025,Invitee name/email evidence
KZP212-01-A,6_10yr,2025,Jody,Jody Kendall,2025-08-20,2025-08-04,39ba2522-9f38-4381-b671-c36e319497e8,6822ed14-e1de-4c9c-8220-8a57b98e0482,invitee_child_name,,Calendly host - 2025,Invitee name/email evidence
LBG473-01-A,3_5yr,2025,Toye,Shetoye  Rice,2025-10-02,2025-09-19,cffb18c6-2f7f-47ac-8d43-0bfd248eea76,50607716-9d9f-4fb3-a991-1d77e02f149a,invitee_email,,Calendly host - 2025,Invitee name/email evidence
LCR073-01-A,6_10yr,2025,Nicole,Nicole Lipcaman,2025-06-16,2025-06-13,634f7251-c1ed-4753-ba4b-488dfd64f89d,e33ad1cf-fef4-4092-bd86-dc589beea00e,invitee_child_name,,Calendly host - 2025,Invitee name/email evidence
LGF333-01-A,3_5yr,2025,Jody,Jody Kendall,2025-11-21,2025-10-21,f0ec8952-88ea-4d78-be77-dc762f3863a6,08e64c8d-7ade-4778-bcea-fa0f31d5cb2a,invitee_mother_name,,Calendly host - 2025,Invitee name/email evidence
LHD338-01-A,11_17yr,2025,Amy,Amy Scharmen-Burgdolf,2025-08-14,2025-07-20,481d521e-c58a-4b18-9e55-2f2ace99fbd4,6162f9f9-a859-4924-a443-9c060f3a9bb8,invitee_email,,Calendly host - 2025,Invitee name/email evidence
LKZ423-01-A,3_5yr,2025,Breanna,Breanna Kornatowski,2025-08-08,2025-07-29,5cf2b110-4bdc-4789-9f74-a58983899f7b,afa46f65-0350-4fd9-99e2-5f1df80eb5bd,invitee_email,,Calendly host - 2025,Invitee name/email evidence
LMQ766-01-A,6_10yr,2025,Nicole,Nicole Lipcaman,2025-10-13,2025-09-21,c32891ee-9a00-45f5-9609-a0fae22c6fd8,23b19ced-3515-4aaa-b6d5-5a550b05469d,invitee_email,,Calendly host - 2025,Invitee name/email evidence
LPG974-01-A,6_10yr,2025,Amy,Amy Scharmen-Burgdolf,2025-11-07,2025-10-27,78df3b83-fb32-4b9f-80c6-a53032232812,065fbbba-9430-4f52-9948-9db63ee1bee6,invitee_email,,Calendly host - 2025,Invitee name/email evidence
LQY206-01-A,6_10yr,2025,Amy,Amy Scharmen-Burgdolf,2025-07-22,2025-07-08,89487a79-58d3-461e-84fc-3d6af41b2acd,02b41db0-bc83-4dad-aba0-aebd29354862,invitee_email,,Calendly host - 2025,Invitee name/email evidence
LSV069-01-A,6_10yr,2025,Breanna,Breanna Kornatowski,2025-12-17,2025-11-04,db66d847-d666-459f-8c97-7e5a0bb7c171,9eb40997-2bb4-4eb5-bd64-ea39539394df,invitee_email,,Calendly host - 2025,Invitee name/email evidence
LTR526-01-A,24_35_month,2025,Amy,Amy Scharmen-Burgdolf,2025-10-24,2025-10-03,d53aba34-c6f1-432f-b72a-d3add5cfde6a,77b788ce-bef7-42a9-85e8-8950024fe72f,invitee_email,,Calendly host - 2025,Invitee name/email evidence
LZJ787-01-A,3_5yr,2025,Breanna,Breanna Kornatowski,2025-10-28,2025-10-13,66c445cf-5213-4372-b80a-bd2b5d2c4798,48166522-bfdb-46c9-a591-7c97b89c84e6,invitee_email,,Calendly host - 2025,Invitee name/email evidence
MCC047-01-A,6_10yr,2025,Jody,Jody Kendall,2025-12-06,2025-11-06,2c06f4b5-d163-44a1-9eb0-841f86b37f50,6ad33b15-8014-412a-8b94-59b917dd57f6,invitee_email,,Calendly host - 2025,Invitee name/email evidence
MCV210-01-A,11_17yr,2025,Jo,Jolyn Lerma,2025-12-04,2025-10-14,923301b8-312d-4c06-8ad6-b75a1bba056d,94e3c6c7-691e-4b82-a1b5-a2be368d11a3,invitee_child_name,,Calendly host - 2025,Invitee name/email evidence
MHS537-01-A,3_5yr,2025,Jo,Jolyn Lerma,2025-07-16,2025-07-01,670b9159-a4f5-4df7-8191-bfb6f64be859,c132c506-9ba5-430d-b0ac-0e081d5231a8,invitee_email,,Calendly host - 2025,Invitee name/email evidence
MMN454-01-A,6_10yr,2025,Toye,Shetoye  Rice,2025-12-16,2025-12-03,7bbcf65d-d747-4618-9966-f708134e1974,c94fe689-9ad6-4025-93c5-aa599591f908,invitee_email,,Calendly host - 2025,Invitee name/email evidence
MNN095-01-A,6_10yr,2025,Toye,Shetoye  Rice,2025-10-09,2025-10-01,82114ee1-5048-4b61-bb2f-e72e60233036,ef427bc0-7026-4c49-b0cd-dd9ca3023275,invitee_email,,Calendly host - 2025,Invitee name/email evidence
MQF285-01-A,6_10yr,2025,Toye,Shetoye  Rice,2025-07-15,2025-06-30,b87ecc84-bbf4-4558-8d3c-3f694b61b6c3,fa8fe100-1a04-4030-ba39-f3ca35d077f8,invitee_email,,Calendly host - 2025,Invitee name/email evidence
MQM950-01-A,11_17yr,2025,Cassie,Cassie Nickerson,2025-07-13,2025-06-30,a85420f3-444d-44c8-ad6f-0cb31ac26696,5949ffee-9c2b-4217-af07-5d08fb61f3d5,invitee_email,,Calendly host - 2025,Invitee name/email evidence
MRG352-01-A,11_17yr,2025,Jo,Jolyn Lerma,2025-12-11,2025-10-14,7d5bacc0-74a6-44be-9a9c-ebe4c6c68f68,c8d54287-edf2-41b9-bdad-b82531fc6719,invitee_email,,Calendly host - 2025,Invitee name/email evidence
MRX335-01-A,6_10yr,2025,Nicole,Nicole Lipcaman,2025-08-02,2025-07-16,96ba5146-f9e9-4a2b-9525-ef0520924793,ed878c70-abc0-40a6-a40c-9e8febe1226b,invitee_email,,Calendly host - 2025,Invitee name/email evidence
MYP897-01-A,11_17yr,2025,Amy,Amy Scharmen-Burgdolf,2025-08-20,2025-08-01,14e4ea65-2cd7-4ffe-a936-cd56afa1649f,c2f43667-96a6-461e-9769-4a981d466ca9,invitee_email,,Calendly host - 2025,Invitee name/email evidence
MYY891-01-A,6_10yr,2025,Nicole,Nicole Lipcaman,2025-07-29,2025-07-07,aa444901-0d80-4d01-a05d-e95e33aa45ae,67a1165a-3d8a-4f12-881f-9d307f490c6c,invitee_email,,Calendly host - 2025,Invitee name/email evidence
NBV813-01-A,6_10yr,2025,Jo,Jolyn Lerma,2025-09-04,2025-08-05,e9ac674a-0b59-4e6b-af39-4b735f026b26,7d578534-1985-41fd-8768-2ac233a0db86,invitee_email,,Calendly host - 2025,Invitee name/email evidence
NDN427-01-A,6_10yr,2025,Toye,Shetoye  Rice,2025-07-20,2025-06-12,fcda3d68-3a2b-462b-841c-a08299239026,7aa77b13-89ae-423f-82b7-f991ef7f8978,invitee_child_name,,Calendly host - 2025,Invitee name/email evidence
NGX536-01-A,6_10yr,2025,Jo,Jolyn Lerma,2025-10-16,2025-10-02,544f7c1c-5a8f-4f11-b31d-8692fd4b585d,195f9297-e01e-496f-81f6-93fe6eb3b2bd,invitee_email,,Calendly host - 2025,Invitee name/email evidence
NHR264-01-A,6_10yr,2025,Nicole,Nicole Lipcaman,2025-06-26,2025-06-20,a3db51dd-3d81-4636-99de-139f4b5dd424,5dbfed16-8ea0-4e5d-a31c-dbd34715e40f,invitee_email,,Calendly host - 2025,Invitee name/email evidence
NKG127-01-A,11_17yr,2025,Amy,Amy Scharmen-Burgdolf,2025-07-06,2025-07-01,eba8be5b-68bb-48a1-b9c8-fb9552d71d32,fe565af0-5b52-42f4-9ab1-63a6781edeb8,invitee_child_name,,Calendly host - 2025,Invitee name/email evidence
NMF407-01-A,11_17yr,2025,Amy,Amy Scharmen-Burgdolf,2025-07-06,2025-06-30,8d1c229f-f909-4f4d-941c-53618c9339af,dbc4c930-0d1f-4d12-b54c-83cb4820793a,invitee_mother_name,,Calendly host - 2025,Invitee name/email evidence
NNF727-01-A,6_10yr,2025,Nicole,Nicole Lipcaman,2025-06-17,2025-06-09,96aeabfd-77b6-41cb-acf4-a3ee43f3e23d,648f2234-6779-46f0-aa69-8924c29adbc9,invitee_email,,Calendly host - 2025,Invitee name/email evidence
NRK711-01-A,6_10yr,2025,Breanna,Breanna Kornatowski,2025-10-24,2025-09-29,92c22477-ea6e-4032-bc01-36cdeb7e295a,de2ba0e2-5f8d-4898-9b6b-734682124259,invitee_email,,Calendly host - 2025,Invitee name/email evidence
NTZ108-01-A,6_10yr,2025,Jody,Jody Kendall,2025-08-12,2025-07-18,293ec6b3-70f0-4901-a59b-cb223344328a,9f897733-ef8f-4dd5-a066-029e4a76e9bb,invitee_child_name,,Calendly host - 2025,Invitee name/email evidence
NVB331-01-A,6_10yr,2025,Nicole,Nicole Lipcaman,2025-06-17,2025-06-09,7b2c45d7-35a8-4efa-8624-877f2a595caf,6e5fae7c-37ff-47c5-a69e-b57260334d29,invitee_email,,Calendly host - 2025,Invitee name/email evidence
PBF223-01-A,11_17yr,2025,Amy,Amy Scharmen-Burgdolf,2025-08-12,2025-07-11,66a9d97c-9bf8-441c-b159-3b8342a4456c,060aaf3d-e695-47ed-8cb0-5b39e49d76ce,invitee_email,,Calendly host - 2025,Invitee name/email evidence
PBG796-01-A,11_17yr,2025,Amy,Amy Scharmen-Burgdolf,2025-08-17,2025-07-10,295b92a1-46bf-45e7-903d-4a02982d86e6,65c2bd9e-8cb0-42f4-95eb-bedbd19c08f8,invitee_email,,Calendly host - 2025,Invitee name/email evidence
PDW328-01-A,11_17yr,2025,Jo,Jolyn Lerma,2025-08-21,2025-07-24,937fece7-4094-49c7-adf0-38bbec03fbb1,8fdc16ba-e8d7-4378-8bc8-b7f6e5645f96,invitee_email,,Calendly host - 2025,Invitee name/email evidence
PND524-01-A,6_10yr,2025,Cassie,Cassie Nickerson,2025-08-19,2025-07-18,5876ba34-b6b8-405f-b595-6dc396d5d366,9cb2310d-8369-49c8-a944-6d75a2eff4d6,invitee_email,,Calendly host - 2025,Invitee name/email evidence
PPM461-01-A,3_5yr,2025,Jody,Jody Kendall,2025-12-16,2025-12-12,e96238ea-7b93-4b5b-8761-1cef9dca29e5,8c53f878-0cb9-4db7-a478-da645a363e0f,invitee_email,,Calendly host - 2025,Invitee name/email evidence
PRD366-01-A,11_17yr,2025,Jo,Jolyn Lerma,2025-06-18,2025-06-12,55321247-fefe-4cc0-9933-388cb5e77936,17608908-8269-46f6-8f18-47f8baa2aa70,invitee_email,,Calendly host - 2025,Invitee name/email evidence
PRD929-01-A,6_10yr,2025,Jody,Jody Kendall,2025-08-25,2025-08-04,93da87e9-858c-46ee-b9e7-d61d00eec549,423268cd-e8f6-4eb5-a9ad-c4de2cd080ca,invitee_email,,Calendly host - 2025,Invitee name/email evidence
PRH159-01-A,6_10yr,2025,Jody,Jody Kendall,2025-12-01,2025-11-22,b44cef92-2342-4584-8193-322a3a5ff071,fc9dff63-8a38-4ed1-b413-b6523dee6da0,invitee_email,,Calendly host - 2025,Invitee name/email evidence
PRT334-01-A,6_10yr,2025,Cassie,Cassie Nickerson,2025-08-06,2025-06-25,6ffc2db4-8350-4cf2-9c8b-8e7c2bd485a2,1a52ff39-5678-42b4-a26c-d790ad8fe575,invitee_email,,Calendly host - 2025,Invitee name/email evidence
PRZ511-01-A,6_10yr,2025,Nicole,Nicole Lipcaman,2025-09-23,2025-07-30,969db40b-ff48-4a82-95cd-e97d79a7a58a,9824cfd4-168e-4ebf-b2d8-a00f64077ff4,invitee_child_name,,Calendly host - 2025,Invitee name/email evidence
PTN126-01-A,6_10yr,2025,Nicole,Nicole Lipcaman,2025-07-15,2025-06-26,224982f3-8f4a-4ecd-8ae2-ba153c009ccc,4980cc13-6efc-451b-879c-e3cb2a65db3b,invitee_email,,Calendly host - 2025,Invitee name/email evidence
PTQ358-01-A,6_10yr,2025,Nicole,Nicole Lipcaman,2025-07-12,2025-06-12,04f5bd36-4624-4bf1-a126-a44f3c37f78e,af447ddc-e28c-40d7-9cac-315014fc3deb,invitee_email,,Calendly host - 2025,Invitee name/email evidence
PXV115-01-A,6_10yr,2025,Nicole,Nicole Lipcaman,2025-08-01,2025-07-23,242bff2e-54be-450f-917a-3616fd9119ec,c59c384e-5f42-4754-9212-79a69666275f,invitee_child_name,,Calendly host - 2025,Invitee name/email evidence
QDX581-01-A,6_10yr,2025,Nicole,Nicole Lipcaman,2025-08-19,2025-07-31,c0822844-b52a-4f97-a756-2edf13b7ec6c,43f09e24-0479-4e36-a6f3-1cadd478c082,invitee_email,,Calendly host - 2025,Invitee name/email evidence
QFN151-01-A,6_10yr,2025,Cassie,Cassie Nickerson,2025-07-13,2025-06-25,a8cdd847-2946-48af-8fda-0fbcb3b1caa8,cca573c1-585c-4ae6-ab3f-dbad336824bd,invitee_child_name,,Calendly host - 2025,Invitee name/email evidence
QGS042-01-A,11_17yr,2025,Cassie,Cassie Nickerson,2025-07-14,2025-07-07,8b3edab5-28f1-43d2-9c7a-52e0c7aa8aac,b6806e26-4a5d-44a8-9213-d8d226e40a8a,invitee_email,,Calendly host - 2025,Invitee name/email evidence
QHM041-01-A,6_10yr,2025,Toye,Shetoye  Rice,2025-08-19,2025-06-25,fe99539e-2a00-4e4b-9db2-4aac176e94a7,504c8843-3652-41b1-b286-95024dd9f866,invitee_email,,Calendly host - 2025,Invitee name/email evidence
QJJ178-01-A,6_10yr,2025,Nicole,Nicole Lipcaman,2025-11-14,2025-11-03,4ccb09e6-0b05-4ec1-b9e2-bae9087c8543,46b28f4c-b808-4610-897e-475d0d7cc852,invitee_email,,Calendly host - 2025,Invitee name/email evidence
QMG495-01-A,24_35_month,2025,Breanna,Breanna Kornatowski,2025-10-24,2025-09-22,99f406b5-5687-40a2-bedf-1b9c47d6ab9b,c400273b-e402-4ed6-a580-9ae36d33cbf7,invitee_email,,Calendly host - 2025,Invitee name/email evidence
QMG495-01-A,3_5yr,2025,Breanna,Breanna Kornatowski,2025-12-16,2025-11-04,de5ca00c-c8be-4c1e-9e15-11562c34adfe,56781a33-a87e-4faa-a582-89630d074a4d,invitee_email,,Calendly host - 2025,Invitee name/email evidence
QPJ289-01-A,11_17yr,2025,Cassie,Cassie Nickerson,2025-07-13,2025-06-12,4a6e697f-5ebd-4282-90a3-7c4377293bb1,6cc57150-0a92-4bfa-add6-f2c1b9c2130b,invitee_email,,Calendly host - 2025,Invitee name/email evidence
QTQ022-01-A,6_10yr,2025,Jody,Jody Kendall,2025-07-30,2025-07-07,e4ea4a97-bfcd-4ef7-9bfa-e0f1f55052e1,5ec44f28-8b85-4042-990a-02bc4d2af5dc,invitee_child_name,,Calendly host - 2025,Invitee name/email evidence
QYF906-01-A,6_10yr,2025,Cassie,Cassie Nickerson,2025-06-21,2025-06-16,b16bb420-3844-4498-987f-4fb5ae0d29e5,55b97e93-fd1d-4e65-a42c-1e2d3632ff8f,invitee_email,,Calendly host - 2025,Invitee name/email evidence
QZD360-01-A,6_10yr,2025,Cassie,Cassie Nickerson,2025-12-02,2025-11-25,a9ea889d-5a20-4960-96b3-cb9cfda9f364,13de7a81-f9e0-463d-a08b-68f4856ed741,invitee_child_name,,Calendly host - 2025,Invitee name/email evidence
QZP255-01-A,6_10yr,2025,Jo,Jolyn Lerma,2025-08-28,2025-08-01,d335b23f-1f66-4f6e-89c6-2b1e9375e776,d713296c-3bca-48ae-a131-0dbd538d0cd3,invitee_email,,Calendly host - 2025,Invitee name/email evidence
RDJ491-01-A,11_17yr,2025,Jo,Jolyn Lerma,2025-07-09,2025-07-07,83353f64-b96c-4431-94dc-82b259b82bd7,af0f7bb1-60bf-42bf-b3d7-e0bd694e14ad,invitee_email,,Calendly host - 2025,Invitee name/email evidence
RDX008-01-A,6_10yr,2025,Breanna,Breanna Kornatowski,2025-07-30,2025-07-27,01d6e01a-c481-4389-b290-047637213a76,fe49fb7d-4e32-4566-a293-bbe2fbf6cf45,invitee_email,,Calendly host - 2025,Invitee name/email evidence
RGM456-01-A,6_10yr,2025,Nicole,Nicole Lipcaman,2025-07-22,2025-07-01,e00e9da4-6850-419f-9693-1ce375bf33d6,230b3a3e-eee3-4415-89c7-e831081b4b85,invitee_email,,Calendly host - 2025,Invitee name/email evidence
RGV560-01-B,11_17yr,2025,Jo,Jolyn Lerma,2025-10-15,2025-08-27,7690e4f9-993f-491e-a116-9d40ff489887,8112f0e5-ba36-410e-bc2a-dd7d8902c983,invitee_child_name,,Calendly host - 2025,Invitee name/email evidence
RHJ981-01-A,6_10yr,2025,Nicole,Nicole Lipcaman,2025-11-14,2025-10-20,98176b3c-56e5-45c4-b556-560fe309e92d,f16a97cf-8536-4d99-8c9b-2ad7751b65e0,invitee_email,,Calendly host - 2025,Invitee name/email evidence
RMX477-01-A,6_10yr,2025,Amy,Amy Scharmen-Burgdolf,2025-07-01,2025-06-25,279325e2-8f1c-4db4-8251-9266f9dcdb3b,0a1c1b3e-3664-45bb-97b1-9bbf5b727053,invitee_email,,Calendly host - 2025,Invitee name/email evidence
RNB656-01-A,6_10yr,2025,Nicole,Nicole Lipcaman,2025-12-06,2025-11-17,f4c386a4-55e5-4589-95c9-28ca2599850d,7efe05b3-6af0-4fd6-82a6-44a848bc37f4,invitee_child_name,,Calendly host - 2025,Invitee name/email evidence
RNV741-01-A,11_17yr,2025,Jo,Jolyn Lerma,2025-07-30,2025-07-01,65a557d6-3b93-4fc8-b1d5-cb590aff0179,b9585ab7-b6eb-436f-a206-ef062b51fe66,invitee_email,,Calendly host - 2025,Invitee name/email evidence
RPS818-01-A,6_10yr,2025,Amy,Amy Scharmen-Burgdolf,2025-08-17,2025-07-17,169f7f66-44b7-49f5-9b89-659b1bb95020,1cd257f8-0f0f-459a-8285-647b744554c1,invitee_email,,Calendly host - 2025,Invitee name/email evidence
SBB001-01-A,6_10yr,2025,Nicole,Nicole Lipcaman,2025-09-30,2025-08-02,32e188a2-c867-4440-b3fd-0999ff65b5cd,7a9c61b2-b055-455b-9d87-a286f1156220,invitee_email,,Calendly host - 2025,Invitee name/email evidence
SBB700-01-A,3_5yr,2025,Cassie,Cassie Nickerson,2025-11-22,2025-11-18,5db360aa-3898-4ee4-9e46-3f2155bd932d,648a7614-71a0-46b8-a1e1-0e654635c1e9,invitee_email,,Calendly host - 2025,Invitee name/email evidence
SBS453-01-A,11_17yr,2025,Amy,Amy Scharmen-Burgdolf,2025-08-21,2025-07-23,bdbd2771-1204-4299-b9fe-cdf3a2f9cf37,1db4f736-6845-4fd7-a41b-55c1a440dc84,invitee_email,,Calendly host - 2025,Invitee name/email evidence
SBY066-01-A,6_10yr,2025,Toye,Shetoye  Rice,2025-09-12,2025-08-18,3ca43426-1aa0-4c29-8e11-833e84f094ea,f5ee4fa4-58de-4915-9db3-c56c69b22891,invitee_email,,Calendly host - 2025,Invitee name/email evidence
SDT653-01-A,6_10yr,2025,Toye,Shetoye  Rice,2025-11-04,2025-10-22,6f187ce7-4670-49c3-80a5-23e1f5d743b0,139ef3ab-bbe9-4a84-a081-051e349f8ed9,invitee_email,,Calendly host - 2025,Invitee name/email evidence
SFL447-01-A,11_17yr,2025,Cassie,Cassie Nickerson,2025-07-20,2025-06-14,545d40ce-d46e-49c6-8ffc-865c8fd5ef38,31e43de8-7d47-4d48-ac60-31a37251f4c5,invitee_child_name,,Calendly host - 2025,Invitee name/email evidence
SGS765-01-A,6_10yr,2025,Nicole,Nicole Lipcaman,2025-06-23,2025-06-20,1e370951-6dc2-4f16-bbcd-d08564a9fd64,540625b3-0e1b-4948-be99-5f60560bd569,invitee_email,,Calendly host - 2025,Invitee name/email evidence
SKR563-01-A,6_10yr,2025,Nicole,Nicole Lipcaman,2025-07-28,2025-06-25,6b3023fc-04cd-46d3-b3de-d62e71118c5d,5ac67779-68c2-4e3e-acfa-fa64b2089aa3,invitee_email,,Calendly host - 2025,Invitee name/email evidence
SNV833-01-A,11_17yr,2025,Amy,Amy Scharmen-Burgdolf,2025-07-29,2025-07-02,1f5b5855-f5e5-4a46-a5fe-ef59775b8bc2,918dafb9-8572-4862-84c8-a35f35ff65d2,invitee_email,,Calendly host - 2025,Invitee name/email evidence
SPR662-01-A,6_10yr,2025,Nicole,Nicole Lipcaman,2025-09-07,2025-08-01,ad735ab2-4139-45b1-9027-b80d351147c3,756aa5e6-db8d-452c-88f0-cbe20ca01117,invitee_email,,Calendly host - 2025,Invitee name/email evidence
SRC249-01-A,3_5yr,2025,Toye,Shetoye  Rice,2025-12-16,2025-12-06,eda3ed17-9c47-41ab-ae78-c9b9de6d8c79,75fce910-2ab0-487b-8277-d3569450981d,invitee_email,,Calendly host - 2025,Invitee name/email evidence
SSN103-01-A,6_10yr,2025,Nicole,Nicole Lipcaman,2025-08-19,2025-08-13,9032af73-133c-47b4-956d-69eb1839117f,9a5b6a14-f565-4c84-9553-8ffd943c175e,invitee_email,,Calendly host - 2025,Invitee name/email evidence
SSX741-01-A,6_10yr,2025,Toye,Shetoye  Rice,2025-08-21,2025-08-01,e5b6f8c9-c44c-476c-8c95-ad04e5f25dc1,194a59ce-107f-4c14-bbee-8ebad2ff3452,invitee_email,,Calendly host - 2025,Invitee name/email evidence
STQ126-01-A,11_17yr,2025,Jo,Jolyn Lerma,2025-09-11,2025-09-05,3d265d31-1a0f-4e2c-bbd3-d6fe2cea24f3,2da99445-700f-4751-bac0-3081ab0a3071,invitee_email,,Calendly host - 2025,Invitee name/email evidence
SWX990-01-A,24_35_month,2025,Jody,Jody Kendall,2025-11-17,2025-10-06,413127f6-b7a4-4ba9-97fd-0b697e47fb32,f96f4bc2-9afe-4dae-a624-0e0eb669c96c,invitee_email,,Calendly host - 2025,Invitee name/email evidence
SXJ131-01-A,6_10yr,2025,Nicole,Nicole Lipcaman,2025-09-07,2025-08-01,ea2a2dad-817f-46ba-b8dd-9fd8e8864221,df702e30-0a9e-40d2-9562-87807787ecb7,invitee_email,,Calendly host - 2025,Invitee name/email evidence
SYJ996-01-N,6_10yr,2025,Breanna,Breanna Kornatowski,2025-11-19,2025-10-27,91608f2e-fcf2-4531-80ec-e824be27ff8f,060a2e0c-10d1-4dd4-9b59-7cda8cad5f5a,child_echo_id,,Calendly host - 2025,Direct participant evidence
SZF435-01-A,6_10yr,2025,Cassie,Cassie Nickerson,2025-09-08,2025-08-11,93a719fd-145e-40cb-9bf1-00f3e3d774f6,48205cac-bff6-4a2e-a843-88632f02cb95,invitee_child_name,,Calendly host - 2025,Invitee name/email evidence
TDS587-01-A,3_5yr,2025,Toye,Shetoye  Rice,2025-12-18,2025-12-09,eb880735-0d8c-4696-855a-840980341fa6,09ef1e5c-1a6e-40b1-8510-aa186b3097d0,invitee_email,,Calendly host - 2025,Invitee name/email evidence
TDY935-01-A,6_10yr,2025,Jody,Jody Kendall,2025-08-09,2025-07-15,1f421112-73e3-4ee3-ac14-cf40474703d7,209b0873-9031-4540-820b-9890a50e7b29,invitee_email,,Calendly host - 2025,Invitee name/email evidence
TGD969-01-A,11_17yr,2025,Jo,Jolyn Lerma,2025-08-07,2025-07-14,03a6bc83-3958-4089-b023-0aff46a09d45,de2ce39a-5aac-434a-9540-20277f932b79,invitee_email,,Calendly host - 2025,Invitee name/email evidence
TGY183-01-A,6_10yr,2025,Amy,Amy Scharmen-Burgdolf,2025-10-26,2025-09-17,b2e33961-ff23-4eca-a91c-0ceebf643722,0ee34db5-190a-4b0d-8acf-98fade7be8bc,invitee_email,,Calendly host - 2025,Invitee name/email evidence
THL624-01-A,11_17yr,2025,Cassie,Cassie Nickerson,2025-07-21,2025-07-01,a7fbf9ba-5a9e-4457-a9c2-3ca24dedc272,df3b5d8e-dbb7-4c6a-b3c4-c9c01a94400e,invitee_email,,Calendly host - 2025,Invitee name/email evidence
TKY175-01-A,6_10yr,2025,Toye,Shetoye  Rice,2025-06-22,2025-06-12,c21991f0-8019-47e6-8fce-e9c988bef000,27962724-2f50-445d-8c44-8f74f714a307,invitee_child_name,,Calendly host - 2025,Invitee name/email evidence
TMB738-01-A,6_10yr,2025,Nicole,Nicole Lipcaman,2025-09-26,2025-09-06,03bf81c2-6b0a-415b-a165-18ccf9ed3aab,7ef310a3-8d79-40fc-871e-a63bfa5be229,invitee_email,,Calendly host - 2025,Invitee name/email evidence
TNZ700-01-A,6_10yr,2025,Nicole,Nicole Lipcaman,2025-11-09,2025-09-26,823c8517-1283-4de4-b213-2b17a7af08db,c4fda783-3d1c-4725-81ee-e8b41b916e66,invitee_child_name,,Calendly host - 2025,Invitee name/email evidence
TQW013-01-A,11_17yr,2025,Amy,Amy Scharmen-Burgdolf,2025-08-20,2025-08-04,eba48791-58fa-424d-a590-a29524788c12,9ecf2777-22da-4f03-a785-8c6756bc27fb,invitee_child_name,,Calendly host - 2025,Invitee name/email evidence
TSC574-01-A,6_10yr,2025,Nicole,Nicole Lipcaman,2025-07-22,2025-07-14,44d6d8b2-c73d-4f1f-8f27-42a67f65cca5,49aebabd-7037-4474-b07e-c144948bb2b1,invitee_child_name,,Calendly host - 2025,Invitee name/email evidence
TTG223-01-A,6_10yr,2025,Toye,Shetoye  Rice,2025-09-16,2025-08-04,dfc21ecd-bcab-499a-b357-b132d352ad05,bc23f8da-87cb-4613-be38-5494f4df7077,invitee_email,,Calendly host - 2025,Invitee name/email evidence
TTQ883-01-A,6_10yr,2025,Breanna,Breanna Kornatowski,2025-10-28,2025-10-22,978767cd-96fb-435c-9be6-c81e1cc9d9ef,54098bc1-69fd-40a7-8441-8619199c13ef,invitee_email,,Calendly host - 2025,Invitee name/email evidence
TWT195-01-A,6_10yr,2025,Nicole,Nicole Lipcaman,2025-07-29,2025-07-07,4cc977a7-0af9-4e3d-b487-934639f82c87,f0390c2b-be73-476b-815f-12adbd937280,invitee_email,,Calendly host - 2025,Invitee name/email evidence
TWT305-01-A,6_10yr,2025,Nicole,Nicole Lipcaman,2025-12-15,2025-12-11,641dd6b8-68e8-49b4-a8b8-5518801815d2,2b00d988-acde-4339-937f-34e92f2b491d,invitee_email,,Calendly host - 2025,Invitee name/email evidence
TXR417-01-A,11_17yr,2025,Amy,Amy Scharmen-Burgdolf,2025-08-17,2025-07-14,2045c97e-e86d-4a0f-8cb4-932d8823d8aa,714471f1-e2c1-4442-a0df-ef660b798eea,invitee_email,,Calendly host - 2025,Invitee name/email evidence
TYJ533-01-A,6_10yr,2025,Cassie,Cassie Nickerson,2025-09-21,2025-09-17,00e228a3-fe32-4d5f-b011-008201f40f12,0983b8a7-93d4-4496-9bb1-dc77bbf8e019,invitee_email,,Calendly host - 2025,Invitee name/email evidence
VCK629-01-A,6_10yr,2025,Cassie,Cassie Nickerson,2025-07-13,2025-06-20,2dd832c9-127a-4617-810c-5a520fffd369,7a461a62-1cd7-40ea-b568-b70536c4d587,invitee_email,,Calendly host - 2025,Invitee name/email evidence
VDW156-01-A,24_35_month,2025,Jo,Jolyn Lerma,2025-07-06,2025-06-19,d339ca00-1fa1-42f1-bd03-3d142469cd31,9e593a63-9d9d-4fd8-ab48-1c807a1ab7c8,invitee_mother_name,,Calendly host - 2025,Invitee name/email evidence
VHC022-01-A,6_10yr,2025,Jody,Jody Kendall,2025-06-30,2025-06-18,0dbe9f29-7fcd-421b-ae45-17f390b3f0a8,33f9acae-f30a-4aa6-9923-5b758c8bcab1,invitee_child_name,,Calendly host - 2025,Invitee name/email evidence
VHR109-01-A,6_10yr,2025,Jody,Jody Kendall,2025-08-12,2025-08-04,67a3d26a-1dc9-403e-9275-a7e17682564b,403ee94d-d730-4c28-a3f5-dc1cef2a22f4,invitee_email,,Calendly host - 2025,Invitee name/email evidence
VKG640-01-A,24_35_month,2025,Toye,Shetoye  Rice,2025-07-08,2025-06-27,161137c7-14ac-473a-a645-08f89f8c77de,64aa2e68-d1ea-4ff3-bcb4-2d5e0eaf4fd1,invitee_email,,Calendly host - 2025,Invitee name/email evidence
VLZ486-01-A,3_5yr,2025,Nicole,Nicole Lipcaman,2025-07-21,2025-06-17,31ef9adb-6014-451d-a8d5-72550b910cc2,174fb6e8-a242-4e2b-bba2-26c9c612241b,invitee_email,,Calendly host - 2025,Invitee name/email evidence
VMF570-01-A,6_10yr,2025,Toye,Shetoye  Rice,2025-07-20,2025-07-12,9c7d4a8a-bd68-4657-b344-1d4a615be1c5,9def8ec6-f214-4b58-af52-141b9a8b152d,invitee_email,,Calendly host - 2025,Invitee name/email evidence
VQJ770-01-A,11_17yr,2025,Jo,Jolyn Lerma,2025-09-04,2025-08-19,71c2be97-7aa4-47c5-9681-688277a6428d,5322898c-f20e-49e1-9bdc-e4c7ac8aa2e0,invitee_email,,Calendly host - 2025,Invitee name/email evidence
VRN902-01-A,24_35_month,2025,Nicole,Nicole Lipcaman,2025-09-26,2025-09-20,1fe38c56-e703-43ed-ba65-40953bdb008f,4cc18c8e-215d-4ad4-a567-2d6b03fca011,invitee_email,,Calendly host - 2025,Invitee name/email evidence
VST318-01-A,11_17yr,2025,Cassie,Cassie Nickerson,2025-08-25,2025-07-07,305732ce-d606-4449-b33c-fceb17547646,97e22fd8-7151-42c0-b108-97d49b6803aa,invitee_email,,Calendly host - 2025,Invitee name/email evidence
VWC247-01-A,6_10yr,2025,Nicole,Nicole Lipcaman,2025-11-22,2025-11-20,1df367fe-7f35-45a5-bd37-e7e57a4f63e2,ca4e7240-e083-4c30-83af-edb6a4e6654f,invitee_email,,Calendly host - 2025,Invitee name/email evidence
VWP009-01-A,3_5yr,2025,Toye,Shetoye  Rice,2025-07-23,2025-07-13,26f224e7-a344-485d-bdd0-990195bcd6b0,e7a7ea16-654e-4a69-825d-97d0e6243a39,invitee_email,,Calendly host - 2025,Invitee name/email evidence
VXC743-01-A,6_10yr,2025,Nicole,Nicole Lipcaman,2025-07-28,2025-07-21,e863d3dd-1e0e-4f81-a85d-f57466f127a6,fe8f6a04-87ef-442f-a24c-6c75be891477,invitee_child_name,,Calendly host - 2025,Invitee name/email evidence
VXF127-01-A,3_5yr,2025,Toye,Shetoye  Rice,2025-07-22,2025-06-25,088c8d7d-3b3c-4508-b012-33c0083537e6,faca6820-559f-4e98-aff1-cf507e297dae,invitee_email,,Calendly host - 2025,Invitee name/email evidence
WDS605-01-A,6_10yr,2025,Nicole,Nicole Lipcaman,2025-07-17,2025-07-07,70f1eef6-3fcf-44af-be4e-97db412061df,ac6f23fb-4a71-406c-9c1c-37bcac49d454,invitee_email,,Calendly host - 2025,Invitee name/email evidence
WFK499-01-A,11_17yr,2025,Jo,Jolyn Lerma,2025-10-18,2025-09-24,32cfee0f-fa65-42a4-8098-4d2340e53d35,0c45e506-c43a-40c1-b385-6c84d15a4774,invitee_child_name,,Calendly host - 2025,Invitee name/email evidence
WFY450-01-A,6_10yr,2025,Breanna,Breanna Kornatowski,2025-11-21,2025-11-04,b1bef16d-0389-4c71-a90d-eb2a029a6213,c1218b64-51e9-4ceb-a96e-fef9350f2cb4,invitee_email,,Calendly host - 2025,Invitee name/email evidence
WGX824-01-A,6_10yr,2025,Toye,Shetoye  Rice,2025-08-26,2025-07-14,1ee5d86f-c7b6-4148-97aa-7a21240000e5,0710a4e0-c139-4b06-9076-100e678c42ac,invitee_email,,Calendly host - 2025,Invitee name/email evidence
WKB507-01-A,6_10yr,2025,Breanna,Breanna Kornatowski,2025-11-21,2025-10-28,d3f94add-3df8-4191-9f85-c9ff970ead6f,90bdc4f8-d726-4b25-a97e-b6ebe80228a5,invitee_email,,Calendly host - 2025,Invitee name/email evidence
WKM586-01-A,11_17yr,2025,Jo,Jolyn Lerma,2025-11-22,2025-11-11,d0bb1973-17eb-4cf9-9e7f-6258ed3f84d0,c546a118-58e6-45ea-b074-9db5ed0cd402,invitee_email,,Calendly host - 2025,Invitee name/email evidence
WKR328-01-A,11_17yr,2025,Amy,Amy Scharmen-Burgdolf,2025-09-18,2025-09-02,d8106793-b66d-4038-b0dc-e3b605367564,45a758a6-aaab-44be-9d70-670e00d4d707,invitee_child_name,,Calendly host - 2025,Invitee name/email evidence
WLB161-01-A,6_10yr,2025,Amy,Amy Scharmen-Burgdolf,2025-11-23,2025-10-13,7aef6faa-bf29-4d73-b47c-a193d21b0949,51aed843-1f0f-4337-a450-1fd79e1ec2bd,invitee_email,,Calendly host - 2025,Invitee name/email evidence
WMJ798-01-A,6_10yr,2025,Cassie,Cassie Nickerson,2025-07-14,2025-06-12,60affc68-1388-4ae7-8a5b-71bfcba49760,7dbfe2e3-0ad8-4c27-9c95-23defdf3123a,invitee_email,,Calendly host - 2025,Invitee name/email evidence
WMX146-01-A,11_17yr,2025,Amy,Amy Scharmen-Burgdolf,2025-09-14,2025-08-14,c4741b75-c8a8-4df5-abf6-135ef89c6a52,e2b29107-372b-4bf6-94d7-2e7d30c1b82a,invitee_email,,Calendly host - 2025,Invitee name/email evidence
WPX155-01-A,6_10yr,2025,Toye,Shetoye  Rice,2025-08-28,2025-08-04,13281f43-2ed5-47c6-8517-25b5ae3dc963,2b018d3c-9128-44a6-9e80-3a7b4c0d52cd,invitee_mother_name,,Calendly host - 2025,Invitee name/email evidence
WQP768-01-A,11_17yr,2025,Cassie,Cassie Nickerson,2025-11-08,2025-11-03,20ab23a8-e4f0-40bc-9983-01917f22b582,f0967d1e-21a5-44d7-9870-41384d12039e,invitee_child_name,,Calendly host - 2025,Invitee name/email evidence
WTN483-01-A,6_10yr,2025,Jody,Jody Kendall,2025-06-25,2025-06-20,4b917458-fd5a-494b-88f7-0b7ff4b60f6c,da8d7a6b-56e9-4378-ad52-924c1b0bbd3f,invitee_email,,Calendly host - 2025,Invitee name/email evidence
WTX564-01-A,6_10yr,2025,Toye,Shetoye  Rice,2025-08-12,2025-07-07,121f2aab-e60a-4452-8350-7e111f700b3d,6056c2b8-d7ff-49a2-a2ea-731a6cd948a6,invitee_email,,Calendly host - 2025,Invitee name/email evidence
WXD665-01-A,6_10yr,2025,Jody,Jody Kendall,2025-08-20,2025-08-04,b72436ac-cc9d-43e7-a51f-81ae735c0258,332ef8ec-4d46-4256-8fb1-97f7a21fa2f7,invitee_email,,Calendly host - 2025,Invitee name/email evidence
WYL000-01-A,6_10yr,2025,Jody,Jody Kendall,2025-09-27,2025-08-25,0972dfa4-235a-47f4-9f28-876b30d88ef5,c9100a72-178e-4cae-81fb-a72559870be1,invitee_email,,Calendly host - 2025,Invitee name/email evidence
WYN485-01-A,6_10yr,2025,Cassie,Cassie Nickerson,2025-07-08,2025-06-30,b51d0084-d684-406c-b898-6e50b5303c13,ffddc6db-db71-4d8e-9896-4438490afa59,invitee_email,,Calendly host - 2025,Invitee name/email evidence
WYR002-01-A,6_10yr,2025,Nicole,Nicole Lipcaman,2025-06-16,2025-06-06,e212d56f-d344-4c80-b338-e1eb225783a9,b0f2ec40-0d4f-497a-bdc6-1d2963959b30,invitee_email,,Calendly host - 2025,Invitee name/email evidence
WYZ100-01-A,11_17yr,2025,Cassie,Cassie Nickerson,2025-09-15,2025-08-11,fa403ea0-30a5-41de-aed7-5bad06a8522b,c6336a9d-6fb9-4fd6-b54b-8f2b8860e740,invitee_email,,Calendly host - 2025,Invitee name/email evidence
WZT929-01-A,3_5yr,2025,Cassie,Cassie Nickerson,2025-11-08,2025-09-18,8689e32e-49fc-4a9f-bddd-bd8e2a75f20d,3a22418d-298b-4a9c-9d55-02bae22ea99f,invitee_email,,Calendly host - 2025,Invitee name/email evidence
XDF604-01-A,6_10yr,2025,Cassie,Cassie Nickerson,2025-09-07,2025-07-22,a910378f-0e7c-433e-a202-8a47f6c85fb3,89acc4d8-e839-4efe-87bf-71106e121b16,invitee_email,,Calendly host - 2025,Invitee name/email evidence
XGC495-01-A,3_5yr,2025,Amy,Amy Scharmen-Burgdolf,2025-08-20,2025-08-13,7e08bd21-fb56-4e27-9e24-d1fa8cf6f5fd,7dd891c4-aba7-423f-80a5-90a3673a37a5,invitee_child_name,,Calendly host - 2025,Invitee name/email evidence
XKF863-01-A,11_17yr,2025,Jo,Jolyn Lerma,2025-11-06,2025-10-16,ca26f52d-57de-448f-b8e0-2ae9f762c7b8,a3eea9e2-b61c-4ec9-b07b-77c903943b85,invitee_email,,Calendly host - 2025,Invitee name/email evidence
XMH232-01-A,6_10yr,2025,Cassie,Cassie Nickerson,2025-07-07,2025-06-17,5d52072b-6dbb-437f-b9cd-7e982ddee654,c3131407-fb83-4d70-8995-a94cfa09e8b8,invitee_email,,Calendly host - 2025,Invitee name/email evidence
XQD155-01-A,6_10yr,2025,Nicole,Nicole Lipcaman,2025-08-26,2025-08-11,9f9c8869-d486-42ee-9564-ef1c27ee4b5c,d65a1fae-5310-4487-9f06-b78d4693141b,invitee_child_name,,Calendly host - 2025,Invitee name/email evidence
XTH804-01-A,6_10yr,2025,Toye,Shetoye  Rice,2025-07-31,2025-07-21,8536ef63-e882-47ca-94a6-bbaa9d4b01d8,b9f3d946-67fa-431c-af97-8fb240ba0d7a,invitee_email,,Calendly host - 2025,Invitee name/email evidence
XVF774-01-A,6_10yr,2025,Jody,Jody Kendall,2025-07-30,2025-07-24,a5fe69ca-3a20-42d5-80c6-6db3ddf4b932,082da7c3-2251-4ac3-a991-cde249cfa94f,invitee_email,,Calendly host - 2025,Invitee name/email evidence
XVL743-01-A,6_10yr,2025,Jody,Jody Kendall,2025-11-15,2025-11-05,1cfa9e9e-e924-4d06-9379-c5499ab7f466,102e5595-2712-4ee9-b44c-45a899028842,invitee_email,,Calendly host - 2025,Invitee name/email evidence
XXP126-01-A,6_10yr,2025,Breanna,Breanna Kornatowski,2025-11-19,2025-11-13,39aba080-1cd1-45eb-b92c-bafa421ce230,80cb74fb-1ab0-4f14-8336-a37c3b24e7d2,child_echo_id,,Calendly host - 2025,Direct participant evidence
XXW639-01-A,6_10yr,2025,Nicole,Nicole Lipcaman,2025-08-26,2025-07-08,5580669a-f5d9-4aaa-9a23-c4328cfb882f,95119f90-c065-4910-947e-576f632851cd,invitee_email,,Calendly host - 2025,Invitee name/email evidence
XZN379-01-A,3_5yr,2025,Jody,Jody Kendall,2025-07-16,2025-06-23,f7bf158a-ad00-426e-9584-7a121a6fb4c9,620c306d-f075-451d-8f78-eaae8765367d,invitee_email,,Calendly host - 2025,Invitee name/email evidence
YDD017-01-A,3_5yr,2025,Jody,Jody Kendall,2025-11-21,2025-10-13,d6538c03-60b5-4c1a-ae1a-6cd1cef7744b,a977a387-e993-4558-98c3-0a35425a35a9,invitee_email,,Calendly host - 2025,Invitee name/email evidence
YGB645-01-A,24_35_month,2025,Breanna,Breanna Kornatowski,2025-12-16,2025-11-26,73f1c6a4-5036-4012-8a5b-77d65597175f,38e11dc8-913e-4ea4-96d4-263f09295a9f,invitee_email,,Calendly host - 2025,Invitee name/email evidence
YJD781-01-A,6_10yr,2025,Nicole,Nicole Lipcaman,2025-08-18,2025-08-01,49b38ad2-4bdb-4e92-9481-e1639f2bae79,63026ed2-819c-4293-8277-ea35323f9cdd,invitee_child_name,,Calendly host - 2025,Invitee name/email evidence
YLG694-01-A,11_17yr,2025,Jo,Jolyn Lerma,2025-06-25,2025-06-19,73662423-5124-4708-890e-57e2492b432e,e86895ee-7e4d-402c-96d7-6e7526f8e353,invitee_email,,Calendly host - 2025,Invitee name/email evidence
YLV944-01-A,6_10yr,2025,Breanna,Breanna Kornatowski,2025-11-14,2025-10-24,9646b1fe-f1e4-4220-9ba1-24e300addb10,65261037-5a4c-4390-a8b9-633ebf855bb1,invitee_email,,Calendly host - 2025,Invitee name/email evidence
YMS783-01-A,24_35_month,2025,Jody,Jody Kendall,2025-09-03,2025-08-07,5485cea0-856b-4500-bcae-888fd6db3e88,f8e93445-6acd-485e-abff-6a0181d24d8c,invitee_email,,Calendly host - 2025,Invitee name/email evidence
YNZ445-01-A,6_10yr,2025,Toye,Shetoye  Rice,2025-07-31,2025-07-22,935bf216-d6da-49dd-8b38-c3b65a692147,1eab6ab7-b2b4-47de-9f2b-cbb145aacc8c,invitee_email,,Calendly host - 2025,Invitee name/email evidence
YWZ475-01-A,3_5yr,2025,Cassie,Cassie Nickerson,2025-11-16,2025-10-01,185fd14c-2c13-48a7-8a04-e55391fbc4de,2ba4473f-3ee5-486c-8571-b7ac19109246,invitee_email,,Calendly host - 2025,Invitee name/email evidence
YXL848-01-A,11_17yr,2025,Jo,Jolyn Lerma,2025-08-07,2025-07-07,e70be283-20bd-42cc-a5bb-87d2dbce26fc,3086320f-88f5-4120-aca9-d29d465d5e05,invitee_email,,Calendly host - 2025,Invitee name/email evidence
YXX723-01-A,24_35_month,2025,Toye,Shetoye  Rice,2025-11-25,2025-11-19,8ab6a5e7-f034-49cb-8937-a72c27ea4e1b,9527574e-25b9-4f1c-931c-248a2f68570f,invitee_email,,Calendly host - 2025,Invitee name/email evidence
YYJ169-01-A,6_10yr,2025,Toye,Shetoye  Rice,2025-07-08,2025-06-26,92d16ff1-0eaf-4fa6-9421-3f5ba05e9b43,6d529bfb-8492-447a-810d-3ce184a14e4e,invitee_child_name,,Calendly host - 2025,Invitee name/email evidence
ZBF912-01-A,6_10yr,2025,Cassie,Cassie Nickerson,2025-08-19,2025-07-21,dc13ea16-a534-4f59-b9a0-1fb1d47ba2d6,87f40110-b407-4e70-b4af-5507121d2a62,invitee_email,,Calendly host - 2025,Invitee name/email evidence
ZDZ857-01-A,6_10yr,2025,Jo,Jolyn Lerma,2025-06-18,2025-06-14,b8960f7e-236c-4666-bb07-a56dd4f90007,ceb5fbc6-ae5d-492b-bf62-e7e0976a740a,invitee_child_name,,Calendly host - 2025,Invitee name/email evidence
ZGB387-01-A,6_10yr,2025,Breanna,Breanna Kornatowski,2025-11-14,2025-10-25,115df965-1ace-4ab7-a765-e82638acb04a,7ec7517c-13ac-478a-b73d-5468b4d34f1a,invitee_email,,Calendly host - 2025,Invitee name/email evidence
ZHQ218-01-A,6_10yr,2025,Toye,Shetoye  Rice,2025-07-22,2025-07-01,479a63a0-7391-4783-9743-d54b3ef648c1,158b27f2-60d3-4907-a397-8da4c8d8d2a0,invitee_child_name,,Calendly host - 2025,Invitee name/email evidence
ZKX281-01-A,24_35_month,2025,Toye,Shetoye  Rice,2025-10-28,2025-10-23,0f049cb2-c8af-4b0b-9119-2fbe6e513c8e,f14814d8-ffeb-4ade-801c-8a97c0621c7a,invitee_email,,Calendly host - 2025,Invitee name/email evidence
ZND119-01-A,6_10yr,2025,Nicole,Nicole Lipcaman,2025-07-17,2025-06-26,3110d5bc-aafa-4cff-b33b-d4b9dd211ab0,2596afbb-5c36-45fc-91bc-89f065d78976,invitee_email,,Calendly host - 2025,Invitee name/email evidence
ZNQ676-01-A,11_17yr,2025,Cassie,Cassie Nickerson,2025-10-19,2025-08-25,c63cda3f-c905-4496-bb7e-824fd6521f4a,7ec27757-cf38-45bf-ae7c-e667a225ef73,invitee_email,,Calendly host - 2025,Invitee name/email evidence
ZPR445-01-A,11_17yr,2025,Amy,Amy Scharmen-Burgdolf,2025-10-21,2025-10-14,9fe6ebc9-3f98-40e4-910d-871cbd213e74,f1bb6819-b804-49e9-973e-eab2382a3673,invitee_email,,Calendly host - 2025,Invitee name/email evidence
ZPX220-01-A,11_17yr,2025,Jo,Jolyn Lerma,2025-09-20,2025-08-14,1333e3a8-2615-4b92-8845-265c783fd827,e6a88482-b84a-4c80-92f6-814bcaaf016a,invitee_child_name,,Calendly host - 2025,Invitee name/email evidence
ZSB509-01-A,11_17yr,2025,Amy,Amy Scharmen-Burgdolf,2025-12-07,2025-11-11,314eb9bb-152b-4d24-9dc9-e93967eb9ece,0a618014-374b-45e9-90e5-c7de217d7557,invitee_email,,Calendly host - 2025,Invitee name/email evidence
ZSD451-01-A,3_5yr,2025,Toye,Shetoye  Rice,2025-12-02,2025-11-26,db976f01-4374-4928-8d92-8c3691555823,91c32ceb-c23d-4b47-9489-a6db18b087c5,invitee_email,,Calendly host - 2025,Invitee name/email evidence
ZVQ878-01-A,24_35_month,2025,Toye,Shetoye  Rice,2025-06-03,2025-05-21,7822e040-49b8-4b4c-ba29-1c5aa4e53453,c2c5fe9d-dcb4-4d49-ba07-00732e2366cc,invitee_email,,Calendly host - 2025,Invitee name/email evidence
ZVV604-01-A,6_10yr,2025,Nicole,Nicole Lipcaman,2025-07-29,2025-07-18,2d352f64-fc46-4592-bdce-2b2e6e8e5117,ba4b1c2a-8de7-4293-bbb0-46ed4651ef2b,invitee_email,,Calendly host - 2025,Invitee name/email evidence
ZVX302-01-A,6_10yr,2025,Nicole,Nicole Lipcaman,2025-08-11,2025-07-07,7b362387-b24d-4d31-8c8b-89d0db512fe1,c941b6d1-2844-41d0-82a8-25ed32138b1b,invitee_email,,Calendly host - 2025,Invitee name/email evidence
ZZZ654-01-A,6_10yr,2025,Toye,Shetoye  Rice,2025-06-22,2025-06-11,98aad696-9cdd-4ef2-ab26-1772ea0a0212,ffbf9306-5034-4d4c-98c9-6325742384ce,invitee_email,,Calendly host - 2025,Invitee name/email evidence
