participant_key,globalId,customId,echo_id,PIN,globalId_raw,customId_raw,id_swapped,id_moved_to_custom,statusId,site,event_code,event_date,event_label,stage,is_biospecimen,is_prenatal_element,year,month_number,month_name,month_start,event_count,report_as_of
global:CDX218-01-0 (277),CDX218-01-0 (277),4179P1,CDX218-01-0,277,4179P1,CDX218-01-0 (277),TRUE,FALSE,Prenatal Complete,Detroit,actigraphy,2026-01-02,Actigraphy,Prenatal,FALSE,TRUE,2026,1,January,2026-01-01,1,2026-10-08
global:PGR160-01-0 (475),PGR160-01-0 (475),4780P1,PGR160-01-0,475,4780P1,PGR160-01-0 (475),TRUE,FALSE,Prenatal Complete,Traverse City,child_dob,2026-01-02,Births,Milestone,FALSE,FALSE,2026,1,January,2026-01-01,1,2026-10-08
global:SLF955-01-0 (739),SLF955-01-0 (739),4485P1,SLF955-01-0,739,4485P1,SLF955-01-0 (739),TRUE,FALSE,Flint,Flint,child_dob,2026-01-05,Births,Milestone,FALSE,FALSE,2026,1,January,2026-01-01,1,2026-10-08
global:LGG437-01-0 (211),LGG437-01-0 (211),4777P1,LGG437-01-0,211,4777P1,LGG437-01-0 (211),TRUE,FALSE,Prenatal Complete,Traverse City,child_dob,2026-01-05,Births,Milestone,FALSE,FALSE,2026,1,January,2026-01-01,1,2026-10-08
global:CZY180-01-0 (970),CZY180-01-0 (970),4159P1,CZY180-01-0,970,4159P1,CZY180-01-0 (970),TRUE,FALSE,Prenatal Complete,Detroit,cordblood,2026-01-06,Cord Blood,Prenatal,FALSE,TRUE,2026,1,January,2026-01-01,1,2026-10-08
custom:4148F1,QST675-01-A (911),4148F1,,,QST675-01-A (911),4148F1,FALSE,FALSE,0-5 Month Complete,Detroit,child_stool,2026-01-06,Child Stool,0-5 Month,TRUE,FALSE,2026,1,January,2026-01-01,1,2026-10-08
custom:4148F1,QST675-01-A (911),4148F1,,,QST675-01-A (911),4148F1,FALSE,FALSE,0-5 Month Complete,Detroit,mom_bs,2026-01-06,Maternal Bloodspot,0-5 Month,TRUE,FALSE,2026,1,January,2026-01-01,1,2026-10-08
custom:4148F1,QST675-01-A (911),4148F1,,,QST675-01-A (911),4148F1,FALSE,FALSE,0-5 Month Complete,Detroit,mom_hair,2026-01-06,Maternal Hair,0-5 Month,TRUE,FALSE,2026,1,January,2026-01-01,1,2026-10-08
global:CPP633-01-0 (442),CPP633-01-0 (442),4468P1,CPP633-01-0,442,4468P1,CPP633-01-0 (442),TRUE,FALSE,Prenatal Complete,Flint,child_dob,2026-01-06,Births,Milestone,FALSE,FALSE,2026,1,January,2026-01-01,1,2026-10-08
global:JDZ749-01-0 (871),JDZ749-01-0 (871),4180P1,JDZ749-01-0,871,4180P1,JDZ749-01-0 (871),TRUE,FALSE,Prenatal Complete,Detroit,consent_date,2026-01-07,Enrollments,Milestone,FALSE,FALSE,2026,1,January,2026-01-01,1,2026-10-08
global:JDZ749-01-0 (871),JDZ749-01-0 (871),4180P1,JDZ749-01-0,871,4180P1,JDZ749-01-0 (871),TRUE,FALSE,Prenatal Complete,Detroit,pn1_anthro,2026-01-07,Prenatal 1 Anthro,Prenatal,FALSE,TRUE,2026,1,January,2026-01-01,1,2026-10-08
global:JDZ749-01-0 (871),JDZ749-01-0 (871),4180P1,JDZ749-01-0,871,4180P1,JDZ749-01-0 (871),TRUE,FALSE,Prenatal Complete,Detroit,pn1_blood,2026-01-07,Prenatal 1 Blood,Prenatal,TRUE,TRUE,2026,1,January,2026-01-01,1,2026-10-08
global:JDZ749-01-0 (871),JDZ749-01-0 (871),4180P1,JDZ749-01-0,871,4180P1,JDZ749-01-0 (871),TRUE,FALSE,Prenatal Complete,Detroit,pn1_survey,2026-01-07,Prenatal 1 Survey,Prenatal,FALSE,TRUE,2026,1,January,2026-01-01,1,2026-10-08
global:JDZ749-01-0 (871),JDZ749-01-0 (871),4180P1,JDZ749-01-0,871,4180P1,JDZ749-01-0 (871),TRUE,FALSE,Prenatal Complete,Detroit,pn1_urine,2026-01-07,Prenatal 1 Urine,Prenatal,TRUE,TRUE,2026,1,January,2026-01-01,1,2026-10-08
global:WVK885-01-0 (432),WVK885-01-0 (432),4789P1,WVK885-01-0,432,4789P1,WVK885-01-0 (432),TRUE,FALSE,Prenatal Complete,Traverse City,pn2_survey,2026-01-07,Prenatal 2 Survey,Prenatal,FALSE,TRUE,2026,1,January,2026-01-01,1,2026-10-08
custom:4756F1,WWW781-01-A (274),4756F1,,,WWW781-01-A (274),4756F1,FALSE,FALSE,0-5 Month Complete,Traverse City,child_stool,2026-01-07,Child Stool,0-5 Month,TRUE,FALSE,2026,1,January,2026-01-01,1,2026-10-08
custom:4756F1,WWW781-01-A (274),4756F1,,,WWW781-01-A (274),4756F1,FALSE,FALSE,0-5 Month Complete,Traverse City,child_urine,2026-01-07,Child Urine,0-5 Month,TRUE,FALSE,2026,1,January,2026-01-01,1,2026-10-08
custom:4756F1,WWW781-01-A (274),4756F1,,,WWW781-01-A (274),4756F1,FALSE,FALSE,0-5 Month Complete,Traverse City,mom_hair,2026-01-07,Maternal Hair,0-5 Month,TRUE,FALSE,2026,1,January,2026-01-01,1,2026-10-08
global:ZLX499-01-0 (663),ZLX499-01-0 (663),4776P1,ZLX499-01-0,663,4776P1,ZLX499-01-0 (663),TRUE,FALSE,Prenatal Complete,Traverse City,pn2_anthro,2026-01-07,Prenatal 2 Anthro,Prenatal,FALSE,TRUE,2026,1,January,2026-01-01,1,2026-10-08
global:ZLX499-01-0 (663),ZLX499-01-0 (663),4776P1,ZLX499-01-0,663,4776P1,ZLX499-01-0 (663),TRUE,FALSE,Prenatal Complete,Traverse City,pn2_blood,2026-01-07,Prenatal 2 Blood,Prenatal,TRUE,TRUE,2026,1,January,2026-01-01,1,2026-10-08
global:ZLX499-01-0 (663),ZLX499-01-0 (663),4776P1,ZLX499-01-0,663,4776P1,ZLX499-01-0 (663),TRUE,FALSE,Prenatal Complete,Traverse City,pn2_urine,2026-01-07,Prenatal 2 Urine,Prenatal,TRUE,TRUE,2026,1,January,2026-01-01,1,2026-10-08
global:FLN684-01-0 (541),FLN684-01-0 (541),4176P1,FLN684-01-0,541,4176P1,FLN684-01-0 (541),TRUE,FALSE,Prenatal Complete,Detroit,pn1_blood,2026-01-08,Prenatal 1 Blood,Prenatal,TRUE,TRUE,2026,1,January,2026-01-01,1,2026-10-08
custom:4155F1,WCV960-01-A (548),4155F1,,,WCV960-01-A (548),4155F1,FALSE,FALSE,0-5 Month Complete,Detroit,child_stool,2026-01-08,Child Stool,0-5 Month,TRUE,FALSE,2026,1,January,2026-01-01,1,2026-10-08
custom:4155F1,WCV960-01-A (548),4155F1,,,WCV960-01-A (548),4155F1,FALSE,FALSE,0-5 Month Complete,Detroit,child_urine,2026-01-08,Child Urine,0-5 Month,TRUE,FALSE,2026,1,January,2026-01-01,1,2026-10-08
custom:4155F1,WCV960-01-A (548),4155F1,,,WCV960-01-A (548),4155F1,FALSE,FALSE,0-5 Month Complete,Detroit,mom_bs,2026-01-08,Maternal Bloodspot,0-5 Month,TRUE,FALSE,2026,1,January,2026-01-01,1,2026-10-08
custom:4155F1,WCV960-01-A (548),4155F1,,,WCV960-01-A (548),4155F1,FALSE,FALSE,0-5 Month Complete,Detroit,mom_hair,2026-01-08,Maternal Hair,0-5 Month,TRUE,FALSE,2026,1,January,2026-01-01,1,2026-10-08
global:BYQ053-01-0 (607),BYQ053-01-0 (607),4787P1,BYQ053-01-0,607,4787P1,BYQ053-01-0 (607),TRUE,FALSE,Prenatal Complete,Traverse City,pn2_survey,2026-01-08,Prenatal 2 Survey,Prenatal,FALSE,TRUE,2026,1,January,2026-01-01,1,2026-10-08
global:LNM531-01-0 (475),LNM531-01-0 (475),4782P1,LNM531-01-0,475,4782P1,LNM531-01-0 (475),TRUE,FALSE,Prenatal Complete,Traverse City,pn2_survey,2026-01-08,Prenatal 2 Survey,Prenatal,FALSE,TRUE,2026,1,January,2026-01-01,1,2026-10-08
global:SJJ762-01-0 (673),SJJ762-01-0 (673),4786P1,SJJ762-01-0,673,4786P1,SJJ762-01-0 (673),TRUE,FALSE,Prenatal Complete,Traverse City,pn2_blood,2026-01-08,Prenatal 2 Blood,Prenatal,TRUE,TRUE,2026,1,January,2026-01-01,1,2026-10-08
global:SJJ762-01-0 (673),SJJ762-01-0 (673),4786P1,SJJ762-01-0,673,4786P1,SJJ762-01-0 (673),TRUE,FALSE,Prenatal Complete,Traverse City,pn2_urine,2026-01-08,Prenatal 2 Urine,Prenatal,TRUE,TRUE,2026,1,January,2026-01-01,1,2026-10-08
global:TBV278-01-0 (904),TBV278-01-0 (904),4795P1,TBV278-01-0,904,4795P1,TBV278-01-0 (904),TRUE,FALSE,Prenatal Complete,Traverse City,pn2_survey,2026-01-08,Prenatal 2 Survey,Prenatal,FALSE,TRUE,2026,1,January,2026-01-01,1,2026-10-08
global:WMD058-01-0 (640),WMD058-01-0 (640),4788P1,WMD058-01-0,640,4788P1,WMD058-01-0 (640),TRUE,FALSE,Prenatal Complete,Traverse City,pn2_survey,2026-01-08,Prenatal 2 Survey,Prenatal,FALSE,TRUE,2026,1,January,2026-01-01,1,2026-10-08
global:QTD282-01-0 (640),QTD282-01-0 (640),4473P1,QTD282-01-0,640,4473P1,QTD282-01-0 (640),TRUE,FALSE,Prenatal Complete,Flint,pn2_survey,2026-01-09,Prenatal 2 Survey,Prenatal,FALSE,TRUE,2026,1,January,2026-01-01,1,2026-10-08
global:ZRB102-01-0 (508),ZRB102-01-0 (508),4486P1,ZRB102-01-0,508,4486P1,ZRB102-01-0 (508),TRUE,FALSE,Prenatal Complete,Flint,pn2_survey,2026-01-09,Prenatal 2 Survey,Prenatal,FALSE,TRUE,2026,1,January,2026-01-01,1,2026-10-08
global:CZK707-01-0 (673),CZK707-01-0 (673),4161P1,CZK707-01-0,673,4161P1,CZK707-01-0 (673),TRUE,FALSE,Prenatal Complete,Detroit,child_dob,2026-01-12,Births,Milestone,FALSE,FALSE,2026,1,January,2026-01-01,1,2026-10-08
global:XVP185-01-0 (399),XVP185-01-0 (399),4489P1,XVP185-01-0,399,4489P1,XVP185-01-0 (399),TRUE,FALSE,Prenatal Complete,Flint,pn2_survey,2026-01-12,Prenatal 2 Survey,Prenatal,FALSE,TRUE,2026,1,January,2026-01-01,1,2026-10-08
custom:4775F1,PZJ271-01-A (515),4775F1,,,PZJ271-01-A (515),4775F1,FALSE,FALSE,0-5 Month Complete,Traverse City,mom_hair,2026-01-12,Maternal Hair,0-5 Month,TRUE,FALSE,2026,1,January,2026-01-01,1,2026-10-08
global:TLN478-01-0 (136),TLN478-01-0 (136),4781P1,TLN478-01-0,136,4781P1,TLN478-01-0 (136),TRUE,FALSE,Prenatal Complete,Traverse City,pn2_survey,2026-01-12,Prenatal 2 Survey,Prenatal,FALSE,TRUE,2026,1,January,2026-01-01,1,2026-10-08
global:JBP890-01-0 (376),JBP890-01-0 (376),4172P1,JBP890-01-0,376,4172P1,JBP890-01-0 (376),TRUE,FALSE,Prenatal Complete,Detroit,pn2_survey,2026-01-13,Prenatal 2 Survey,Prenatal,FALSE,TRUE,2026,1,January,2026-01-01,1,2026-10-08
global:SJJ762-01-0 (673),SJJ762-01-0 (673),4786P1,SJJ762-01-0,673,4786P1,SJJ762-01-0 (673),TRUE,FALSE,Prenatal Complete,Traverse City,pn2_survey,2026-01-13,Prenatal 2 Survey,Prenatal,FALSE,TRUE,2026,1,January,2026-01-01,1,2026-10-08
global:CZK707-01-0 (673),CZK707-01-0 (673),4161P1,CZK707-01-0,673,4161P1,CZK707-01-0 (673),TRUE,FALSE,Prenatal Complete,Detroit,cordblood,2026-01-14,Cord Blood,Prenatal,FALSE,TRUE,2026,1,January,2026-01-01,1,2026-10-08
global:KFX637-01-0 (772),KFX637-01-0 (772),4165P1,KFX637-01-0,772,4165P1,KFX637-01-0 (772),TRUE,FALSE,Prenatal Complete,Detroit,child_dob,2026-01-14,Births,Milestone,FALSE,FALSE,2026,1,January,2026-01-01,1,2026-10-08
global:WNT485-01-0 (333),WNT485-01-0 (333),4166P1,WNT485-01-0,333,4166P1,WNT485-01-0 (333),TRUE,FALSE,Detroit,Detroit,pn2_anthro,2026-01-14,Prenatal 2 Anthro,Prenatal,FALSE,TRUE,2026,1,January,2026-01-01,1,2026-10-08
global:WNT485-01-0 (333),WNT485-01-0 (333),4166P1,WNT485-01-0,333,4166P1,WNT485-01-0 (333),TRUE,FALSE,Detroit,Detroit,pn2_blood,2026-01-14,Prenatal 2 Blood,Prenatal,TRUE,TRUE,2026,1,January,2026-01-01,1,2026-10-08
global:WNT485-01-0 (333),WNT485-01-0 (333),4166P1,WNT485-01-0,333,4166P1,WNT485-01-0 (333),TRUE,FALSE,Detroit,Detroit,pn2_urine,2026-01-14,Prenatal 2 Urine,Prenatal,TRUE,TRUE,2026,1,January,2026-01-01,1,2026-10-08
global:XPH753-01-0 (970),XPH753-01-0 (970),4475P1,XPH753-01-0,970,4475P1,XPH753-01-0 (970),TRUE,FALSE,Prenatal Complete,Flint,pn2_anthro,2026-01-14,Prenatal 2 Anthro,Prenatal,FALSE,TRUE,2026,1,January,2026-01-01,1,2026-10-08
global:XPH753-01-0 (970),XPH753-01-0 (970),4475P1,XPH753-01-0,970,4475P1,XPH753-01-0 (970),TRUE,FALSE,Prenatal Complete,Flint,pn2_blood,2026-01-14,Prenatal 2 Blood,Prenatal,TRUE,TRUE,2026,1,January,2026-01-01,1,2026-10-08
global:XPH753-01-0 (970),XPH753-01-0 (970),4475P1,XPH753-01-0,970,4475P1,XPH753-01-0 (970),TRUE,FALSE,Prenatal Complete,Flint,pn2_survey,2026-01-14,Prenatal 2 Survey,Prenatal,FALSE,TRUE,2026,1,January,2026-01-01,1,2026-10-08
global:LVK846-01-0 (970),LVK846-01-0 (970),4479P1,LVK846-01-0,970,4479P1,LVK846-01-0 (970),TRUE,FALSE,Prenatal Complete,Flint,pn2_blood,2026-01-15,Prenatal 2 Blood,Prenatal,TRUE,TRUE,2026,1,January,2026-01-01,1,2026-10-08
global:LVK846-01-0 (970),LVK846-01-0 (970),4479P1,LVK846-01-0,970,4479P1,LVK846-01-0 (970),TRUE,FALSE,Prenatal Complete,Flint,pn2_urine,2026-01-15,Prenatal 2 Urine,Prenatal,TRUE,TRUE,2026,1,January,2026-01-01,1,2026-10-08
global:QTD282-01-0 (640),QTD282-01-0 (640),4473P1,QTD282-01-0,640,4473P1,QTD282-01-0 (640),TRUE,FALSE,Prenatal Complete,Flint,pn2_anthro,2026-01-15,Prenatal 2 Anthro,Prenatal,FALSE,TRUE,2026,1,January,2026-01-01,1,2026-10-08
global:BYQ053-01-0 (607),BYQ053-01-0 (607),4787P1,BYQ053-01-0,607,4787P1,BYQ053-01-0 (607),TRUE,FALSE,Prenatal Complete,Traverse City,pn2_anthro,2026-01-15,Prenatal 2 Anthro,Prenatal,FALSE,TRUE,2026,1,January,2026-01-01,1,2026-10-08
global:BYQ053-01-0 (607),BYQ053-01-0 (607),4787P1,BYQ053-01-0,607,4787P1,BYQ053-01-0 (607),TRUE,FALSE,Prenatal Complete,Traverse City,pn2_blood,2026-01-15,Prenatal 2 Blood,Prenatal,TRUE,TRUE,2026,1,January,2026-01-01,1,2026-10-08
global:BYQ053-01-0 (607),BYQ053-01-0 (607),4787P1,BYQ053-01-0,607,4787P1,BYQ053-01-0 (607),TRUE,FALSE,Prenatal Complete,Traverse City,pn2_urine,2026-01-15,Prenatal 2 Urine,Prenatal,TRUE,TRUE,2026,1,January,2026-01-01,1,2026-10-08
custom:4758F1,MJX352-01-A (350),4758F1,,,MJX352-01-A (350),4758F1,FALSE,FALSE,0-5 Month Complete,Traverse City,mom_hair,2026-01-15,Maternal Hair,0-5 Month,TRUE,FALSE,2026,1,January,2026-01-01,1,2026-10-08
global:WVK885-01-0 (432),WVK885-01-0 (432),4789P1,WVK885-01-0,432,4789P1,WVK885-01-0 (432),TRUE,FALSE,Prenatal Complete,Traverse City,pn2_anthro,2026-01-15,Prenatal 2 Anthro,Prenatal,FALSE,TRUE,2026,1,January,2026-01-01,1,2026-10-08
global:JBP890-01-0 (376),JBP890-01-0 (376),4172P1,JBP890-01-0,376,4172P1,JBP890-01-0 (376),TRUE,FALSE,Prenatal Complete,Detroit,pn2_anthro,2026-01-16,Prenatal 2 Anthro,Prenatal,FALSE,TRUE,2026,1,January,2026-01-01,1,2026-10-08
global:JBP890-01-0 (376),JBP890-01-0 (376),4172P1,JBP890-01-0,376,4172P1,JBP890-01-0 (376),TRUE,FALSE,Prenatal Complete,Detroit,pn2_blood,2026-01-16,Prenatal 2 Blood,Prenatal,TRUE,TRUE,2026,1,January,2026-01-01,1,2026-10-08
global:JBP890-01-0 (376),JBP890-01-0 (376),4172P1,JBP890-01-0,376,4172P1,JBP890-01-0 (376),TRUE,FALSE,Prenatal Complete,Detroit,pn2_urine,2026-01-16,Prenatal 2 Urine,Prenatal,TRUE,TRUE,2026,1,January,2026-01-01,1,2026-10-08
global:TKN820-01-0 (706),TKN820-01-0 (706),4472P1,TKN820-01-0,706,4472P1,TKN820-01-0 (706),TRUE,FALSE,Prenatal Complete,Flint,pn2_anthro,2026-01-16,Prenatal 2 Anthro,Prenatal,FALSE,TRUE,2026,1,January,2026-01-01,1,2026-10-08
global:TKN820-01-0 (706),TKN820-01-0 (706),4472P1,TKN820-01-0,706,4472P1,TKN820-01-0 (706),TRUE,FALSE,Prenatal Complete,Flint,pn2_blood,2026-01-16,Prenatal 2 Blood,Prenatal,TRUE,TRUE,2026,1,January,2026-01-01,1,2026-10-08
global:TKN820-01-0 (706),TKN820-01-0 (706),4472P1,TKN820-01-0,706,4472P1,TKN820-01-0 (706),TRUE,FALSE,Prenatal Complete,Flint,pn2_urine,2026-01-16,Prenatal 2 Urine,Prenatal,TRUE,TRUE,2026,1,January,2026-01-01,1,2026-10-08
custom:4762F1,BZW702-01-A (449),4762F1,,,BZW702-01-A (449),4762F1,FALSE,FALSE,0-5 Month Complete,Traverse City,child_stool,2026-01-16,Child Stool,0-5 Month,TRUE,FALSE,2026,1,January,2026-01-01,1,2026-10-08
custom:4762F1,BZW702-01-A (449),4762F1,,,BZW702-01-A (449),4762F1,FALSE,FALSE,0-5 Month Complete,Traverse City,child_urine,2026-01-16,Child Urine,0-5 Month,TRUE,FALSE,2026,1,January,2026-01-01,1,2026-10-08
global:YMP799-01-0 (498),YMP799-01-0 (498),4747P1,YMP799-01-0,498,4747P1,YMP799-01-0 (498),TRUE,FALSE,Prenatal Complete,Traverse City,pn2_blood,2026-01-16,Prenatal 2 Blood,Prenatal,TRUE,TRUE,2026,1,January,2026-01-01,1,2026-10-08
global:XTL216-01-0 (136),XTL216-01-0 (136),4801P1,XTL216-01-0,136,4801P1,XTL216-01-0 (136),TRUE,FALSE,Prenatal Complete,Traverse City,pn2_survey,2026-01-19,Prenatal 2 Survey,Prenatal,FALSE,TRUE,2026,1,January,2026-01-01,1,2026-10-08
custom:4153F1,LGZ547-01-A (482),4153F1,,,LGZ547-01-A (482),4153F1,FALSE,FALSE,0-5 Month Complete,Detroit,child_stool,2026-01-20,Child Stool,0-5 Month,TRUE,FALSE,2026,1,January,2026-01-01,1,2026-10-08
custom:4153F1,LGZ547-01-A (482),4153F1,,,LGZ547-01-A (482),4153F1,FALSE,FALSE,0-5 Month Complete,Detroit,mom_bs,2026-01-20,Maternal Bloodspot,0-5 Month,TRUE,FALSE,2026,1,January,2026-01-01,1,2026-10-08
custom:4153F1,LGZ547-01-A (482),4153F1,,,LGZ547-01-A (482),4153F1,FALSE,FALSE,0-5 Month Complete,Detroit,mom_hair,2026-01-20,Maternal Hair,0-5 Month,TRUE,FALSE,2026,1,January,2026-01-01,1,2026-10-08
global:NCY578-01-0 (937),NCY578-01-0 (937),4792P1,NCY578-01-0,937,4792P1,NCY578-01-0 (937),TRUE,FALSE,Prenatal Complete,Traverse City,pn2_survey,2026-01-20,Prenatal 2 Survey,Prenatal,FALSE,TRUE,2026,1,January,2026-01-01,1,2026-10-08
custom:4763F1,JBV363-01-A (987),4763F1,,,JBV363-01-A (987),4763F1,FALSE,FALSE,0-5 Month Complete,Traverse City,mom_hair,2026-01-21,Maternal Hair,0-5 Month,TRUE,FALSE,2026,1,January,2026-01-01,1,2026-10-08
global:LNM531-01-0 (475),LNM531-01-0 (475),4782P1,LNM531-01-0,475,4782P1,LNM531-01-0 (475),TRUE,FALSE,Prenatal Complete,Traverse City,pn2_anthro,2026-01-21,Prenatal 2 Anthro,Prenatal,FALSE,TRUE,2026,1,January,2026-01-01,1,2026-10-08
global:LNM531-01-0 (475),LNM531-01-0 (475),4782P1,LNM531-01-0,475,4782P1,LNM531-01-0 (475),TRUE,FALSE,Prenatal Complete,Traverse City,pn2_blood,2026-01-21,Prenatal 2 Blood,Prenatal,TRUE,TRUE,2026,1,January,2026-01-01,1,2026-10-08
global:LNM531-01-0 (475),LNM531-01-0 (475),4782P1,LNM531-01-0,475,4782P1,LNM531-01-0 (475),TRUE,FALSE,Prenatal Complete,Traverse City,pn2_urine,2026-01-21,Prenatal 2 Urine,Prenatal,TRUE,TRUE,2026,1,January,2026-01-01,1,2026-10-08
global:NCY578-01-0 (937),NCY578-01-0 (937),4792P1,NCY578-01-0,937,4792P1,NCY578-01-0 (937),TRUE,FALSE,Prenatal Complete,Traverse City,pn2_anthro,2026-01-21,Prenatal 2 Anthro,Prenatal,FALSE,TRUE,2026,1,January,2026-01-01,1,2026-10-08
global:NCY578-01-0 (937),NCY578-01-0 (937),4792P1,NCY578-01-0,937,4792P1,NCY578-01-0 (937),TRUE,FALSE,Prenatal Complete,Traverse City,pn2_blood,2026-01-21,Prenatal 2 Blood,Prenatal,TRUE,TRUE,2026,1,January,2026-01-01,1,2026-10-08
global:NCY578-01-0 (937),NCY578-01-0 (937),4792P1,NCY578-01-0,937,4792P1,NCY578-01-0 (937),TRUE,FALSE,Prenatal Complete,Traverse City,pn2_urine,2026-01-21,Prenatal 2 Urine,Prenatal,TRUE,TRUE,2026,1,January,2026-01-01,1,2026-10-08
global:TBV278-01-0 (904),TBV278-01-0 (904),4795P1,TBV278-01-0,904,4795P1,TBV278-01-0 (904),TRUE,FALSE,Prenatal Complete,Traverse City,pn2_anthro,2026-01-21,Prenatal 2 Anthro,Prenatal,FALSE,TRUE,2026,1,January,2026-01-01,1,2026-10-08
global:TBV278-01-0 (904),TBV278-01-0 (904),4795P1,TBV278-01-0,904,4795P1,TBV278-01-0 (904),TRUE,FALSE,Prenatal Complete,Traverse City,pn2_blood,2026-01-21,Prenatal 2 Blood,Prenatal,TRUE,TRUE,2026,1,January,2026-01-01,1,2026-10-08
global:TBV278-01-0 (904),TBV278-01-0 (904),4795P1,TBV278-01-0,904,4795P1,TBV278-01-0 (904),TRUE,FALSE,Prenatal Complete,Traverse City,pn2_urine,2026-01-21,Prenatal 2 Urine,Prenatal,TRUE,TRUE,2026,1,January,2026-01-01,1,2026-10-08
global:TLN478-01-0 (136),TLN478-01-0 (136),4781P1,TLN478-01-0,136,4781P1,TLN478-01-0 (136),TRUE,FALSE,Prenatal Complete,Traverse City,pn2_anthro,2026-01-21,Prenatal 2 Anthro,Prenatal,FALSE,TRUE,2026,1,January,2026-01-01,1,2026-10-08
global:TLN478-01-0 (136),TLN478-01-0 (136),4781P1,TLN478-01-0,136,4781P1,TLN478-01-0 (136),TRUE,FALSE,Prenatal Complete,Traverse City,pn2_blood,2026-01-21,Prenatal 2 Blood,Prenatal,TRUE,TRUE,2026,1,January,2026-01-01,1,2026-10-08
global:TLN478-01-0 (136),TLN478-01-0 (136),4781P1,TLN478-01-0,136,4781P1,TLN478-01-0 (136),TRUE,FALSE,Prenatal Complete,Traverse City,pn2_urine,2026-01-21,Prenatal 2 Urine,Prenatal,TRUE,TRUE,2026,1,January,2026-01-01,1,2026-10-08
custom:4774F1,VCJ373-01-A (153),4774F1,,,VCJ373-01-A (153),4774F1,FALSE,FALSE,0-5 Month Complete,Traverse City,mom_hair,2026-01-21,Maternal Hair,0-5 Month,TRUE,FALSE,2026,1,January,2026-01-01,1,2026-10-08
global:DRG492-01-0 (343),DRG492-01-0 (343),4471P1,DRG492-01-0,343,4471P1,DRG492-01-0 (343),TRUE,FALSE,Prenatal Complete,Flint,child_dob,2026-01-22,Births,Milestone,FALSE,FALSE,2026,1,January,2026-01-01,1,2026-10-08
global:QTD282-01-0 (640),QTD282-01-0 (640),4473P1,QTD282-01-0,640,4473P1,QTD282-01-0 (640),TRUE,FALSE,Prenatal Complete,Flint,child_dob,2026-01-22,Births,Milestone,FALSE,FALSE,2026,1,January,2026-01-01,1,2026-10-08
global:HWP759-01-0 (135),HWP759-01-0 (135),4181P1,HWP759-01-0,135,4181P1,HWP759-01-0 (135),TRUE,FALSE,Prenatal Complete,Detroit,consent_date,2026-01-23,Enrollments,Milestone,FALSE,FALSE,2026,1,January,2026-01-01,1,2026-10-08
global:HWP759-01-0 (135),HWP759-01-0 (135),4181P1,HWP759-01-0,135,4181P1,HWP759-01-0 (135),TRUE,FALSE,Prenatal Complete,Detroit,pn1_anthro,2026-01-23,Prenatal 1 Anthro,Prenatal,FALSE,TRUE,2026,1,January,2026-01-01,1,2026-10-08
global:HWP759-01-0 (135),HWP759-01-0 (135),4181P1,HWP759-01-0,135,4181P1,HWP759-01-0 (135),TRUE,FALSE,Prenatal Complete,Detroit,pn1_blood,2026-01-23,Prenatal 1 Blood,Prenatal,TRUE,TRUE,2026,1,January,2026-01-01,1,2026-10-08
global:HWP759-01-0 (135),HWP759-01-0 (135),4181P1,HWP759-01-0,135,4181P1,HWP759-01-0 (135),TRUE,FALSE,Prenatal Complete,Detroit,pn1_urine,2026-01-23,Prenatal 1 Urine,Prenatal,TRUE,TRUE,2026,1,January,2026-01-01,1,2026-10-08
global:JDZ749-01-0 (871),JDZ749-01-0 (871),4180P1,JDZ749-01-0,871,4180P1,JDZ749-01-0 (871),TRUE,FALSE,Prenatal Complete,Detroit,actigraphy,2026-01-23,Actigraphy,Prenatal,FALSE,TRUE,2026,1,January,2026-01-01,1,2026-10-08
global:QDZ468-01-0 (136),QDZ468-01-0 (136),4162P1,QDZ468-01-0,136,4162P1,QDZ468-01-0 (136),TRUE,FALSE,Prenatal Complete,Detroit,child_dob,2026-01-24,Births,Milestone,FALSE,FALSE,2026,1,January,2026-01-01,1,2026-10-08
global:NNX593-01-0 (168),NNX593-01-0 (168),4798P1,NNX593-01-0,168,4798P1,NNX593-01-0 (168),TRUE,FALSE,Prenatal Complete,Traverse City,pn2_survey,2026-01-24,Prenatal 2 Survey,Prenatal,FALSE,TRUE,2026,1,January,2026-01-01,1,2026-10-08
global:TKN820-01-0 (706),TKN820-01-0 (706),4472P1,TKN820-01-0,706,4472P1,TKN820-01-0 (706),TRUE,FALSE,Prenatal Complete,Flint,child_dob,2026-01-25,Births,Milestone,FALSE,FALSE,2026,1,January,2026-01-01,1,2026-10-08
global:BJH456-01-0 (146),BJH456-01-0 (146),4800P1,BJH456-01-0,146,4800P1,BJH456-01-0 (146),TRUE,FALSE,Prenatal Complete,Traverse City,pn2_survey,2026-01-25,Prenatal 2 Survey,Prenatal,FALSE,TRUE,2026,1,January,2026-01-01,1,2026-10-08
global:GRN417-01-0 (574),GRN417-01-0 (574),4799P1,GRN417-01-0,574,4799P1,GRN417-01-0 (574),TRUE,FALSE,Prenatal Complete,Traverse City,pn2_survey,2026-01-25,Prenatal 2 Survey,Prenatal,FALSE,TRUE,2026,1,January,2026-01-01,1,2026-10-08
global:HWP759-01-0 (135),HWP759-01-0 (135),4181P1,HWP759-01-0,135,4181P1,HWP759-01-0 (135),TRUE,FALSE,Prenatal Complete,Detroit,pn1_survey,2026-01-26,Prenatal 1 Survey,Prenatal,FALSE,TRUE,2026,1,January,2026-01-01,1,2026-10-08
global:XBR066-01-0 (739),XBR066-01-0 (739),4476P1,XBR066-01-0,739,4476P1,XBR066-01-0 (739),TRUE,FALSE,Prenatal Complete,Flint,pn2_survey,2026-01-26,Prenatal 2 Survey,Prenatal,FALSE,TRUE,2026,1,January,2026-01-01,1,2026-10-08
global:XRB073-01-0 (673),XRB073-01-0 (673),4164P1,XRB073-01-0,673,4164P1,XRB073-01-0 (673),TRUE,FALSE,Prenatal Complete,Detroit,child_dob,2026-01-27,Births,Milestone,FALSE,FALSE,2026,1,January,2026-01-01,1,2026-10-08
global:NNX593-01-0 (168),NNX593-01-0 (168),4798P1,NNX593-01-0,168,4798P1,NNX593-01-0 (168),TRUE,FALSE,Prenatal Complete,Traverse City,pn2_anthro,2026-01-27,Prenatal 2 Anthro,Prenatal,FALSE,TRUE,2026,1,January,2026-01-01,1,2026-10-08
global:NNX593-01-0 (168),NNX593-01-0 (168),4798P1,NNX593-01-0,168,4798P1,NNX593-01-0 (168),TRUE,FALSE,Prenatal Complete,Traverse City,pn2_blood,2026-01-27,Prenatal 2 Blood,Prenatal,TRUE,TRUE,2026,1,January,2026-01-01,1,2026-10-08
global:NNX593-01-0 (168),NNX593-01-0 (168),4798P1,NNX593-01-0,168,4798P1,NNX593-01-0 (168),TRUE,FALSE,Prenatal Complete,Traverse City,pn2_urine,2026-01-27,Prenatal 2 Urine,Prenatal,TRUE,TRUE,2026,1,January,2026-01-01,1,2026-10-08
global:KDC458-01-0 (146),KDC458-01-0 (146),4173P1,KDC458-01-0,146,4173P1,KDC458-01-0 (146),TRUE,FALSE,Prenatal Complete,Detroit,pn2_survey,2026-01-28,Prenatal 2 Survey,Prenatal,FALSE,TRUE,2026,1,January,2026-01-01,1,2026-10-08
global:KDC458-01-0 (146),KDC458-01-0 (146),4173P1,KDC458-01-0,146,4173P1,KDC458-01-0 (146),TRUE,FALSE,Prenatal Complete,Detroit,pn2_anthro,2026-01-30,Prenatal 2 Anthro,Prenatal,FALSE,TRUE,2026,1,January,2026-01-01,1,2026-10-08
global:KDC458-01-0 (146),KDC458-01-0 (146),4173P1,KDC458-01-0,146,4173P1,KDC458-01-0 (146),TRUE,FALSE,Prenatal Complete,Detroit,pn2_blood,2026-01-30,Prenatal 2 Blood,Prenatal,TRUE,TRUE,2026,1,January,2026-01-01,1,2026-10-08
global:KDC458-01-0 (146),KDC458-01-0 (146),4173P1,KDC458-01-0,146,4173P1,KDC458-01-0 (146),TRUE,FALSE,Prenatal Complete,Detroit,pn2_urine,2026-01-30,Prenatal 2 Urine,Prenatal,TRUE,TRUE,2026,1,January,2026-01-01,1,2026-10-08
custom:4757F1,WGL767-01-A (515),4757F1,,,WGL767-01-A (515),4757F1,FALSE,FALSE,0-5 Month Complete,Traverse City,child_stool,2026-01-30,Child Stool,0-5 Month,TRUE,FALSE,2026,1,January,2026-01-01,1,2026-10-08
custom:4757F1,WGL767-01-A (515),4757F1,,,WGL767-01-A (515),4757F1,FALSE,FALSE,0-5 Month Complete,Traverse City,child_urine,2026-01-30,Child Urine,0-5 Month,TRUE,FALSE,2026,1,January,2026-01-01,1,2026-10-08
custom:4757F1,WGL767-01-A (515),4757F1,,,WGL767-01-A (515),4757F1,FALSE,FALSE,0-5 Month Complete,Traverse City,mom_bs,2026-01-30,Maternal Bloodspot,0-5 Month,TRUE,FALSE,2026,1,January,2026-01-01,1,2026-10-08
global:YJQ442-01-0 (937),YJQ442-01-0 (937),4169P1,YJQ442-01-0,937,4169P1,YJQ442-01-0 (937),TRUE,FALSE,Prenatal Complete,Detroit,child_dob,2026-01-31,Births,Milestone,FALSE,FALSE,2026,1,January,2026-01-01,1,2026-10-08
custom:4455F1,VHD766-01-A (218),4455F1,,,VHD766-01-A (218),4455F1,FALSE,FALSE,0-5 Month Complete,Flint,child_stool,2026-01-31,Child Stool,0-5 Month,TRUE,FALSE,2026,1,January,2026-01-01,1,2026-10-08
custom:4455F1,VHD766-01-A (218),4455F1,,,VHD766-01-A (218),4455F1,FALSE,FALSE,0-5 Month Complete,Flint,child_urine,2026-01-31,Child Urine,0-5 Month,TRUE,FALSE,2026,1,January,2026-01-01,1,2026-10-08
custom:4455F1,VHD766-01-A (218),4455F1,,,VHD766-01-A (218),4455F1,FALSE,FALSE,0-5 Month Complete,Flint,mom_bs,2026-01-31,Maternal Bloodspot,0-5 Month,TRUE,FALSE,2026,1,January,2026-01-01,1,2026-10-08
custom:4455F1,VHD766-01-A (218),4455F1,,,VHD766-01-A (218),4455F1,FALSE,FALSE,0-5 Month Complete,Flint,mom_hair,2026-01-31,Maternal Hair,0-5 Month,TRUE,FALSE,2026,1,January,2026-01-01,1,2026-10-08
global:GGF358-01-0 (179),GGF358-01-0 (179),4168P1,GGF358-01-0,179,4168P1,GGF358-01-0 (179),TRUE,FALSE,Prenatal Complete,Detroit,child_dob,2026-02-03,Births,Milestone,FALSE,FALSE,2026,2,February,2026-02-01,1,2026-10-08
global:SNM563-01-0 (871),SNM563-01-0 (871),4793P1,SNM563-01-0,871,4793P1,SNM563-01-0 (871),TRUE,FALSE,Prenatal Complete,Traverse City,pn2_blood,2026-02-04,Prenatal 2 Blood,Prenatal,TRUE,TRUE,2026,2,February,2026-02-01,1,2026-10-08
global:SNM563-01-0 (871),SNM563-01-0 (871),4793P1,SNM563-01-0,871,4793P1,SNM563-01-0 (871),TRUE,FALSE,Prenatal Complete,Traverse City,pn2_urine,2026-02-04,Prenatal 2 Urine,Prenatal,TRUE,TRUE,2026,2,February,2026-02-01,1,2026-10-08
global:QCD750-01-0 (179),QCD750-01-0 (179),4487P1,QCD750-01-0,179,4487P1,QCD750-01-0 (179),TRUE,FALSE,Prenatal Complete,Flint,pn2_anthro,2026-02-05,Prenatal 2 Anthro,Prenatal,FALSE,TRUE,2026,2,February,2026-02-01,1,2026-10-08
global:QCD750-01-0 (179),QCD750-01-0 (179),4487P1,QCD750-01-0,179,4487P1,QCD750-01-0 (179),TRUE,FALSE,Prenatal Complete,Flint,pn2_blood,2026-02-05,Prenatal 2 Blood,Prenatal,TRUE,TRUE,2026,2,February,2026-02-01,1,2026-10-08
global:QCD750-01-0 (179),QCD750-01-0 (179),4487P1,QCD750-01-0,179,4487P1,QCD750-01-0 (179),TRUE,FALSE,Prenatal Complete,Flint,pn2_urine,2026-02-05,Prenatal 2 Urine,Prenatal,TRUE,TRUE,2026,2,February,2026-02-01,1,2026-10-08
global:JTJ199-01-0 (838),JTJ199-01-0 (838),4183P1,JTJ199-01-0,838,4183P1,JTJ199-01-0 (838),TRUE,FALSE,Prenatal Complete,Detroit,consent_date,2026-02-06,Enrollments,Milestone,FALSE,FALSE,2026,2,February,2026-02-01,1,2026-10-08
global:JTJ199-01-0 (838),JTJ199-01-0 (838),4183P1,JTJ199-01-0,838,4183P1,JTJ199-01-0 (838),TRUE,FALSE,Prenatal Complete,Detroit,pn1_anthro,2026-02-06,Prenatal 1 Anthro,Prenatal,FALSE,TRUE,2026,2,February,2026-02-01,1,2026-10-08
global:JTJ199-01-0 (838),JTJ199-01-0 (838),4183P1,JTJ199-01-0,838,4183P1,JTJ199-01-0 (838),TRUE,FALSE,Prenatal Complete,Detroit,pn1_blood,2026-02-06,Prenatal 1 Blood,Prenatal,TRUE,TRUE,2026,2,February,2026-02-01,1,2026-10-08
global:JTJ199-01-0 (838),JTJ199-01-0 (838),4183P1,JTJ199-01-0,838,4183P1,JTJ199-01-0 (838),TRUE,FALSE,Prenatal Complete,Detroit,pn1_survey,2026-02-06,Prenatal 1 Survey,Prenatal,FALSE,TRUE,2026,2,February,2026-02-01,1,2026-10-08
global:XFP756-01-0 (103),XFP756-01-0 (103),4182P1,XFP756-01-0,103,4182P1,XFP756-01-0 (103),TRUE,FALSE,Prenatal Complete,Detroit,consent_date,2026-02-06,Enrollments,Milestone,FALSE,FALSE,2026,2,February,2026-02-01,1,2026-10-08
global:XFP756-01-0 (103),XFP756-01-0 (103),4182P1,XFP756-01-0,103,4182P1,XFP756-01-0 (103),TRUE,FALSE,Prenatal Complete,Detroit,pn1_anthro,2026-02-06,Prenatal 1 Anthro,Prenatal,FALSE,TRUE,2026,2,February,2026-02-01,1,2026-10-08
global:XFP756-01-0 (103),XFP756-01-0 (103),4182P1,XFP756-01-0,103,4182P1,XFP756-01-0 (103),TRUE,FALSE,Prenatal Complete,Detroit,pn1_urine,2026-02-06,Prenatal 1 Urine,Prenatal,TRUE,TRUE,2026,2,February,2026-02-01,1,2026-10-08
global:DVY195-01-0 (169),DVY195-01-0 (169),4496P1,DVY195-01-0,169,4496P1,DVY195-01-0 (169),TRUE,FALSE,Flint,Flint,consent_date,2026-02-07,Enrollments,Milestone,FALSE,FALSE,2026,2,February,2026-02-01,1,2026-10-08
global:DVY195-01-0 (169),DVY195-01-0 (169),4496P1,DVY195-01-0,169,4496P1,DVY195-01-0 (169),TRUE,FALSE,Flint,Flint,pn1_anthro,2026-02-07,Prenatal 1 Anthro,Prenatal,FALSE,TRUE,2026,2,February,2026-02-01,1,2026-10-08
global:DVY195-01-0 (169),DVY195-01-0 (169),4496P1,DVY195-01-0,169,4496P1,DVY195-01-0 (169),TRUE,FALSE,Flint,Flint,pn1_blood,2026-02-07,Prenatal 1 Blood,Prenatal,TRUE,TRUE,2026,2,February,2026-02-01,1,2026-10-08
global:DVY195-01-0 (169),DVY195-01-0 (169),4496P1,DVY195-01-0,169,4496P1,DVY195-01-0 (169),TRUE,FALSE,Flint,Flint,pn1_survey,2026-02-07,Prenatal 1 Survey,Prenatal,FALSE,TRUE,2026,2,February,2026-02-01,1,2026-10-08
global:DVY195-01-0 (169),DVY195-01-0 (169),4496P1,DVY195-01-0,169,4496P1,DVY195-01-0 (169),TRUE,FALSE,Flint,Flint,pn1_urine,2026-02-07,Prenatal 1 Urine,Prenatal,TRUE,TRUE,2026,2,February,2026-02-01,1,2026-10-08
global:FBF788-01-0 (112),FBF788-01-0 (112),4474P1,FBF788-01-0,112,4474P1,FBF788-01-0 (112),TRUE,FALSE,Flint,Flint,child_dob,2026-02-07,Births,Milestone,FALSE,FALSE,2026,2,February,2026-02-01,1,2026-10-08
global:HWP759-01-0 (135),HWP759-01-0 (135),4181P1,HWP759-01-0,135,4181P1,HWP759-01-0 (135),TRUE,FALSE,Prenatal Complete,Detroit,actigraphy,2026-02-08,Actigraphy,Prenatal,FALSE,TRUE,2026,2,February,2026-02-01,1,2026-10-08
global:HWV734-01-0 (102),HWV734-01-0 (102),4796P1,HWV734-01-0,102,4796P1,HWV734-01-0 (102),TRUE,FALSE,Prenatal Complete,Traverse City,pn2_survey,2026-02-09,Prenatal 2 Survey,Prenatal,FALSE,TRUE,2026,2,February,2026-02-01,1,2026-10-08
global:SNM563-01-0 (871),SNM563-01-0 (871),4793P1,SNM563-01-0,871,4793P1,SNM563-01-0 (871),TRUE,FALSE,Prenatal Complete,Traverse City,pn2_survey,2026-02-09,Prenatal 2 Survey,Prenatal,FALSE,TRUE,2026,2,February,2026-02-01,1,2026-10-08
global:YRC466-01-0 (937),YRC466-01-0 (937),4783P1,YRC466-01-0,937,4783P1,YRC466-01-0 (937),TRUE,FALSE,Prenatal Complete,Traverse City,child_dob,2026-02-09,Births,Milestone,FALSE,FALSE,2026,2,February,2026-02-01,1,2026-10-08
custom:4150F1,PPF902-01-A (186),4150F1,,,PPF902-01-A (186),4150F1,FALSE,FALSE,0-5 Month Complete,Detroit,child_urine,2026-02-10,Child Urine,0-5 Month,TRUE,FALSE,2026,2,February,2026-02-01,1,2026-10-08
custom:4150F1,PPF902-01-A (186),4150F1,,,PPF902-01-A (186),4150F1,FALSE,FALSE,0-5 Month Complete,Detroit,mom_bs,2026-02-10,Maternal Bloodspot,0-5 Month,TRUE,FALSE,2026,2,February,2026-02-01,1,2026-10-08
global:BJH456-01-0 (146),BJH456-01-0 (146),4800P1,BJH456-01-0,146,4800P1,BJH456-01-0 (146),TRUE,FALSE,Prenatal Complete,Traverse City,pn2_anthro,2026-02-10,Prenatal 2 Anthro,Prenatal,FALSE,TRUE,2026,2,February,2026-02-01,1,2026-10-08
global:BJH456-01-0 (146),BJH456-01-0 (146),4800P1,BJH456-01-0,146,4800P1,BJH456-01-0 (146),TRUE,FALSE,Prenatal Complete,Traverse City,pn2_blood,2026-02-10,Prenatal 2 Blood,Prenatal,TRUE,TRUE,2026,2,February,2026-02-01,1,2026-10-08
global:BJH456-01-0 (146),BJH456-01-0 (146),4800P1,BJH456-01-0,146,4800P1,BJH456-01-0 (146),TRUE,FALSE,Prenatal Complete,Traverse City,pn2_urine,2026-02-10,Prenatal 2 Urine,Prenatal,TRUE,TRUE,2026,2,February,2026-02-01,1,2026-10-08
global:SNM563-01-0 (871),SNM563-01-0 (871),4793P1,SNM563-01-0,871,4793P1,SNM563-01-0 (871),TRUE,FALSE,Prenatal Complete,Traverse City,pn2_anthro,2026-02-10,Prenatal 2 Anthro,Prenatal,FALSE,TRUE,2026,2,February,2026-02-01,1,2026-10-08
custom:4150F2,PPF902-01-B (120),4150F2,,,PPF902-01-B (120),4150F2,FALSE,FALSE,0-5 Month Complete,Detroit,child_stool,2026-02-11,Child Stool,0-5 Month,TRUE,FALSE,2026,2,February,2026-02-01,1,2026-10-08
custom:4150F2,PPF902-01-B (120),4150F2,,,PPF902-01-B (120),4150F2,FALSE,FALSE,0-5 Month Complete,Detroit,child_urine,2026-02-11,Child Urine,0-5 Month,TRUE,FALSE,2026,2,February,2026-02-01,1,2026-10-08
global:HQR631-01-0 (640),HQR631-01-0 (640),4805P1,HQR631-01-0,640,4805P1,HQR631-01-0 (640),TRUE,FALSE,Prenatal Complete,Traverse City,pn2_anthro,2026-02-11,Prenatal 2 Anthro,Prenatal,FALSE,TRUE,2026,2,February,2026-02-01,1,2026-10-08
global:HQR631-01-0 (640),HQR631-01-0 (640),4805P1,HQR631-01-0,640,4805P1,HQR631-01-0 (640),TRUE,FALSE,Prenatal Complete,Traverse City,pn2_blood,2026-02-11,Prenatal 2 Blood,Prenatal,TRUE,TRUE,2026,2,February,2026-02-01,1,2026-10-08
global:HQR631-01-0 (640),HQR631-01-0 (640),4805P1,HQR631-01-0,640,4805P1,HQR631-01-0 (640),TRUE,FALSE,Prenatal Complete,Traverse City,pn2_urine,2026-02-11,Prenatal 2 Urine,Prenatal,TRUE,TRUE,2026,2,February,2026-02-01,1,2026-10-08
global:KHN535-01-0 (409),KHN535-01-0 (409),4794P1,KHN535-01-0,409,4794P1,KHN535-01-0 (409),TRUE,FALSE,Prenatal Complete,Traverse City,pn2_anthro,2026-02-11,Prenatal 2 Anthro,Prenatal,FALSE,TRUE,2026,2,February,2026-02-01,1,2026-10-08
global:KHN535-01-0 (409),KHN535-01-0 (409),4794P1,KHN535-01-0,409,4794P1,KHN535-01-0 (409),TRUE,FALSE,Prenatal Complete,Traverse City,pn2_blood,2026-02-11,Prenatal 2 Blood,Prenatal,TRUE,TRUE,2026,2,February,2026-02-01,1,2026-10-08
global:KHN535-01-0 (409),KHN535-01-0 (409),4794P1,KHN535-01-0,409,4794P1,KHN535-01-0 (409),TRUE,FALSE,Prenatal Complete,Traverse City,pn2_urine,2026-02-11,Prenatal 2 Urine,Prenatal,TRUE,TRUE,2026,2,February,2026-02-01,1,2026-10-08
custom:4774F1,VCJ373-01-A (153),4774F1,,,VCJ373-01-A (153),4774F1,FALSE,FALSE,0-5 Month Complete,Traverse City,child_stool,2026-02-11,Child Stool,0-5 Month,TRUE,FALSE,2026,2,February,2026-02-01,1,2026-10-08
custom:4774F1,VCJ373-01-A (153),4774F1,,,VCJ373-01-A (153),4774F1,FALSE,FALSE,0-5 Month Complete,Traverse City,child_urine,2026-02-11,Child Urine,0-5 Month,TRUE,FALSE,2026,2,February,2026-02-01,1,2026-10-08
global:WDZ858-01-0 (333),WDZ858-01-0 (333),4802P1,WDZ858-01-0,333,4802P1,WDZ858-01-0 (333),TRUE,FALSE,Prenatal Complete,Traverse City,pn2_anthro,2026-02-11,Prenatal 2 Anthro,Prenatal,FALSE,TRUE,2026,2,February,2026-02-01,1,2026-10-08
global:WDZ858-01-0 (333),WDZ858-01-0 (333),4802P1,WDZ858-01-0,333,4802P1,WDZ858-01-0 (333),TRUE,FALSE,Prenatal Complete,Traverse City,pn2_blood,2026-02-11,Prenatal 2 Blood,Prenatal,TRUE,TRUE,2026,2,February,2026-02-01,1,2026-10-08
global:WDZ858-01-0 (333),WDZ858-01-0 (333),4802P1,WDZ858-01-0,333,4802P1,WDZ858-01-0 (333),TRUE,FALSE,Prenatal Complete,Traverse City,pn2_survey,2026-02-11,Prenatal 2 Survey,Prenatal,FALSE,TRUE,2026,2,February,2026-02-01,1,2026-10-08
global:WDZ858-01-0 (333),WDZ858-01-0 (333),4802P1,WDZ858-01-0,333,4802P1,WDZ858-01-0 (333),TRUE,FALSE,Prenatal Complete,Traverse City,pn2_urine,2026-02-11,Prenatal 2 Urine,Prenatal,TRUE,TRUE,2026,2,February,2026-02-01,1,2026-10-08
global:WMD058-01-0 (640),WMD058-01-0 (640),4788P1,WMD058-01-0,640,4788P1,WMD058-01-0 (640),TRUE,FALSE,Prenatal Complete,Traverse City,pn2_anthro,2026-02-11,Prenatal 2 Anthro,Prenatal,FALSE,TRUE,2026,2,February,2026-02-01,1,2026-10-08
global:WMD058-01-0 (640),WMD058-01-0 (640),4788P1,WMD058-01-0,640,4788P1,WMD058-01-0 (640),TRUE,FALSE,Prenatal Complete,Traverse City,pn2_blood,2026-02-11,Prenatal 2 Blood,Prenatal,TRUE,TRUE,2026,2,February,2026-02-01,1,2026-10-08
global:WMD058-01-0 (640),WMD058-01-0 (640),4788P1,WMD058-01-0,640,4788P1,WMD058-01-0 (640),TRUE,FALSE,Prenatal Complete,Traverse City,pn2_urine,2026-02-11,Prenatal 2 Urine,Prenatal,TRUE,TRUE,2026,2,February,2026-02-01,1,2026-10-08
global:HQR631-01-0 (640),HQR631-01-0 (640),4805P1,HQR631-01-0,640,4805P1,HQR631-01-0 (640),TRUE,FALSE,Prenatal Complete,Traverse City,pn2_survey,2026-02-12,Prenatal 2 Survey,Prenatal,FALSE,TRUE,2026,2,February,2026-02-01,1,2026-10-08
custom:4766F1,FZV796-01-A (977),4766F1,,,FZV796-01-A (977),4766F1,FALSE,FALSE,0-5 Month Complete,Traverse City,child_stool,2026-02-13,Child Stool,0-5 Month,TRUE,FALSE,2026,2,February,2026-02-01,1,2026-10-08
custom:4766F1,FZV796-01-A (977),4766F1,,,FZV796-01-A (977),4766F1,FALSE,FALSE,0-5 Month Complete,Traverse City,child_urine,2026-02-13,Child Urine,0-5 Month,TRUE,FALSE,2026,2,February,2026-02-01,1,2026-10-08
custom:4766F1,FZV796-01-A (977),4766F1,,,FZV796-01-A (977),4766F1,FALSE,FALSE,0-5 Month Complete,Traverse City,mom_bs,2026-02-13,Maternal Bloodspot,0-5 Month,TRUE,FALSE,2026,2,February,2026-02-01,1,2026-10-08
custom:4766F1,FZV796-01-A (977),4766F1,,,FZV796-01-A (977),4766F1,FALSE,FALSE,0-5 Month Complete,Traverse City,mom_hair,2026-02-13,Maternal Hair,0-5 Month,TRUE,FALSE,2026,2,February,2026-02-01,1,2026-10-08
global:ZLX499-01-0 (663),ZLX499-01-0 (663),4776P1,ZLX499-01-0,663,4776P1,ZLX499-01-0 (663),TRUE,FALSE,Prenatal Complete,Traverse City,child_dob,2026-02-13,Births,Milestone,FALSE,FALSE,2026,2,February,2026-02-01,1,2026-10-08
global:LVK846-01-0 (970),LVK846-01-0 (970),4479P1,LVK846-01-0,970,4479P1,LVK846-01-0 (970),TRUE,FALSE,Prenatal Complete,Flint,child_dob,2026-02-14,Births,Milestone,FALSE,FALSE,2026,2,February,2026-02-01,1,2026-10-08
global:JBG482-01-0 (980),JBG482-01-0 (980),4482P1,JBG482-01-0,980,4482P1,JBG482-01-0 (980),TRUE,FALSE,Flint,Flint,pn2_anthro,2026-02-15,Prenatal 2 Anthro,Prenatal,FALSE,TRUE,2026,2,February,2026-02-01,1,2026-10-08
global:JBG482-01-0 (980),JBG482-01-0 (980),4482P1,JBG482-01-0,980,4482P1,JBG482-01-0 (980),TRUE,FALSE,Flint,Flint,pn2_blood,2026-02-15,Prenatal 2 Blood,Prenatal,TRUE,TRUE,2026,2,February,2026-02-01,1,2026-10-08
global:JBG482-01-0 (980),JBG482-01-0 (980),4482P1,JBG482-01-0,980,4482P1,JBG482-01-0 (980),TRUE,FALSE,Flint,Flint,pn2_survey,2026-02-15,Prenatal 2 Survey,Prenatal,FALSE,TRUE,2026,2,February,2026-02-01,1,2026-10-08
global:GRN417-01-0 (574),GRN417-01-0 (574),4799P1,GRN417-01-0,574,4799P1,GRN417-01-0 (574),TRUE,FALSE,Prenatal Complete,Traverse City,pn2_anthro,2026-02-16,Prenatal 2 Anthro,Prenatal,FALSE,TRUE,2026,2,February,2026-02-01,1,2026-10-08
global:GRN417-01-0 (574),GRN417-01-0 (574),4799P1,GRN417-01-0,574,4799P1,GRN417-01-0 (574),TRUE,FALSE,Prenatal Complete,Traverse City,pn2_blood,2026-02-16,Prenatal 2 Blood,Prenatal,TRUE,TRUE,2026,2,February,2026-02-01,1,2026-10-08
global:GRN417-01-0 (574),GRN417-01-0 (574),4799P1,GRN417-01-0,574,4799P1,GRN417-01-0 (574),TRUE,FALSE,Prenatal Complete,Traverse City,pn2_urine,2026-02-16,Prenatal 2 Urine,Prenatal,TRUE,TRUE,2026,2,February,2026-02-01,1,2026-10-08
global:HYM398-01-0 (169),HYM398-01-0 (169),4807P1,HYM398-01-0,169,4807P1,HYM398-01-0 (169),TRUE,FALSE,Prenatal Complete,Traverse City,pn2_survey,2026-02-16,Prenatal 2 Survey,Prenatal,FALSE,TRUE,2026,2,February,2026-02-01,1,2026-10-08
global:CDL346-01-0 (947),CDL346-01-0 (947),4483P1,CDL346-01-0,947,4483P1,CDL346-01-0 (947),TRUE,FALSE,Flint,Flint,pn2_survey,2026-02-17,Prenatal 2 Survey,Prenatal,FALSE,TRUE,2026,2,February,2026-02-01,1,2026-10-08
global:HWV734-01-0 (102),HWV734-01-0 (102),4796P1,HWV734-01-0,102,4796P1,HWV734-01-0 (102),TRUE,FALSE,Prenatal Complete,Traverse City,pn2_anthro,2026-02-18,Prenatal 2 Anthro,Prenatal,FALSE,TRUE,2026,2,February,2026-02-01,1,2026-10-08
global:HWV734-01-0 (102),HWV734-01-0 (102),4796P1,HWV734-01-0,102,4796P1,HWV734-01-0 (102),TRUE,FALSE,Prenatal Complete,Traverse City,pn2_blood,2026-02-18,Prenatal 2 Blood,Prenatal,TRUE,TRUE,2026,2,February,2026-02-01,1,2026-10-08
global:HWV734-01-0 (102),HWV734-01-0 (102),4796P1,HWV734-01-0,102,4796P1,HWV734-01-0 (102),TRUE,FALSE,Prenatal Complete,Traverse City,pn2_urine,2026-02-18,Prenatal 2 Urine,Prenatal,TRUE,TRUE,2026,2,February,2026-02-01,1,2026-10-08
global:KHN535-01-0 (409),KHN535-01-0 (409),4794P1,KHN535-01-0,409,4794P1,KHN535-01-0 (409),TRUE,FALSE,Prenatal Complete,Traverse City,pn2_survey,2026-02-18,Prenatal 2 Survey,Prenatal,FALSE,TRUE,2026,2,February,2026-02-01,1,2026-10-08
global:SJJ762-01-0 (673),SJJ762-01-0 (673),4786P1,SJJ762-01-0,673,4786P1,SJJ762-01-0 (673),TRUE,FALSE,Prenatal Complete,Traverse City,child_dob,2026-02-18,Births,Milestone,FALSE,FALSE,2026,2,February,2026-02-01,1,2026-10-08
global:XTL216-01-0 (136),XTL216-01-0 (136),4801P1,XTL216-01-0,136,4801P1,XTL216-01-0 (136),TRUE,FALSE,Prenatal Complete,Traverse City,pn2_anthro,2026-02-18,Prenatal 2 Anthro,Prenatal,FALSE,TRUE,2026,2,February,2026-02-01,1,2026-10-08
global:XTL216-01-0 (136),XTL216-01-0 (136),4801P1,XTL216-01-0,136,4801P1,XTL216-01-0 (136),TRUE,FALSE,Prenatal Complete,Traverse City,pn2_blood,2026-02-18,Prenatal 2 Blood,Prenatal,TRUE,TRUE,2026,2,February,2026-02-01,1,2026-10-08
global:XTL216-01-0 (136),XTL216-01-0 (136),4801P1,XTL216-01-0,136,4801P1,XTL216-01-0 (136),TRUE,FALSE,Prenatal Complete,Traverse City,pn2_urine,2026-02-18,Prenatal 2 Urine,Prenatal,TRUE,TRUE,2026,2,February,2026-02-01,1,2026-10-08
global:YMP799-02-0 (531),YMP799-02-0 (531),4797P1,YMP799-02-0,531,4797P1,YMP799-02-0 (531),TRUE,FALSE,Traverse City,Traverse City,pn2_survey,2026-02-18,Prenatal 2 Survey,Prenatal,FALSE,TRUE,2026,2,February,2026-02-01,1,2026-10-08
custom:4463F1,FKT089-01-A (251),4463F1,,,FKT089-01-A (251),4463F1,FALSE,FALSE,0-5 Month Complete,Flint,child_urine,2026-02-19,Child Urine,0-5 Month,TRUE,FALSE,2026,2,February,2026-02-01,1,2026-10-08
custom:4463F1,FKT089-01-A (251),4463F1,,,FKT089-01-A (251),4463F1,FALSE,FALSE,0-5 Month Complete,Flint,mom_bs,2026-02-19,Maternal Bloodspot,0-5 Month,TRUE,FALSE,2026,2,February,2026-02-01,1,2026-10-08
custom:4463F1,FKT089-01-A (251),4463F1,,,FKT089-01-A (251),4463F1,FALSE,FALSE,0-5 Month Complete,Flint,mom_hair,2026-02-19,Maternal Hair,0-5 Month,TRUE,FALSE,2026,2,February,2026-02-01,1,2026-10-08
custom:4769F1,HPX087-01-A (548),4769F1,,,HPX087-01-A (548),4769F1,FALSE,FALSE,0-5 Month Complete,Traverse City,child_stool,2026-02-19,Child Stool,0-5 Month,TRUE,FALSE,2026,2,February,2026-02-01,1,2026-10-08
custom:4769F1,HPX087-01-A (548),4769F1,,,HPX087-01-A (548),4769F1,FALSE,FALSE,0-5 Month Complete,Traverse City,mom_bs,2026-02-19,Maternal Bloodspot,0-5 Month,TRUE,FALSE,2026,2,February,2026-02-01,1,2026-10-08
global:YMP799-02-0 (531),YMP799-02-0 (531),4797P1,YMP799-02-0,531,4797P1,YMP799-02-0 (531),TRUE,FALSE,Traverse City,Traverse City,pn2_anthro,2026-02-19,Prenatal 2 Anthro,Prenatal,FALSE,TRUE,2026,2,February,2026-02-01,1,2026-10-08
global:YMP799-02-0 (531),YMP799-02-0 (531),4797P1,YMP799-02-0,531,4797P1,YMP799-02-0 (531),TRUE,FALSE,Traverse City,Traverse City,pn2_blood,2026-02-19,Prenatal 2 Blood,Prenatal,TRUE,TRUE,2026,2,February,2026-02-01,1,2026-10-08
global:YMP799-02-0 (531),YMP799-02-0 (531),4797P1,YMP799-02-0,531,4797P1,YMP799-02-0 (531),TRUE,FALSE,Traverse City,Traverse City,pn2_urine,2026-02-19,Prenatal 2 Urine,Prenatal,TRUE,TRUE,2026,2,February,2026-02-01,1,2026-10-08
global:HGH542-01-0 (113),HGH542-01-0 (113),4184P1,HGH542-01-0,113,4184P1,HGH542-01-0 (113),TRUE,FALSE,Prenatal Complete,Detroit,consent_date,2026-02-20,Enrollments,Milestone,FALSE,FALSE,2026,2,February,2026-02-01,1,2026-10-08
global:HGH542-01-0 (113),HGH542-01-0 (113),4184P1,HGH542-01-0,113,4184P1,HGH542-01-0 (113),TRUE,FALSE,Prenatal Complete,Detroit,pn1_anthro,2026-02-20,Prenatal 1 Anthro,Prenatal,FALSE,TRUE,2026,2,February,2026-02-01,1,2026-10-08
global:HGH542-01-0 (113),HGH542-01-0 (113),4184P1,HGH542-01-0,113,4184P1,HGH542-01-0 (113),TRUE,FALSE,Prenatal Complete,Detroit,pn1_survey,2026-02-20,Prenatal 1 Survey,Prenatal,FALSE,TRUE,2026,2,February,2026-02-01,1,2026-10-08
global:HGH542-01-0 (113),HGH542-01-0 (113),4184P1,HGH542-01-0,113,4184P1,HGH542-01-0 (113),TRUE,FALSE,Prenatal Complete,Detroit,pn1_urine,2026-02-20,Prenatal 1 Urine,Prenatal,TRUE,TRUE,2026,2,February,2026-02-01,1,2026-10-08
global:QBF961-01-0 (244),QBF961-01-0 (244),4185P1,QBF961-01-0,244,4185P1,QBF961-01-0 (244),TRUE,FALSE,Prenatal Complete,Detroit,consent_date,2026-02-20,Enrollments,Milestone,FALSE,FALSE,2026,2,February,2026-02-01,1,2026-10-08
global:QBF961-01-0 (244),QBF961-01-0 (244),4185P1,QBF961-01-0,244,4185P1,QBF961-01-0 (244),TRUE,FALSE,Prenatal Complete,Detroit,pn1_anthro,2026-02-20,Prenatal 1 Anthro,Prenatal,FALSE,TRUE,2026,2,February,2026-02-01,1,2026-10-08
global:QBF961-01-0 (244),QBF961-01-0 (244),4185P1,QBF961-01-0,244,4185P1,QBF961-01-0 (244),TRUE,FALSE,Prenatal Complete,Detroit,pn1_blood,2026-02-20,Prenatal 1 Blood,Prenatal,TRUE,TRUE,2026,2,February,2026-02-01,1,2026-10-08
global:QBF961-01-0 (244),QBF961-01-0 (244),4185P1,QBF961-01-0,244,4185P1,QBF961-01-0 (244),TRUE,FALSE,Prenatal Complete,Detroit,pn1_survey,2026-02-20,Prenatal 1 Survey,Prenatal,FALSE,TRUE,2026,2,February,2026-02-01,1,2026-10-08
global:QBF961-01-0 (244),QBF961-01-0 (244),4185P1,QBF961-01-0,244,4185P1,QBF961-01-0 (244),TRUE,FALSE,Prenatal Complete,Detroit,pn1_urine,2026-02-20,Prenatal 1 Urine,Prenatal,TRUE,TRUE,2026,2,February,2026-02-01,1,2026-10-08
global:BRS431-01-0 (442),BRS431-01-0 (442),4497P1,BRS431-01-0,442,4497P1,BRS431-01-0 (442),TRUE,FALSE,Prenatal Complete,Flint,consent_date,2026-02-20,Enrollments,Milestone,FALSE,FALSE,2026,2,February,2026-02-01,1,2026-10-08
global:BRS431-01-0 (442),BRS431-01-0 (442),4497P1,BRS431-01-0,442,4497P1,BRS431-01-0 (442),TRUE,FALSE,Prenatal Complete,Flint,pn1_survey,2026-02-20,Prenatal 1 Survey,Prenatal,FALSE,TRUE,2026,2,February,2026-02-01,1,2026-10-08
custom:4764F1,KGN694-01-A (152),4764F1,,,KGN694-01-A (152),4764F1,FALSE,FALSE,0-5 Month Complete,Traverse City,child_stool,2026-02-20,Child Stool,0-5 Month,TRUE,FALSE,2026,2,February,2026-02-01,1,2026-10-08
custom:4764F1,KGN694-01-A (152),4764F1,,,KGN694-01-A (152),4764F1,FALSE,FALSE,0-5 Month Complete,Traverse City,mom_bs,2026-02-20,Maternal Bloodspot,0-5 Month,TRUE,FALSE,2026,2,February,2026-02-01,1,2026-10-08
custom:4764F1,KGN694-01-A (152),4764F1,,,KGN694-01-A (152),4764F1,FALSE,FALSE,0-5 Month Complete,Traverse City,mom_hair,2026-02-20,Maternal Hair,0-5 Month,TRUE,FALSE,2026,2,February,2026-02-01,1,2026-10-08
global:RZM693-01-0 (366),RZM693-01-0 (366),4174P1,RZM693-01-0,366,4174P1,RZM693-01-0 (366),TRUE,FALSE,Prenatal Complete,Detroit,pn2_survey,2026-02-21,Prenatal 2 Survey,Prenatal,FALSE,TRUE,2026,2,February,2026-02-01,1,2026-10-08
global:JTJ199-01-0 (838),JTJ199-01-0 (838),4183P1,JTJ199-01-0,838,4183P1,JTJ199-01-0 (838),TRUE,FALSE,Prenatal Complete,Detroit,actigraphy,2026-02-22,Actigraphy,Prenatal,FALSE,TRUE,2026,2,February,2026-02-01,1,2026-10-08
global:WHT014-01-0 (739),WHT014-01-0 (739),4493P1,WHT014-01-0,739,4493P1,WHT014-01-0 (739),TRUE,FALSE,Prenatal Complete,Flint,pn2_blood,2026-02-22,Prenatal 2 Blood,Prenatal,TRUE,TRUE,2026,2,February,2026-02-01,1,2026-10-08
global:WHT014-01-0 (739),WHT014-01-0 (739),4493P1,WHT014-01-0,739,4493P1,WHT014-01-0 (739),TRUE,FALSE,Prenatal Complete,Flint,pn2_urine,2026-02-22,Prenatal 2 Urine,Prenatal,TRUE,TRUE,2026,2,February,2026-02-01,1,2026-10-08
global:DVY195-01-0 (169),DVY195-01-0 (169),4496P1,DVY195-01-0,169,4496P1,DVY195-01-0 (169),TRUE,FALSE,Flint,Flint,actigraphy,2026-02-23,Actigraphy,Prenatal,FALSE,TRUE,2026,2,February,2026-02-01,1,2026-10-08
global:XPH753-01-0 (970),XPH753-01-0 (970),4475P1,XPH753-01-0,970,4475P1,XPH753-01-0 (970),TRUE,FALSE,Prenatal Complete,Flint,child_dob,2026-02-23,Births,Milestone,FALSE,FALSE,2026,2,February,2026-02-01,1,2026-10-08
global:GHD547-01-0 (146),GHD547-01-0 (146),4791P1,GHD547-01-0,146,4791P1,GHD547-01-0 (146),TRUE,FALSE,Prenatal Complete,Traverse City,child_dob,2026-02-23,Births,Milestone,FALSE,FALSE,2026,2,February,2026-02-01,1,2026-10-08
global:JBP890-01-0 (376),JBP890-01-0 (376),4172P1,JBP890-01-0,376,4172P1,JBP890-01-0 (376),TRUE,FALSE,Prenatal Complete,Detroit,child_dob,2026-02-24,Births,Milestone,FALSE,FALSE,2026,2,February,2026-02-01,1,2026-10-08
global:CDL346-01-0 (947),CDL346-01-0 (947),4483P1,CDL346-01-0,947,4483P1,CDL346-01-0 (947),TRUE,FALSE,Flint,Flint,pn2_anthro,2026-02-24,Prenatal 2 Anthro,Prenatal,FALSE,TRUE,2026,2,February,2026-02-01,1,2026-10-08
global:CDL346-01-0 (947),CDL346-01-0 (947),4483P1,CDL346-01-0,947,4483P1,CDL346-01-0 (947),TRUE,FALSE,Flint,Flint,pn2_blood,2026-02-24,Prenatal 2 Blood,Prenatal,TRUE,TRUE,2026,2,February,2026-02-01,1,2026-10-08
global:CDL346-01-0 (947),CDL346-01-0 (947),4483P1,CDL346-01-0,947,4483P1,CDL346-01-0 (947),TRUE,FALSE,Flint,Flint,pn2_urine,2026-02-24,Prenatal 2 Urine,Prenatal,TRUE,TRUE,2026,2,February,2026-02-01,1,2026-10-08
global:GJG046-01-0 (113),GJG046-01-0 (113),4494P1,GJG046-01-0,113,4494P1,GJG046-01-0 (113),TRUE,FALSE,Prenatal Complete,Flint,pn2_anthro,2026-02-24,Prenatal 2 Anthro,Prenatal,FALSE,TRUE,2026,2,February,2026-02-01,1,2026-10-08
global:HVF853-01-0 (607),HVF853-01-0 (607),4495P1,HVF853-01-0,607,4495P1,HVF853-01-0 (607),TRUE,FALSE,Prenatal Complete,Flint,pn2_anthro,2026-02-24,Prenatal 2 Anthro,Prenatal,FALSE,TRUE,2026,2,February,2026-02-01,1,2026-10-08
global:HVF853-01-0 (607),HVF853-01-0 (607),4495P1,HVF853-01-0,607,4495P1,HVF853-01-0 (607),TRUE,FALSE,Prenatal Complete,Flint,pn2_blood,2026-02-24,Prenatal 2 Blood,Prenatal,TRUE,TRUE,2026,2,February,2026-02-01,1,2026-10-08
global:HVF853-01-0 (607),HVF853-01-0 (607),4495P1,HVF853-01-0,607,4495P1,HVF853-01-0 (607),TRUE,FALSE,Prenatal Complete,Flint,pn2_urine,2026-02-24,Prenatal 2 Urine,Prenatal,TRUE,TRUE,2026,2,February,2026-02-01,1,2026-10-08
global:MTV723-01-0 (102),MTV723-01-0 (102),4491P1,MTV723-01-0,102,4491P1,MTV723-01-0 (102),TRUE,FALSE,Prenatal Complete,Flint,pn2_anthro,2026-02-24,Prenatal 2 Anthro,Prenatal,FALSE,TRUE,2026,2,February,2026-02-01,1,2026-10-08
global:MTV723-01-0 (102),MTV723-01-0 (102),4491P1,MTV723-01-0,102,4491P1,MTV723-01-0 (102),TRUE,FALSE,Prenatal Complete,Flint,pn2_survey,2026-02-24,Prenatal 2 Survey,Prenatal,FALSE,TRUE,2026,2,February,2026-02-01,1,2026-10-08
global:XVP185-01-0 (399),XVP185-01-0 (399),4489P1,XVP185-01-0,399,4489P1,XVP185-01-0 (399),TRUE,FALSE,Prenatal Complete,Flint,pn2_anthro,2026-02-24,Prenatal 2 Anthro,Prenatal,FALSE,TRUE,2026,2,February,2026-02-01,1,2026-10-08
global:XVP185-01-0 (399),XVP185-01-0 (399),4489P1,XVP185-01-0,399,4489P1,XVP185-01-0 (399),TRUE,FALSE,Prenatal Complete,Flint,pn2_blood,2026-02-24,Prenatal 2 Blood,Prenatal,TRUE,TRUE,2026,2,February,2026-02-01,1,2026-10-08
global:XVP185-01-0 (399),XVP185-01-0 (399),4489P1,XVP185-01-0,399,4489P1,XVP185-01-0 (399),TRUE,FALSE,Prenatal Complete,Flint,pn2_urine,2026-02-24,Prenatal 2 Urine,Prenatal,TRUE,TRUE,2026,2,February,2026-02-01,1,2026-10-08
global:ZRB102-01-0 (508),ZRB102-01-0 (508),4486P1,ZRB102-01-0,508,4486P1,ZRB102-01-0 (508),TRUE,FALSE,Prenatal Complete,Flint,pn2_anthro,2026-02-24,Prenatal 2 Anthro,Prenatal,FALSE,TRUE,2026,2,February,2026-02-01,1,2026-10-08
global:ZRB102-01-0 (508),ZRB102-01-0 (508),4486P1,ZRB102-01-0,508,4486P1,ZRB102-01-0 (508),TRUE,FALSE,Prenatal Complete,Flint,pn2_blood,2026-02-24,Prenatal 2 Blood,Prenatal,TRUE,TRUE,2026,2,February,2026-02-01,1,2026-10-08
global:ZRB102-01-0 (508),ZRB102-01-0 (508),4486P1,ZRB102-01-0,508,4486P1,ZRB102-01-0 (508),TRUE,FALSE,Prenatal Complete,Flint,pn2_urine,2026-02-24,Prenatal 2 Urine,Prenatal,TRUE,TRUE,2026,2,February,2026-02-01,1,2026-10-08
custom:4772F1,BHB279-01-A (459),4772F1,,,BHB279-01-A (459),4772F1,FALSE,FALSE,0-5 Month Complete,Traverse City,child_stool,2026-02-24,Child Stool,0-5 Month,TRUE,FALSE,2026,2,February,2026-02-01,1,2026-10-08
custom:4772F1,BHB279-01-A (459),4772F1,,,BHB279-01-A (459),4772F1,FALSE,FALSE,0-5 Month Complete,Traverse City,child_urine,2026-02-24,Child Urine,0-5 Month,TRUE,FALSE,2026,2,February,2026-02-01,1,2026-10-08
custom:4772F1,BHB279-01-A (459),4772F1,,,BHB279-01-A (459),4772F1,FALSE,FALSE,0-5 Month Complete,Traverse City,mom_hair,2026-02-24,Maternal Hair,0-5 Month,TRUE,FALSE,2026,2,February,2026-02-01,1,2026-10-08
custom:4763F1,JBV363-01-A (987),4763F1,,,JBV363-01-A (987),4763F1,FALSE,FALSE,0-5 Month Complete,Traverse City,child_stool,2026-02-24,Child Stool,0-5 Month,TRUE,FALSE,2026,2,February,2026-02-01,1,2026-10-08
custom:4763F1,JBV363-01-A (987),4763F1,,,JBV363-01-A (987),4763F1,FALSE,FALSE,0-5 Month Complete,Traverse City,child_urine,2026-02-24,Child Urine,0-5 Month,TRUE,FALSE,2026,2,February,2026-02-01,1,2026-10-08
custom:4777F1,LGG437-01-A (789),4777F1,,,LGG437-01-A (789),4777F1,FALSE,FALSE,0-5 Month Complete,Traverse City,child_stool,2026-02-24,Child Stool,0-5 Month,TRUE,FALSE,2026,2,February,2026-02-01,1,2026-10-08
custom:4777F1,LGG437-01-A (789),4777F1,,,LGG437-01-A (789),4777F1,FALSE,FALSE,0-5 Month Complete,Traverse City,child_urine,2026-02-24,Child Urine,0-5 Month,TRUE,FALSE,2026,2,February,2026-02-01,1,2026-10-08
custom:4777F1,LGG437-01-A (789),4777F1,,,LGG437-01-A (789),4777F1,FALSE,FALSE,0-5 Month Complete,Traverse City,mom_bs,2026-02-24,Maternal Bloodspot,0-5 Month,TRUE,FALSE,2026,2,February,2026-02-01,1,2026-10-08
custom:4777F1,LGG437-01-A (789),4777F1,,,LGG437-01-A (789),4777F1,FALSE,FALSE,0-5 Month Complete,Traverse City,mom_hair,2026-02-24,Maternal Hair,0-5 Month,TRUE,FALSE,2026,2,February,2026-02-01,1,2026-10-08
custom:4758F1,MJX352-01-A (350),4758F1,,,MJX352-01-A (350),4758F1,FALSE,FALSE,0-5 Month Complete,Traverse City,child_stool,2026-02-24,Child Stool,0-5 Month,TRUE,FALSE,2026,2,February,2026-02-01,1,2026-10-08
custom:4758F1,MJX352-01-A (350),4758F1,,,MJX352-01-A (350),4758F1,FALSE,FALSE,0-5 Month Complete,Traverse City,child_urine,2026-02-24,Child Urine,0-5 Month,TRUE,FALSE,2026,2,February,2026-02-01,1,2026-10-08
custom:4760F1,NGV392-01-A (350),4760F1,,,NGV392-01-A (350),4760F1,FALSE,FALSE,0-5 Month Complete,Traverse City,child_stool,2026-02-24,Child Stool,0-5 Month,TRUE,FALSE,2026,2,February,2026-02-01,1,2026-10-08
custom:4760F1,NGV392-01-A (350),4760F1,,,NGV392-01-A (350),4760F1,FALSE,FALSE,0-5 Month Complete,Traverse City,child_urine,2026-02-24,Child Urine,0-5 Month,TRUE,FALSE,2026,2,February,2026-02-01,1,2026-10-08
global:BRS431-01-0 (442),BRS431-01-0 (442),4497P1,BRS431-01-0,442,4497P1,BRS431-01-0 (442),TRUE,FALSE,Prenatal Complete,Flint,pn1_anthro,2026-02-25,Prenatal 1 Anthro,Prenatal,FALSE,TRUE,2026,2,February,2026-02-01,1,2026-10-08
global:BRS431-01-0 (442),BRS431-01-0 (442),4497P1,BRS431-01-0,442,4497P1,BRS431-01-0 (442),TRUE,FALSE,Prenatal Complete,Flint,pn1_blood,2026-02-25,Prenatal 1 Blood,Prenatal,TRUE,TRUE,2026,2,February,2026-02-01,1,2026-10-08
global:DRG448-01-0 (376),DRG448-01-0 (376),4498P1,DRG448-01-0,376,4498P1,DRG448-01-0 (376),TRUE,FALSE,Flint,Flint,consent_date,2026-02-25,Enrollments,Milestone,FALSE,FALSE,2026,2,February,2026-02-01,1,2026-10-08
global:DRG448-01-0 (376),DRG448-01-0 (376),4498P1,DRG448-01-0,376,4498P1,DRG448-01-0 (376),TRUE,FALSE,Flint,Flint,pn1_anthro,2026-02-25,Prenatal 1 Anthro,Prenatal,FALSE,TRUE,2026,2,February,2026-02-01,1,2026-10-08
global:DRG448-01-0 (376),DRG448-01-0 (376),4498P1,DRG448-01-0,376,4498P1,DRG448-01-0 (376),TRUE,FALSE,Flint,Flint,pn1_blood,2026-02-25,Prenatal 1 Blood,Prenatal,TRUE,TRUE,2026,2,February,2026-02-01,1,2026-10-08
global:DRG448-01-0 (376),DRG448-01-0 (376),4498P1,DRG448-01-0,376,4498P1,DRG448-01-0 (376),TRUE,FALSE,Flint,Flint,pn1_survey,2026-02-25,Prenatal 1 Survey,Prenatal,FALSE,TRUE,2026,2,February,2026-02-01,1,2026-10-08
global:DRG448-01-0 (376),DRG448-01-0 (376),4498P1,DRG448-01-0,376,4498P1,DRG448-01-0 (376),TRUE,FALSE,Flint,Flint,pn1_urine,2026-02-25,Prenatal 1 Urine,Prenatal,TRUE,TRUE,2026,2,February,2026-02-01,1,2026-10-08
custom:4778F1,ZKL165-01-A (482),4778F1,,,ZKL165-01-A (482),4778F1,FALSE,FALSE,0-5 Month Complete,Traverse City,child_stool,2026-02-25,Child Stool,0-5 Month,TRUE,FALSE,2026,2,February,2026-02-01,1,2026-10-08
custom:4778F1,ZKL165-01-A (482),4778F1,,,ZKL165-01-A (482),4778F1,FALSE,FALSE,0-5 Month Complete,Traverse City,child_urine,2026-02-25,Child Urine,0-5 Month,TRUE,FALSE,2026,2,February,2026-02-01,1,2026-10-08
custom:4778F1,ZKL165-01-A (482),4778F1,,,ZKL165-01-A (482),4778F1,FALSE,FALSE,0-5 Month Complete,Traverse City,mom_bs,2026-02-25,Maternal Bloodspot,0-5 Month,TRUE,FALSE,2026,2,February,2026-02-01,1,2026-10-08
custom:4778F1,ZKL165-01-A (482),4778F1,,,ZKL165-01-A (482),4778F1,FALSE,FALSE,0-5 Month Complete,Traverse City,mom_hair,2026-02-25,Maternal Hair,0-5 Month,TRUE,FALSE,2026,2,February,2026-02-01,1,2026-10-08
global:KKK768-01-0 (673),KKK768-01-0 (673),4171P1,KKK768-01-0,673,4171P1,KKK768-01-0 (673),TRUE,FALSE,Prenatal Complete,Detroit,child_dob,2026-02-26,Births,Milestone,FALSE,FALSE,2026,2,February,2026-02-01,1,2026-10-08
global:NQS727-01-0 (169),NQS727-01-0 (169),4177P1,NQS727-01-0,169,4177P1,NQS727-01-0 (169),TRUE,FALSE,Prenatal Complete,Detroit,pn2_anthro,2026-02-26,Prenatal 2 Anthro,Prenatal,FALSE,TRUE,2026,2,February,2026-02-01,1,2026-10-08
global:NQS727-01-0 (169),NQS727-01-0 (169),4177P1,NQS727-01-0,169,4177P1,NQS727-01-0 (169),TRUE,FALSE,Prenatal Complete,Detroit,pn2_urine,2026-02-26,Prenatal 2 Urine,Prenatal,TRUE,TRUE,2026,2,February,2026-02-01,1,2026-10-08
global:BXJ770-02-0 (574),BXJ770-02-0 (574),4499P1,BXJ770-02-0,574,4499P1,BXJ770-02-0 (574),TRUE,FALSE,Flint,Flint,consent_date,2026-02-26,Enrollments,Milestone,FALSE,FALSE,2026,2,February,2026-02-01,1,2026-10-08
global:XBR066-01-0 (739),XBR066-01-0 (739),4476P1,XBR066-01-0,739,4476P1,XBR066-01-0 (739),TRUE,FALSE,Prenatal Complete,Flint,pn2_anthro,2026-02-26,Prenatal 2 Anthro,Prenatal,FALSE,TRUE,2026,2,February,2026-02-01,1,2026-10-08
global:XBR066-01-0 (739),XBR066-01-0 (739),4476P1,XBR066-01-0,739,4476P1,XBR066-01-0 (739),TRUE,FALSE,Prenatal Complete,Flint,pn2_blood,2026-02-26,Prenatal 2 Blood,Prenatal,TRUE,TRUE,2026,2,February,2026-02-01,1,2026-10-08
global:KBB279-01-0 (980),KBB279-01-0 (980),4790P1,KBB279-01-0,980,4790P1,KBB279-01-0 (980),TRUE,FALSE,Prenatal Complete,Traverse City,child_dob,2026-02-26,Births,Milestone,FALSE,FALSE,2026,2,February,2026-02-01,1,2026-10-08
global:NQS727-01-0 (169),NQS727-01-0 (169),4177P1,NQS727-01-0,169,4177P1,NQS727-01-0 (169),TRUE,FALSE,Prenatal Complete,Detroit,pn2_blood,2026-02-27,Prenatal 2 Blood,Prenatal,TRUE,TRUE,2026,2,February,2026-02-01,1,2026-10-08
global:NQS727-01-0 (169),NQS727-01-0 (169),4177P1,NQS727-01-0,169,4177P1,NQS727-01-0 (169),TRUE,FALSE,Prenatal Complete,Detroit,pn2_survey,2026-02-27,Prenatal 2 Survey,Prenatal,FALSE,TRUE,2026,2,February,2026-02-01,1,2026-10-08
global:HWV734-01-0 (102),HWV734-01-0 (102),4796P1,HWV734-01-0,102,4796P1,HWV734-01-0 (102),TRUE,FALSE,Prenatal Complete,Traverse City,child_dob,2026-02-27,Births,Milestone,FALSE,FALSE,2026,2,February,2026-02-01,1,2026-10-08
global:QHL554-01-0 (574),QHL554-01-0 (574),4785P1,QHL554-01-0,574,4785P1,QHL554-01-0 (574),TRUE,FALSE,Prenatal Complete,Traverse City,child_dob,2026-02-27,Births,Milestone,FALSE,FALSE,2026,2,February,2026-02-01,1,2026-10-08
global:GJG046-01-0 (113),GJG046-01-0 (113),4494P1,GJG046-01-0,113,4494P1,GJG046-01-0 (113),TRUE,FALSE,Prenatal Complete,Flint,pn2_survey,2026-02-28,Prenatal 2 Survey,Prenatal,FALSE,TRUE,2026,2,February,2026-02-01,1,2026-10-08
global:CBT926-01-0 (277),CBT926-01-0 (277),4488P1,CBT926-01-0,277,4488P1,CBT926-01-0 (277),TRUE,FALSE,Prenatal Complete,Flint,pn2_survey,2026-03-01,Prenatal 2 Survey,Prenatal,FALSE,TRUE,2026,3,March,2026-03-01,1,2026-10-08
global:HVF853-01-0 (607),HVF853-01-0 (607),4495P1,HVF853-01-0,607,4495P1,HVF853-01-0 (607),TRUE,FALSE,Prenatal Complete,Flint,pn2_survey,2026-03-02,Prenatal 2 Survey,Prenatal,FALSE,TRUE,2026,3,March,2026-03-01,1,2026-10-08
global:PPL335-01-0 (706),PPL335-01-0 (706),4480P1,PPL335-01-0,706,4480P1,PPL335-01-0 (706),TRUE,FALSE,Prenatal Complete,Flint,pn2_survey,2026-03-02,Prenatal 2 Survey,Prenatal,FALSE,TRUE,2026,3,March,2026-03-01,1,2026-10-08
global:QCD750-01-0 (179),QCD750-01-0 (179),4487P1,QCD750-01-0,179,4487P1,QCD750-01-0 (179),TRUE,FALSE,Prenatal Complete,Flint,pn2_survey,2026-03-02,Prenatal 2 Survey,Prenatal,FALSE,TRUE,2026,3,March,2026-03-01,1,2026-10-08
global:XVP185-01-0 (399),XVP185-01-0 (399),4489P1,XVP185-01-0,399,4489P1,XVP185-01-0 (399),TRUE,FALSE,Prenatal Complete,Flint,child_dob,2026-03-03,Births,Milestone,FALSE,FALSE,2026,3,March,2026-03-01,1,2026-10-08
global:NDG495-02-0 (343),NDG495-02-0 (343),4784P1,NDG495-02-0,343,4784P1,NDG495-02-0 (343),TRUE,FALSE,Prenatal Complete,Traverse City,child_dob,2026-03-04,Births,Milestone,FALSE,FALSE,2026,3,March,2026-03-01,1,2026-10-08
global:FLN684-01-0 (541),FLN684-01-0 (541),4176P1,FLN684-01-0,541,4176P1,FLN684-01-0 (541),TRUE,FALSE,Prenatal Complete,Detroit,pn2_anthro,2026-03-05,Prenatal 2 Anthro,Prenatal,FALSE,TRUE,2026,3,March,2026-03-01,1,2026-10-08
global:FLN684-01-0 (541),FLN684-01-0 (541),4176P1,FLN684-01-0,541,4176P1,FLN684-01-0 (541),TRUE,FALSE,Prenatal Complete,Detroit,pn2_urine,2026-03-05,Prenatal 2 Urine,Prenatal,TRUE,TRUE,2026,3,March,2026-03-01,1,2026-10-08
global:BQV670-01-0 (673),BQV670-01-0 (673),4500P1,BQV670-01-0,673,4500P1,BQV670-01-0 (673),TRUE,FALSE,Flint,Flint,consent_date,2026-03-05,Enrollments,Milestone,FALSE,FALSE,2026,3,March,2026-03-01,1,2026-10-08
global:BQV670-01-0 (673),BQV670-01-0 (673),4500P1,BQV670-01-0,673,4500P1,BQV670-01-0 (673),TRUE,FALSE,Flint,Flint,pn1_anthro,2026-03-05,Prenatal 1 Anthro,Prenatal,FALSE,TRUE,2026,3,March,2026-03-01,1,2026-10-08
global:BQV670-01-0 (673),BQV670-01-0 (673),4500P1,BQV670-01-0,673,4500P1,BQV670-01-0 (673),TRUE,FALSE,Flint,Flint,pn1_blood,2026-03-05,Prenatal 1 Blood,Prenatal,TRUE,TRUE,2026,3,March,2026-03-01,1,2026-10-08
global:BQV670-01-0 (673),BQV670-01-0 (673),4500P1,BQV670-01-0,673,4500P1,BQV670-01-0 (673),TRUE,FALSE,Flint,Flint,pn1_survey,2026-03-05,Prenatal 1 Survey,Prenatal,FALSE,TRUE,2026,3,March,2026-03-01,1,2026-10-08
global:BQV670-01-0 (673),BQV670-01-0 (673),4500P1,BQV670-01-0,673,4500P1,BQV670-01-0 (673),TRUE,FALSE,Flint,Flint,pn1_urine,2026-03-05,Prenatal 1 Urine,Prenatal,TRUE,TRUE,2026,3,March,2026-03-01,1,2026-10-08
global:TKS011-01-0 (607),TKS011-01-0 (607),4501P1,TKS011-01-0,607,4501P1,TKS011-01-0 (607),TRUE,FALSE,Flint,Flint,consent_date,2026-03-05,Enrollments,Milestone,FALSE,FALSE,2026,3,March,2026-03-01,1,2026-10-08
global:TKS011-01-0 (607),TKS011-01-0 (607),4501P1,TKS011-01-0,607,4501P1,TKS011-01-0 (607),TRUE,FALSE,Flint,Flint,pn1_anthro,2026-03-05,Prenatal 1 Anthro,Prenatal,FALSE,TRUE,2026,3,March,2026-03-01,1,2026-10-08
global:TKS011-01-0 (607),TKS011-01-0 (607),4501P1,TKS011-01-0,607,4501P1,TKS011-01-0 (607),TRUE,FALSE,Flint,Flint,pn1_blood,2026-03-05,Prenatal 1 Blood,Prenatal,TRUE,TRUE,2026,3,March,2026-03-01,1,2026-10-08
global:TKS011-01-0 (607),TKS011-01-0 (607),4501P1,TKS011-01-0,607,4501P1,TKS011-01-0 (607),TRUE,FALSE,Flint,Flint,pn1_survey,2026-03-05,Prenatal 1 Survey,Prenatal,FALSE,TRUE,2026,3,March,2026-03-01,1,2026-10-08
global:TKS011-01-0 (607),TKS011-01-0 (607),4501P1,TKS011-01-0,607,4501P1,TKS011-01-0 (607),TRUE,FALSE,Flint,Flint,pn1_urine,2026-03-05,Prenatal 1 Urine,Prenatal,TRUE,TRUE,2026,3,March,2026-03-01,1,2026-10-08
global:LNM531-01-0 (475),LNM531-01-0 (475),4782P1,LNM531-01-0,475,4782P1,LNM531-01-0 (475),TRUE,FALSE,Prenatal Complete,Traverse City,child_dob,2026-03-05,Births,Milestone,FALSE,FALSE,2026,3,March,2026-03-01,1,2026-10-08
global:SNM563-01-0 (871),SNM563-01-0 (871),4793P1,SNM563-01-0,871,4793P1,SNM563-01-0 (871),TRUE,FALSE,Prenatal Complete,Traverse City,child_dob,2026-03-05,Births,Milestone,FALSE,FALSE,2026,3,March,2026-03-01,1,2026-10-08
global:WVK885-01-0 (432),WVK885-01-0 (432),4789P1,WVK885-01-0,432,4789P1,WVK885-01-0 (432),TRUE,FALSE,Prenatal Complete,Traverse City,child_dob,2026-03-05,Births,Milestone,FALSE,FALSE,2026,3,March,2026-03-01,1,2026-10-08
custom:4161F1,CZK707-01-A (251),4161F1,,,CZK707-01-A (251),4161F1,FALSE,FALSE,0-5 Month Complete,Detroit,child_urine,2026-03-06,Child Urine,0-5 Month,TRUE,FALSE,2026,3,March,2026-03-01,1,2026-10-08
custom:4161F1,CZK707-01-A (251),4161F1,,,CZK707-01-A (251),4161F1,FALSE,FALSE,0-5 Month Complete,Detroit,mom_bs,2026-03-06,Maternal Bloodspot,0-5 Month,TRUE,FALSE,2026,3,March,2026-03-01,1,2026-10-08
custom:4161F1,CZK707-01-A (251),4161F1,,,CZK707-01-A (251),4161F1,FALSE,FALSE,0-5 Month Complete,Detroit,mom_hair,2026-03-06,Maternal Hair,0-5 Month,TRUE,FALSE,2026,3,March,2026-03-01,1,2026-10-08
custom:4163F1,KML208-01-A (987),4163F1,,,KML208-01-A (987),4163F1,FALSE,FALSE,0-5 Month Complete,Detroit,child_urine,2026-03-06,Child Urine,0-5 Month,TRUE,FALSE,2026,3,March,2026-03-01,1,2026-10-08
custom:4163F1,KML208-01-A (987),4163F1,,,KML208-01-A (987),4163F1,FALSE,FALSE,0-5 Month Complete,Detroit,mom_bs,2026-03-06,Maternal Bloodspot,0-5 Month,TRUE,FALSE,2026,3,March,2026-03-01,1,2026-10-08
custom:4163F1,KML208-01-A (987),4163F1,,,KML208-01-A (987),4163F1,FALSE,FALSE,0-5 Month Complete,Detroit,mom_hair,2026-03-06,Maternal Hair,0-5 Month,TRUE,FALSE,2026,3,March,2026-03-01,1,2026-10-08
global:BXJ770-02-0 (574),BXJ770-02-0 (574),4499P1,BXJ770-02-0,574,4499P1,BXJ770-02-0 (574),TRUE,FALSE,Flint,Flint,pn1_anthro,2026-03-06,Prenatal 1 Anthro,Prenatal,FALSE,TRUE,2026,3,March,2026-03-01,1,2026-10-08
global:BXJ770-02-0 (574),BXJ770-02-0 (574),4499P1,BXJ770-02-0,574,4499P1,BXJ770-02-0 (574),TRUE,FALSE,Flint,Flint,pn1_blood,2026-03-06,Prenatal 1 Blood,Prenatal,TRUE,TRUE,2026,3,March,2026-03-01,1,2026-10-08
global:BXJ770-02-0 (574),BXJ770-02-0 (574),4499P1,BXJ770-02-0,574,4499P1,BXJ770-02-0 (574),TRUE,FALSE,Flint,Flint,pn1_survey,2026-03-06,Prenatal 1 Survey,Prenatal,FALSE,TRUE,2026,3,March,2026-03-01,1,2026-10-08
global:SSF737-01-0 (904),SSF737-01-0 (904),4502P1,SSF737-01-0,904,4502P1,SSF737-01-0 (904),TRUE,FALSE,Flint,Flint,consent_date,2026-03-06,Enrollments,Milestone,FALSE,FALSE,2026,3,March,2026-03-01,1,2026-10-08
global:SSF737-01-0 (904),SSF737-01-0 (904),4502P1,SSF737-01-0,904,4502P1,SSF737-01-0 (904),TRUE,FALSE,Flint,Flint,pn1_anthro,2026-03-06,Prenatal 1 Anthro,Prenatal,FALSE,TRUE,2026,3,March,2026-03-01,1,2026-10-08
global:SSF737-01-0 (904),SSF737-01-0 (904),4502P1,SSF737-01-0,904,4502P1,SSF737-01-0 (904),TRUE,FALSE,Flint,Flint,pn1_blood,2026-03-06,Prenatal 1 Blood,Prenatal,TRUE,TRUE,2026,3,March,2026-03-01,1,2026-10-08
global:SSF737-01-0 (904),SSF737-01-0 (904),4502P1,SSF737-01-0,904,4502P1,SSF737-01-0 (904),TRUE,FALSE,Flint,Flint,pn1_survey,2026-03-06,Prenatal 1 Survey,Prenatal,FALSE,TRUE,2026,3,March,2026-03-01,1,2026-10-08
global:SSF737-01-0 (904),SSF737-01-0 (904),4502P1,SSF737-01-0,904,4502P1,SSF737-01-0 (904),TRUE,FALSE,Flint,Flint,pn1_urine,2026-03-06,Prenatal 1 Urine,Prenatal,TRUE,TRUE,2026,3,March,2026-03-01,1,2026-10-08
global:TBK281-01-0 (343),TBK281-01-0 (343),4484P1,TBK281-01-0,343,4484P1,TBK281-01-0 (343),TRUE,FALSE,Flint,Flint,pn2_anthro,2026-03-06,Prenatal 2 Anthro,Prenatal,FALSE,TRUE,2026,3,March,2026-03-01,1,2026-10-08
global:TBK281-01-0 (343),TBK281-01-0 (343),4484P1,TBK281-01-0,343,4484P1,TBK281-01-0 (343),TRUE,FALSE,Flint,Flint,pn2_blood,2026-03-06,Prenatal 2 Blood,Prenatal,TRUE,TRUE,2026,3,March,2026-03-01,1,2026-10-08
global:TBK281-01-0 (343),TBK281-01-0 (343),4484P1,TBK281-01-0,343,4484P1,TBK281-01-0 (343),TRUE,FALSE,Flint,Flint,pn2_urine,2026-03-06,Prenatal 2 Urine,Prenatal,TRUE,TRUE,2026,3,March,2026-03-01,1,2026-10-08
global:BYQ053-01-0 (607),BYQ053-01-0 (607),4787P1,BYQ053-01-0,607,4787P1,BYQ053-01-0 (607),TRUE,FALSE,Prenatal Complete,Traverse City,child_dob,2026-03-06,Births,Milestone,FALSE,FALSE,2026,3,March,2026-03-01,1,2026-10-08
global:BRS431-01-0 (442),BRS431-01-0 (442),4497P1,BRS431-01-0,442,4497P1,BRS431-01-0 (442),TRUE,FALSE,Prenatal Complete,Flint,actigraphy,2026-03-08,Actigraphy,Prenatal,FALSE,TRUE,2026,3,March,2026-03-01,1,2026-10-08
global:TLN478-01-0 (136),TLN478-01-0 (136),4781P1,TLN478-01-0,136,4781P1,TLN478-01-0 (136),TRUE,FALSE,Prenatal Complete,Traverse City,child_dob,2026-03-09,Births,Milestone,FALSE,FALSE,2026,3,March,2026-03-01,1,2026-10-08
global:JDZ749-01-0 (871),JDZ749-01-0 (871),4180P1,JDZ749-01-0,871,4180P1,JDZ749-01-0 (871),TRUE,FALSE,Prenatal Complete,Detroit,pn2_anthro,2026-03-11,Prenatal 2 Anthro,Prenatal,FALSE,TRUE,2026,3,March,2026-03-01,1,2026-10-08
global:JDZ749-01-0 (871),JDZ749-01-0 (871),4180P1,JDZ749-01-0,871,4180P1,JDZ749-01-0 (871),TRUE,FALSE,Prenatal Complete,Detroit,pn2_blood,2026-03-11,Prenatal 2 Blood,Prenatal,TRUE,TRUE,2026,3,March,2026-03-01,1,2026-10-08
global:JDZ749-01-0 (871),JDZ749-01-0 (871),4180P1,JDZ749-01-0,871,4180P1,JDZ749-01-0 (871),TRUE,FALSE,Prenatal Complete,Detroit,pn2_urine,2026-03-11,Prenatal 2 Urine,Prenatal,TRUE,TRUE,2026,3,March,2026-03-01,1,2026-10-08
custom:4162F1,QDZ468-01-A (614),4162F1,,,QDZ468-01-A (614),4162F1,FALSE,FALSE,0-5 Month Complete,Detroit,child_stool,2026-03-11,Child Stool,0-5 Month,TRUE,FALSE,2026,3,March,2026-03-01,1,2026-10-08
custom:4162F1,QDZ468-01-A (614),4162F1,,,QDZ468-01-A (614),4162F1,FALSE,FALSE,0-5 Month Complete,Detroit,child_urine,2026-03-11,Child Urine,0-5 Month,TRUE,FALSE,2026,3,March,2026-03-01,1,2026-10-08
custom:4162F1,QDZ468-01-A (614),4162F1,,,QDZ468-01-A (614),4162F1,FALSE,FALSE,0-5 Month Complete,Detroit,mom_bs,2026-03-11,Maternal Bloodspot,0-5 Month,TRUE,FALSE,2026,3,March,2026-03-01,1,2026-10-08
global:NQS727-01-0 (169),NQS727-01-0 (169),4177P1,NQS727-01-0,169,4177P1,NQS727-01-0 (169),TRUE,FALSE,Prenatal Complete,Detroit,water,2026-03-13,Water,Prenatal,TRUE,TRUE,2026,3,March,2026-03-01,1,2026-10-08
global:QZC678-01-0 (102),QZC678-01-0 (102),4186P1,QZC678-01-0,102,4186P1,QZC678-01-0 (102),TRUE,FALSE,Detroit,Detroit,consent_date,2026-03-13,Enrollments,Milestone,FALSE,FALSE,2026,3,March,2026-03-01,1,2026-10-08
global:QZC678-01-0 (102),QZC678-01-0 (102),4186P1,QZC678-01-0,102,4186P1,QZC678-01-0 (102),TRUE,FALSE,Detroit,Detroit,pn1_anthro,2026-03-13,Prenatal 1 Anthro,Prenatal,FALSE,TRUE,2026,3,March,2026-03-01,1,2026-10-08
global:QZC678-01-0 (102),QZC678-01-0 (102),4186P1,QZC678-01-0,102,4186P1,QZC678-01-0 (102),TRUE,FALSE,Detroit,Detroit,pn1_blood,2026-03-13,Prenatal 1 Blood,Prenatal,TRUE,TRUE,2026,3,March,2026-03-01,1,2026-10-08
global:DRG448-01-0 (376),DRG448-01-0 (376),4498P1,DRG448-01-0,376,4498P1,DRG448-01-0 (376),TRUE,FALSE,Flint,Flint,actigraphy,2026-03-13,Actigraphy,Prenatal,FALSE,TRUE,2026,3,March,2026-03-01,1,2026-10-08
global:XBR066-01-0 (739),XBR066-01-0 (739),4476P1,XBR066-01-0,739,4476P1,XBR066-01-0 (739),TRUE,FALSE,Prenatal Complete,Flint,child_dob,2026-03-15,Births,Milestone,FALSE,FALSE,2026,3,March,2026-03-01,1,2026-10-08
global:HVF853-01-0 (607),HVF853-01-0 (607),4495P1,HVF853-01-0,607,4495P1,HVF853-01-0 (607),TRUE,FALSE,Prenatal Complete,Flint,child_dob,2026-03-17,Births,Milestone,FALSE,FALSE,2026,3,March,2026-03-01,1,2026-10-08
global:JWP930-02-0 (937),JWP930-02-0 (937),4810P1,JWP930-02-0,937,4810P1,JWP930-02-0 (937),TRUE,FALSE,Prenatal Complete,Traverse City,pn2_survey,2026-03-17,Prenatal 2 Survey,Prenatal,FALSE,TRUE,2026,3,March,2026-03-01,1,2026-10-08
global:LDB835-01-0 (113),LDB835-01-0 (113),4803P1,LDB835-01-0,113,4803P1,LDB835-01-0 (113),TRUE,FALSE,Prenatal Complete,Traverse City,pn2_survey,2026-03-17,Prenatal 2 Survey,Prenatal,FALSE,TRUE,2026,3,March,2026-03-01,1,2026-10-08
global:WMD058-01-0 (640),WMD058-01-0 (640),4788P1,WMD058-01-0,640,4788P1,WMD058-01-0 (640),TRUE,FALSE,Prenatal Complete,Traverse City,child_dob,2026-03-17,Births,Milestone,FALSE,FALSE,2026,3,March,2026-03-01,1,2026-10-08
global:BWX346-01-0 (937),BWX346-01-0 (937),4187P1,BWX346-01-0,937,4187P1,BWX346-01-0 (937),TRUE,FALSE,Prenatal Complete,Detroit,consent_date,2026-03-18,Enrollments,Milestone,FALSE,FALSE,2026,3,March,2026-03-01,1,2026-10-08
global:BWX346-01-0 (937),BWX346-01-0 (937),4187P1,BWX346-01-0,937,4187P1,BWX346-01-0 (937),TRUE,FALSE,Prenatal Complete,Detroit,pn1_anthro,2026-03-18,Prenatal 1 Anthro,Prenatal,FALSE,TRUE,2026,3,March,2026-03-01,1,2026-10-08
global:BWX346-01-0 (937),BWX346-01-0 (937),4187P1,BWX346-01-0,937,4187P1,BWX346-01-0 (937),TRUE,FALSE,Prenatal Complete,Detroit,pn1_survey,2026-03-18,Prenatal 1 Survey,Prenatal,FALSE,TRUE,2026,3,March,2026-03-01,1,2026-10-08
custom:4775F1,PZJ271-01-A (515),4775F1,,,PZJ271-01-A (515),4775F1,FALSE,FALSE,0-5 Month Complete,Traverse City,child_stool,2026-03-18,Child Stool,0-5 Month,TRUE,FALSE,2026,3,March,2026-03-01,1,2026-10-08
custom:4775F1,PZJ271-01-A (515),4775F1,,,PZJ271-01-A (515),4775F1,FALSE,FALSE,0-5 Month Complete,Traverse City,child_urine,2026-03-18,Child Urine,0-5 Month,TRUE,FALSE,2026,3,March,2026-03-01,1,2026-10-08
global:GVK177-01-0 (706),GVK177-01-0 (706),4189P1,GVK177-01-0,706,4189P1,GVK177-01-0 (706),TRUE,FALSE,Prenatal Complete,Detroit,consent_date,2026-03-20,Enrollments,Milestone,FALSE,FALSE,2026,3,March,2026-03-01,1,2026-10-08
global:GVK177-01-0 (706),GVK177-01-0 (706),4189P1,GVK177-01-0,706,4189P1,GVK177-01-0 (706),TRUE,FALSE,Prenatal Complete,Detroit,pn1_anthro,2026-03-20,Prenatal 1 Anthro,Prenatal,FALSE,TRUE,2026,3,March,2026-03-01,1,2026-10-08
global:GVK177-01-0 (706),GVK177-01-0 (706),4189P1,GVK177-01-0,706,4189P1,GVK177-01-0 (706),TRUE,FALSE,Prenatal Complete,Detroit,pn1_blood,2026-03-20,Prenatal 1 Blood,Prenatal,TRUE,TRUE,2026,3,March,2026-03-01,1,2026-10-08
global:GVK177-01-0 (706),GVK177-01-0 (706),4189P1,GVK177-01-0,706,4189P1,GVK177-01-0 (706),TRUE,FALSE,Prenatal Complete,Detroit,pn1_survey,2026-03-20,Prenatal 1 Survey,Prenatal,FALSE,TRUE,2026,3,March,2026-03-01,1,2026-10-08
global:JDZ749-01-0 (871),JDZ749-01-0 (871),4180P1,JDZ749-01-0,871,4180P1,JDZ749-01-0 (871),TRUE,FALSE,Prenatal Complete,Detroit,pn2_survey,2026-03-20,Prenatal 2 Survey,Prenatal,FALSE,TRUE,2026,3,March,2026-03-01,1,2026-10-08
global:RZM693-01-0 (366),RZM693-01-0 (366),4174P1,RZM693-01-0,366,4174P1,RZM693-01-0 (366),TRUE,FALSE,Prenatal Complete,Detroit,child_dob,2026-03-20,Births,Milestone,FALSE,FALSE,2026,3,March,2026-03-01,1,2026-10-08
global:YGQ976-02-0 (267),YGQ976-02-0 (267),4188P2,YGQ976-02-0,267,4188P2,YGQ976-02-0 (267),TRUE,FALSE,Prenatal Complete,Detroit,consent_date,2026-03-20,Enrollments,Milestone,FALSE,FALSE,2026,3,March,2026-03-01,1,2026-10-08
global:YGQ976-02-0 (267),YGQ976-02-0 (267),4188P2,YGQ976-02-0,267,4188P2,YGQ976-02-0 (267),TRUE,FALSE,Prenatal Complete,Detroit,pn1_anthro,2026-03-20,Prenatal 1 Anthro,Prenatal,FALSE,TRUE,2026,3,March,2026-03-01,1,2026-10-08
global:YGQ976-02-0 (267),YGQ976-02-0 (267),4188P2,YGQ976-02-0,267,4188P2,YGQ976-02-0 (267),TRUE,FALSE,Prenatal Complete,Detroit,pn1_survey,2026-03-20,Prenatal 1 Survey,Prenatal,FALSE,TRUE,2026,3,March,2026-03-01,1,2026-10-08
global:RLV529-01-0 (135),RLV529-01-0 (135),4481P1,RLV529-01-0,135,4481P1,RLV529-01-0 (135),TRUE,FALSE,Flint,Flint,pn2_survey,2026-03-20,Prenatal 2 Survey,Prenatal,FALSE,TRUE,2026,3,March,2026-03-01,1,2026-10-08
global:LDB835-01-0 (113),LDB835-01-0 (113),4803P1,LDB835-01-0,113,4803P1,LDB835-01-0 (113),TRUE,FALSE,Prenatal Complete,Traverse City,pn2_anthro,2026-03-20,Prenatal 2 Anthro,Prenatal,FALSE,TRUE,2026,3,March,2026-03-01,1,2026-10-08
global:LDB835-01-0 (113),LDB835-01-0 (113),4803P1,LDB835-01-0,113,4803P1,LDB835-01-0 (113),TRUE,FALSE,Prenatal Complete,Traverse City,pn2_blood,2026-03-20,Prenatal 2 Blood,Prenatal,TRUE,TRUE,2026,3,March,2026-03-01,1,2026-10-08
global:LDB835-01-0 (113),LDB835-01-0 (113),4803P1,LDB835-01-0,113,4803P1,LDB835-01-0 (113),TRUE,FALSE,Prenatal Complete,Traverse City,pn2_urine,2026-03-20,Prenatal 2 Urine,Prenatal,TRUE,TRUE,2026,3,March,2026-03-01,1,2026-10-08
custom:4784F1,NDG495-02-A (921),4784F1,,,NDG495-02-A (921),4784F1,FALSE,FALSE,0-5 Month Complete,Traverse City,child_stool,2026-03-20,Child Stool,0-5 Month,TRUE,FALSE,2026,3,March,2026-03-01,1,2026-10-08
custom:4784F1,NDG495-02-A (921),4784F1,,,NDG495-02-A (921),4784F1,FALSE,FALSE,0-5 Month Complete,Traverse City,mom_bs,2026-03-20,Maternal Bloodspot,0-5 Month,TRUE,FALSE,2026,3,March,2026-03-01,1,2026-10-08
custom:4784F1,NDG495-02-A (921),4784F1,,,NDG495-02-A (921),4784F1,FALSE,FALSE,0-5 Month Complete,Traverse City,mom_hair,2026-03-20,Maternal Hair,0-5 Month,TRUE,FALSE,2026,3,March,2026-03-01,1,2026-10-08
global:NQD377-01-0 (607),NQD377-01-0 (607),4811P1,NQD377-01-0,607,4811P1,NQD377-01-0 (607),TRUE,FALSE,Traverse City,Traverse City,consent_date,2026-03-20,Enrollments,Milestone,FALSE,FALSE,2026,3,March,2026-03-01,1,2026-10-08
global:NQD377-01-0 (607),NQD377-01-0 (607),4811P1,NQD377-01-0,607,4811P1,NQD377-01-0 (607),TRUE,FALSE,Traverse City,Traverse City,pn1_anthro,2026-03-20,Prenatal 1 Anthro,Prenatal,FALSE,TRUE,2026,3,March,2026-03-01,1,2026-10-08
global:TBV278-01-0 (904),TBV278-01-0 (904),4795P1,TBV278-01-0,904,4795P1,TBV278-01-0 (904),TRUE,FALSE,Prenatal Complete,Traverse City,child_dob,2026-03-20,Births,Milestone,FALSE,FALSE,2026,3,March,2026-03-01,1,2026-10-08
global:BQV670-01-0 (673),BQV670-01-0 (673),4500P1,BQV670-01-0,673,4500P1,BQV670-01-0 (673),TRUE,FALSE,Flint,Flint,actigraphy,2026-03-21,Actigraphy,Prenatal,FALSE,TRUE,2026,3,March,2026-03-01,1,2026-10-08
global:TKS011-01-0 (607),TKS011-01-0 (607),4501P1,TKS011-01-0,607,4501P1,TKS011-01-0 (607),TRUE,FALSE,Flint,Flint,actigraphy,2026-03-21,Actigraphy,Prenatal,FALSE,TRUE,2026,3,March,2026-03-01,1,2026-10-08
global:NQD377-01-0 (607),NQD377-01-0 (607),4811P1,NQD377-01-0,607,4811P1,NQD377-01-0 (607),TRUE,FALSE,Traverse City,Traverse City,pn1_survey,2026-03-21,Prenatal 1 Survey,Prenatal,FALSE,TRUE,2026,3,March,2026-03-01,1,2026-10-08
global:SSF737-01-0 (904),SSF737-01-0 (904),4502P1,SSF737-01-0,904,4502P1,SSF737-01-0 (904),TRUE,FALSE,Flint,Flint,actigraphy,2026-03-22,Actigraphy,Prenatal,FALSE,TRUE,2026,3,March,2026-03-01,1,2026-10-08
global:WHT014-01-0 (739),WHT014-01-0 (739),4493P1,WHT014-01-0,739,4493P1,WHT014-01-0 (739),TRUE,FALSE,Prenatal Complete,Flint,pn2_survey,2026-03-22,Prenatal 2 Survey,Prenatal,FALSE,TRUE,2026,3,March,2026-03-01,1,2026-10-08
global:NCY578-01-0 (937),NCY578-01-0 (937),4792P1,NCY578-01-0,937,4792P1,NCY578-01-0 (937),TRUE,FALSE,Prenatal Complete,Traverse City,child_dob,2026-03-23,Births,Milestone,FALSE,FALSE,2026,3,March,2026-03-01,1,2026-10-08
global:MLK253-01-0 (409),MLK253-01-0 (409),4503P1,MLK253-01-0,409,4503P1,MLK253-01-0 (409),TRUE,FALSE,Flint,Flint,consent_date,2026-03-24,Enrollments,Milestone,FALSE,FALSE,2026,3,March,2026-03-01,1,2026-10-08
global:MLK253-01-0 (409),MLK253-01-0 (409),4503P1,MLK253-01-0,409,4503P1,MLK253-01-0 (409),TRUE,FALSE,Flint,Flint,pn1_anthro,2026-03-24,Prenatal 1 Anthro,Prenatal,FALSE,TRUE,2026,3,March,2026-03-01,1,2026-10-08
global:MLK253-01-0 (409),MLK253-01-0 (409),4503P1,MLK253-01-0,409,4503P1,MLK253-01-0 (409),TRUE,FALSE,Flint,Flint,pn1_blood,2026-03-24,Prenatal 1 Blood,Prenatal,TRUE,TRUE,2026,3,March,2026-03-01,1,2026-10-08
global:MLK253-01-0 (409),MLK253-01-0 (409),4503P1,MLK253-01-0,409,4503P1,MLK253-01-0 (409),TRUE,FALSE,Flint,Flint,pn1_survey,2026-03-24,Prenatal 1 Survey,Prenatal,FALSE,TRUE,2026,3,March,2026-03-01,1,2026-10-08
global:MLK253-01-0 (409),MLK253-01-0 (409),4503P1,MLK253-01-0,409,4503P1,MLK253-01-0 (409),TRUE,FALSE,Flint,Flint,pn1_urine,2026-03-24,Prenatal 1 Urine,Prenatal,TRUE,TRUE,2026,3,March,2026-03-01,1,2026-10-08
global:YHW727-01-0 (267),YHW727-01-0 (267),4504P1,YHW727-01-0,267,4504P1,YHW727-01-0 (267),TRUE,FALSE,Flint,Flint,consent_date,2026-03-24,Enrollments,Milestone,FALSE,FALSE,2026,3,March,2026-03-01,1,2026-10-08
global:YHW727-01-0 (267),YHW727-01-0 (267),4504P1,YHW727-01-0,267,4504P1,YHW727-01-0 (267),TRUE,FALSE,Flint,Flint,pn1_anthro,2026-03-24,Prenatal 1 Anthro,Prenatal,FALSE,TRUE,2026,3,March,2026-03-01,1,2026-10-08
global:YHW727-01-0 (267),YHW727-01-0 (267),4504P1,YHW727-01-0,267,4504P1,YHW727-01-0 (267),TRUE,FALSE,Flint,Flint,pn1_blood,2026-03-24,Prenatal 1 Blood,Prenatal,TRUE,TRUE,2026,3,March,2026-03-01,1,2026-10-08
global:YHW727-01-0 (267),YHW727-01-0 (267),4504P1,YHW727-01-0,267,4504P1,YHW727-01-0 (267),TRUE,FALSE,Flint,Flint,pn1_survey,2026-03-24,Prenatal 1 Survey,Prenatal,FALSE,TRUE,2026,3,March,2026-03-01,1,2026-10-08
global:YHW727-01-0 (267),YHW727-01-0 (267),4504P1,YHW727-01-0,267,4504P1,YHW727-01-0 (267),TRUE,FALSE,Flint,Flint,pn1_urine,2026-03-24,Prenatal 1 Urine,Prenatal,TRUE,TRUE,2026,3,March,2026-03-01,1,2026-10-08
custom:4761F1,ZQN091-01-A (680),4761F1,,,ZQN091-01-A (680),4761F1,FALSE,FALSE,0-5 Month Complete,Traverse City,child_stool,2026-03-24,Child Stool,0-5 Month,TRUE,FALSE,2026,3,March,2026-03-01,1,2026-10-08
custom:4761F1,ZQN091-01-A (680),4761F1,,,ZQN091-01-A (680),4761F1,FALSE,FALSE,0-5 Month Complete,Traverse City,child_urine,2026-03-24,Child Urine,0-5 Month,TRUE,FALSE,2026,3,March,2026-03-01,1,2026-10-08
custom:4761F1,ZQN091-01-A (680),4761F1,,,ZQN091-01-A (680),4761F1,FALSE,FALSE,0-5 Month Complete,Traverse City,mom_bs,2026-03-24,Maternal Bloodspot,0-5 Month,TRUE,FALSE,2026,3,March,2026-03-01,1,2026-10-08
custom:4761F1,ZQN091-01-A (680),4761F1,,,ZQN091-01-A (680),4761F1,FALSE,FALSE,0-5 Month Complete,Traverse City,mom_hair,2026-03-24,Maternal Hair,0-5 Month,TRUE,FALSE,2026,3,March,2026-03-01,1,2026-10-08
global:QZC678-01-0 (102),QZC678-01-0 (102),4186P1,QZC678-01-0,102,4186P1,QZC678-01-0 (102),TRUE,FALSE,Detroit,Detroit,water,2026-03-25,Water,Prenatal,TRUE,TRUE,2026,3,March,2026-03-01,1,2026-10-08
global:WDL327-01-0 (574),WDL327-01-0 (574),4190P1,WDL327-01-0,574,4190P1,WDL327-01-0 (574),TRUE,FALSE,Prenatal Complete,Detroit,consent_date,2026-03-25,Enrollments,Milestone,FALSE,FALSE,2026,3,March,2026-03-01,1,2026-10-08
global:WDL327-01-0 (574),WDL327-01-0 (574),4190P1,WDL327-01-0,574,4190P1,WDL327-01-0 (574),TRUE,FALSE,Prenatal Complete,Detroit,pn1_anthro,2026-03-25,Prenatal 1 Anthro,Prenatal,FALSE,TRUE,2026,3,March,2026-03-01,1,2026-10-08
global:WDL327-01-0 (574),WDL327-01-0 (574),4190P1,WDL327-01-0,574,4190P1,WDL327-01-0 (574),TRUE,FALSE,Prenatal Complete,Detroit,pn1_survey,2026-03-25,Prenatal 1 Survey,Prenatal,FALSE,TRUE,2026,3,March,2026-03-01,1,2026-10-08
global:WDL327-01-0 (574),WDL327-01-0 (574),4190P1,WDL327-01-0,574,4190P1,WDL327-01-0 (574),TRUE,FALSE,Prenatal Complete,Detroit,pn1_urine,2026-03-25,Prenatal 1 Urine,Prenatal,TRUE,TRUE,2026,3,March,2026-03-01,1,2026-10-08
global:ZRB102-01-0 (508),ZRB102-01-0 (508),4486P1,ZRB102-01-0,508,4486P1,ZRB102-01-0 (508),TRUE,FALSE,Prenatal Complete,Flint,child_dob,2026-03-25,Births,Milestone,FALSE,FALSE,2026,3,March,2026-03-01,1,2026-10-08
global:FLN684-01-0 (541),FLN684-01-0 (541),4176P1,FLN684-01-0,541,4176P1,FLN684-01-0 (541),TRUE,FALSE,Prenatal Complete,Detroit,pn2_blood,2026-03-26,Prenatal 2 Blood,Prenatal,TRUE,TRUE,2026,3,March,2026-03-01,1,2026-10-08
global:QZC678-01-0 (102),QZC678-01-0 (102),4186P1,QZC678-01-0,102,4186P1,QZC678-01-0 (102),TRUE,FALSE,Detroit,Detroit,pn1_urine,2026-03-26,Prenatal 1 Urine,Prenatal,TRUE,TRUE,2026,3,March,2026-03-01,1,2026-10-08
custom:4754F1,MFY505-01-A (251),4754F1,,,MFY505-01-A (251),4754F1,FALSE,FALSE,0-5 Month Complete,Traverse City,child_stool,2026-03-26,Child Stool,0-5 Month,TRUE,FALSE,2026,3,March,2026-03-01,1,2026-10-08
custom:4754F1,MFY505-01-A (251),4754F1,,,MFY505-01-A (251),4754F1,FALSE,FALSE,0-5 Month Complete,Traverse City,child_urine,2026-03-26,Child Urine,0-5 Month,TRUE,FALSE,2026,3,March,2026-03-01,1,2026-10-08
custom:4754F1,MFY505-01-A (251),4754F1,,,MFY505-01-A (251),4754F1,FALSE,FALSE,0-5 Month Complete,Traverse City,mom_bs,2026-03-26,Maternal Bloodspot,0-5 Month,TRUE,FALSE,2026,3,March,2026-03-01,1,2026-10-08
global:NQD377-01-0 (607),NQD377-01-0 (607),4811P1,NQD377-01-0,607,4811P1,NQD377-01-0 (607),TRUE,FALSE,Traverse City,Traverse City,pn1_blood,2026-03-26,Prenatal 1 Blood,Prenatal,TRUE,TRUE,2026,3,March,2026-03-01,1,2026-10-08
global:NQD377-01-0 (607),NQD377-01-0 (607),4811P1,NQD377-01-0,607,4811P1,NQD377-01-0 (607),TRUE,FALSE,Traverse City,Traverse City,pn1_urine,2026-03-26,Prenatal 1 Urine,Prenatal,TRUE,TRUE,2026,3,March,2026-03-01,1,2026-10-08
global:TBK281-01-0 (343),TBK281-01-0 (343),4484P1,TBK281-01-0,343,4484P1,TBK281-01-0 (343),TRUE,FALSE,Flint,Flint,child_dob,2026-03-28,Births,Milestone,FALSE,FALSE,2026,3,March,2026-03-01,1,2026-10-08
global:KHN535-01-0 (409),KHN535-01-0 (409),4794P1,KHN535-01-0,409,4794P1,KHN535-01-0 (409),TRUE,FALSE,Prenatal Complete,Traverse City,child_dob,2026-03-30,Births,Milestone,FALSE,FALSE,2026,3,March,2026-03-01,1,2026-10-08
global:XTL216-01-0 (136),XTL216-01-0 (136),4801P1,XTL216-01-0,136,4801P1,XTL216-01-0 (136),TRUE,FALSE,Prenatal Complete,Traverse City,child_dob,2026-03-31,Births,Milestone,FALSE,FALSE,2026,3,March,2026-03-01,1,2026-10-08
global:GVK177-01-0 (706),GVK177-01-0 (706),4189P1,GVK177-01-0,706,4189P1,GVK177-01-0 (706),TRUE,FALSE,Prenatal Complete,Detroit,pn1_urine,2026-04-02,Prenatal 1 Urine,Prenatal,TRUE,TRUE,2026,4,April,2026-04-01,1,2026-10-08
global:MZG636-01-0 (904),MZG636-01-0 (904),4191P1,MZG636-01-0,904,4191P1,MZG636-01-0 (904),TRUE,FALSE,Prenatal Complete,Detroit,consent_date,2026-04-02,Enrollments,Milestone,FALSE,FALSE,2026,4,April,2026-04-01,1,2026-10-08
global:MZG636-01-0 (904),MZG636-01-0 (904),4191P1,MZG636-01-0,904,4191P1,MZG636-01-0 (904),TRUE,FALSE,Prenatal Complete,Detroit,pn1_survey,2026-04-02,Prenatal 1 Survey,Prenatal,FALSE,TRUE,2026,4,April,2026-04-01,1,2026-10-08
global:YGQ976-02-0 (267),YGQ976-02-0 (267),4188P2,YGQ976-02-0,267,4188P2,YGQ976-02-0 (267),TRUE,FALSE,Prenatal Complete,Detroit,pn1_urine,2026-04-02,Prenatal 1 Urine,Prenatal,TRUE,TRUE,2026,4,April,2026-04-01,1,2026-10-08
global:YGQ976-02-0 (267),YGQ976-02-0 (267),4188P2,YGQ976-02-0,267,4188P2,YGQ976-02-0 (267),TRUE,FALSE,Prenatal Complete,Detroit,water,2026-04-02,Water,Prenatal,TRUE,TRUE,2026,4,April,2026-04-01,1,2026-10-08
global:KDC458-01-0 (146),KDC458-01-0 (146),4173P1,KDC458-01-0,146,4173P1,KDC458-01-0 (146),TRUE,FALSE,Prenatal Complete,Detroit,child_dob,2026-04-03,Births,Milestone,FALSE,FALSE,2026,4,April,2026-04-01,1,2026-10-08
global:BJH456-01-0 (146),BJH456-01-0 (146),4800P1,BJH456-01-0,146,4800P1,BJH456-01-0 (146),TRUE,FALSE,Prenatal Complete,Traverse City,child_dob,2026-04-03,Births,Milestone,FALSE,FALSE,2026,4,April,2026-04-01,1,2026-10-08
global:YGQ976-02-0 (267),YGQ976-02-0 (267),4188P2,YGQ976-02-0,267,4188P2,YGQ976-02-0 (267),TRUE,FALSE,Prenatal Complete,Detroit,actigraphy,2026-04-05,Actigraphy,Prenatal,FALSE,TRUE,2026,4,April,2026-04-01,1,2026-10-08
global:NQD377-01-0 (607),NQD377-01-0 (607),4811P1,NQD377-01-0,607,4811P1,NQD377-01-0 (607),TRUE,FALSE,Traverse City,Traverse City,actigraphy,2026-04-05,Actigraphy,Prenatal,FALSE,TRUE,2026,4,April,2026-04-01,1,2026-10-08
global:JBG482-01-0 (980),JBG482-01-0 (980),4482P1,JBG482-01-0,980,4482P1,JBG482-01-0 (980),TRUE,FALSE,Flint,Flint,child_dob,2026-04-06,Births,Milestone,FALSE,FALSE,2026,4,April,2026-04-01,1,2026-10-08
global:JWP930-02-0 (937),JWP930-02-0 (937),4810P1,JWP930-02-0,937,4810P1,JWP930-02-0 (937),TRUE,FALSE,Prenatal Complete,Traverse City,pn2_anthro,2026-04-07,Prenatal 2 Anthro,Prenatal,FALSE,TRUE,2026,4,April,2026-04-01,1,2026-10-08
global:JWP930-02-0 (937),JWP930-02-0 (937),4810P1,JWP930-02-0,937,4810P1,JWP930-02-0 (937),TRUE,FALSE,Prenatal Complete,Traverse City,pn2_blood,2026-04-07,Prenatal 2 Blood,Prenatal,TRUE,TRUE,2026,4,April,2026-04-01,1,2026-10-08
global:JWP930-02-0 (937),JWP930-02-0 (937),4810P1,JWP930-02-0,937,4810P1,JWP930-02-0 (937),TRUE,FALSE,Prenatal Complete,Traverse City,pn2_urine,2026-04-07,Prenatal 2 Urine,Prenatal,TRUE,TRUE,2026,4,April,2026-04-01,1,2026-10-08
global:NNX593-01-0 (168),NNX593-01-0 (168),4798P1,NNX593-01-0,168,4798P1,NNX593-01-0 (168),TRUE,FALSE,Prenatal Complete,Traverse City,child_dob,2026-04-07,Births,Milestone,FALSE,FALSE,2026,4,April,2026-04-01,1,2026-10-08
custom:4786F1,SJJ762-01-A (251),4786F1,,,SJJ762-01-A (251),4786F1,FALSE,FALSE,0-5 Month Complete,Traverse City,mom_hair,2026-04-07,Maternal Hair,0-5 Month,TRUE,FALSE,2026,4,April,2026-04-01,1,2026-10-08
custom:4783F1,YRC466-01-A (515),4783F1,,,YRC466-01-A (515),4783F1,FALSE,FALSE,0-5 Month Complete,Traverse City,child_stool,2026-04-07,Child Stool,0-5 Month,TRUE,FALSE,2026,4,April,2026-04-01,1,2026-10-08
custom:4783F1,YRC466-01-A (515),4783F1,,,YRC466-01-A (515),4783F1,FALSE,FALSE,0-5 Month Complete,Traverse City,child_urine,2026-04-07,Child Urine,0-5 Month,TRUE,FALSE,2026,4,April,2026-04-01,1,2026-10-08
custom:4783F1,YRC466-01-A (515),4783F1,,,YRC466-01-A (515),4783F1,FALSE,FALSE,0-5 Month Complete,Traverse City,mom_bs,2026-04-07,Maternal Bloodspot,0-5 Month,TRUE,FALSE,2026,4,April,2026-04-01,1,2026-10-08
custom:4783F1,YRC466-01-A (515),4783F1,,,YRC466-01-A (515),4783F1,FALSE,FALSE,0-5 Month Complete,Traverse City,mom_hair,2026-04-07,Maternal Hair,0-5 Month,TRUE,FALSE,2026,4,April,2026-04-01,1,2026-10-08
global:MKV454-01-0 (838),MKV454-01-0 (838),4192P1,MKV454-01-0,838,4192P1,MKV454-01-0 (838),TRUE,FALSE,Detroit,Detroit,consent_date,2026-04-08,Enrollments,Milestone,FALSE,FALSE,2026,4,April,2026-04-01,1,2026-10-08
global:MKV454-01-0 (838),MKV454-01-0 (838),4192P1,MKV454-01-0,838,4192P1,MKV454-01-0 (838),TRUE,FALSE,Detroit,Detroit,pn1_anthro,2026-04-08,Prenatal 1 Anthro,Prenatal,FALSE,TRUE,2026,4,April,2026-04-01,1,2026-10-08
global:MKV454-01-0 (838),MKV454-01-0 (838),4192P1,MKV454-01-0,838,4192P1,MKV454-01-0 (838),TRUE,FALSE,Detroit,Detroit,pn1_survey,2026-04-08,Prenatal 1 Survey,Prenatal,FALSE,TRUE,2026,4,April,2026-04-01,1,2026-10-08
global:MKV454-01-0 (838),MKV454-01-0 (838),4192P1,MKV454-01-0,838,4192P1,MKV454-01-0 (838),TRUE,FALSE,Detroit,Detroit,pn1_urine,2026-04-08,Prenatal 1 Urine,Prenatal,TRUE,TRUE,2026,4,April,2026-04-01,1,2026-10-08
global:JWP930-02-0 (937),JWP930-02-0 (937),4810P1,JWP930-02-0,937,4810P1,JWP930-02-0 (937),TRUE,FALSE,Prenatal Complete,Traverse City,water,2026-04-08,Water,Prenatal,TRUE,TRUE,2026,4,April,2026-04-01,1,2026-10-08
custom:4783F1,YRC466-01-A (515),4783F1,,,YRC466-01-A (515),4783F1,FALSE,FALSE,0-5 Month Complete,Traverse City,breast_milk,2026-04-08,Breast Milk,0-5 Month,TRUE,FALSE,2026,4,April,2026-04-01,1,2026-10-08
global:MLK253-01-0 (409),MLK253-01-0 (409),4503P1,MLK253-01-0,409,4503P1,MLK253-01-0 (409),TRUE,FALSE,Flint,Flint,actigraphy,2026-04-09,Actigraphy,Prenatal,FALSE,TRUE,2026,4,April,2026-04-01,1,2026-10-08
custom:4464F1,NQW810-01-A (548),4464F1,,,NQW810-01-A (548),4464F1,FALSE,FALSE,0-5 Month Complete,Flint,child_urine,2026-04-09,Child Urine,0-5 Month,TRUE,FALSE,2026,4,April,2026-04-01,1,2026-10-08
custom:4464F1,NQW810-01-A (548),4464F1,,,NQW810-01-A (548),4464F1,FALSE,FALSE,0-5 Month Complete,Flint,mom_bs,2026-04-09,Maternal Bloodspot,0-5 Month,TRUE,FALSE,2026,4,April,2026-04-01,1,2026-10-08
custom:4464F1,NQW810-01-A (548),4464F1,,,NQW810-01-A (548),4464F1,FALSE,FALSE,0-5 Month Complete,Flint,mom_hair,2026-04-09,Maternal Hair,0-5 Month,TRUE,FALSE,2026,4,April,2026-04-01,1,2026-10-08
custom:4461F1,NWN510-01-A (350),4461F1,,,NWN510-01-A (350),4461F1,FALSE,FALSE,0-5 Month Complete,Flint,child_urine,2026-04-09,Child Urine,0-5 Month,TRUE,FALSE,2026,4,April,2026-04-01,1,2026-10-08
custom:4461F1,NWN510-01-A (350),4461F1,,,NWN510-01-A (350),4461F1,FALSE,FALSE,0-5 Month Complete,Flint,mom_bs,2026-04-09,Maternal Bloodspot,0-5 Month,TRUE,FALSE,2026,4,April,2026-04-01,1,2026-10-08
custom:4461F1,NWN510-01-A (350),4461F1,,,NWN510-01-A (350),4461F1,FALSE,FALSE,0-5 Month Complete,Flint,mom_hair,2026-04-09,Maternal Hair,0-5 Month,TRUE,FALSE,2026,4,April,2026-04-01,1,2026-10-08
global:WHT014-01-0 (739),WHT014-01-0 (739),4493P1,WHT014-01-0,739,4493P1,WHT014-01-0 (739),TRUE,FALSE,Prenatal Complete,Flint,pn2_anthro,2026-04-09,Prenatal 2 Anthro,Prenatal,FALSE,TRUE,2026,4,April,2026-04-01,1,2026-10-08
global:YHW727-01-0 (267),YHW727-01-0 (267),4504P1,YHW727-01-0,267,4504P1,YHW727-01-0 (267),TRUE,FALSE,Flint,Flint,actigraphy,2026-04-09,Actigraphy,Prenatal,FALSE,TRUE,2026,4,April,2026-04-01,1,2026-10-08
global:WDL327-01-0 (574),WDL327-01-0 (574),4190P1,WDL327-01-0,574,4190P1,WDL327-01-0 (574),TRUE,FALSE,Prenatal Complete,Detroit,actigraphy,2026-04-10,Actigraphy,Prenatal,FALSE,TRUE,2026,4,April,2026-04-01,1,2026-10-08
custom:4467F1,FGL622-01-A (624),4467F1,,,FGL622-01-A (624),4467F1,FALSE,FALSE,0-5 Month Complete,Flint,child_stool,2026-04-10,Child Stool,0-5 Month,TRUE,FALSE,2026,4,April,2026-04-01,1,2026-10-08
custom:4467F1,FGL622-01-A (624),4467F1,,,FGL622-01-A (624),4467F1,FALSE,FALSE,0-5 Month Complete,Flint,mom_bs,2026-04-10,Maternal Bloodspot,0-5 Month,TRUE,FALSE,2026,4,April,2026-04-01,1,2026-10-08
custom:4467F1,FGL622-01-A (624),4467F1,,,FGL622-01-A (624),4467F1,FALSE,FALSE,0-5 Month Complete,Flint,mom_hair,2026-04-10,Maternal Hair,0-5 Month,TRUE,FALSE,2026,4,April,2026-04-01,1,2026-10-08
global:GJG046-01-0 (113),GJG046-01-0 (113),4494P1,GJG046-01-0,113,4494P1,GJG046-01-0 (113),TRUE,FALSE,Prenatal Complete,Flint,pn2_blood,2026-04-10,Prenatal 2 Blood,Prenatal,TRUE,TRUE,2026,4,April,2026-04-01,1,2026-10-08
global:GJG046-01-0 (113),GJG046-01-0 (113),4494P1,GJG046-01-0,113,4494P1,GJG046-01-0 (113),TRUE,FALSE,Prenatal Complete,Flint,pn2_urine,2026-04-10,Prenatal 2 Urine,Prenatal,TRUE,TRUE,2026,4,April,2026-04-01,1,2026-10-08
global:GJP886-01-0 (706),GJP886-01-0 (706),4505P1,GJP886-01-0,706,4505P1,GJP886-01-0 (706),TRUE,FALSE,Flint,Flint,consent_date,2026-04-10,Enrollments,Milestone,FALSE,FALSE,2026,4,April,2026-04-01,1,2026-10-08
global:GJP886-01-0 (706),GJP886-01-0 (706),4505P1,GJP886-01-0,706,4505P1,GJP886-01-0 (706),TRUE,FALSE,Flint,Flint,pn1_anthro,2026-04-10,Prenatal 1 Anthro,Prenatal,FALSE,TRUE,2026,4,April,2026-04-01,1,2026-10-08
global:GJP886-01-0 (706),GJP886-01-0 (706),4505P1,GJP886-01-0,706,4505P1,GJP886-01-0 (706),TRUE,FALSE,Flint,Flint,pn1_blood,2026-04-10,Prenatal 1 Blood,Prenatal,TRUE,TRUE,2026,4,April,2026-04-01,1,2026-10-08
global:GJP886-01-0 (706),GJP886-01-0 (706),4505P1,GJP886-01-0,706,4505P1,GJP886-01-0 (706),TRUE,FALSE,Flint,Flint,pn1_urine,2026-04-10,Prenatal 1 Urine,Prenatal,TRUE,TRUE,2026,4,April,2026-04-01,1,2026-10-08
global:GJP886-01-0 (706),GJP886-01-0 (706),4505P1,GJP886-01-0,706,4505P1,GJP886-01-0 (706),TRUE,FALSE,Flint,Flint,water,2026-04-11,Water,Prenatal,TRUE,TRUE,2026,4,April,2026-04-01,1,2026-10-08
global:TTZ628-01-0 (597),TTZ628-01-0 (597),4804P1,TTZ628-01-0,597,4804P1,TTZ628-01-0 (597),TRUE,FALSE,Traverse City,Traverse City,child_dob,2026-04-11,Births,Milestone,FALSE,FALSE,2026,4,April,2026-04-01,1,2026-10-08
global:LZQ650-02-0 (102),LZQ650-02-0 (102),4178P2,LZQ650-02-0,102,4178P2,LZQ650-02-0 (102),TRUE,FALSE,Prenatal Complete,Detroit,pn2_anthro,2026-04-12,Prenatal 2 Anthro,Prenatal,FALSE,TRUE,2026,4,April,2026-04-01,1,2026-10-08
global:LZQ650-02-0 (102),LZQ650-02-0 (102),4178P2,LZQ650-02-0,102,4178P2,LZQ650-02-0 (102),TRUE,FALSE,Prenatal Complete,Detroit,pn2_blood,2026-04-12,Prenatal 2 Blood,Prenatal,TRUE,TRUE,2026,4,April,2026-04-01,1,2026-10-08
custom:4469F1,BNJ340-01-A (558),4469F1,,,BNJ340-01-A (558),4469F1,FALSE,FALSE,0-5 Month Complete,Flint,breast_milk,2026-04-13,Breast Milk,0-5 Month,TRUE,FALSE,2026,4,April,2026-04-01,1,2026-10-08
custom:4469F1,BNJ340-01-A (558),4469F1,,,BNJ340-01-A (558),4469F1,FALSE,FALSE,0-5 Month Complete,Flint,child_stool,2026-04-13,Child Stool,0-5 Month,TRUE,FALSE,2026,4,April,2026-04-01,1,2026-10-08
custom:4469F1,BNJ340-01-A (558),4469F1,,,BNJ340-01-A (558),4469F1,FALSE,FALSE,0-5 Month Complete,Flint,child_urine,2026-04-13,Child Urine,0-5 Month,TRUE,FALSE,2026,4,April,2026-04-01,1,2026-10-08
custom:4469F1,BNJ340-01-A (558),4469F1,,,BNJ340-01-A (558),4469F1,FALSE,FALSE,0-5 Month Complete,Flint,mom_bs,2026-04-13,Maternal Bloodspot,0-5 Month,TRUE,FALSE,2026,4,April,2026-04-01,1,2026-10-08
custom:4469F1,BNJ340-01-A (558),4469F1,,,BNJ340-01-A (558),4469F1,FALSE,FALSE,0-5 Month Complete,Flint,mom_hair,2026-04-13,Maternal Hair,0-5 Month,TRUE,FALSE,2026,4,April,2026-04-01,1,2026-10-08
custom:4471F1,DRG492-01-A (921),4471F1,,,DRG492-01-A (921),4471F1,FALSE,FALSE,0-5 Month Complete,Flint,child_urine,2026-04-13,Child Urine,0-5 Month,TRUE,FALSE,2026,4,April,2026-04-01,1,2026-10-08
custom:4471F1,DRG492-01-A (921),4471F1,,,DRG492-01-A (921),4471F1,FALSE,FALSE,0-5 Month Complete,Flint,mom_bs,2026-04-13,Maternal Bloodspot,0-5 Month,TRUE,FALSE,2026,4,April,2026-04-01,1,2026-10-08
custom:4471F1,DRG492-01-A (921),4471F1,,,DRG492-01-A (921),4471F1,FALSE,FALSE,0-5 Month Complete,Flint,mom_hair,2026-04-13,Maternal Hair,0-5 Month,TRUE,FALSE,2026,4,April,2026-04-01,1,2026-10-08
global:WHT014-01-0 (739),WHT014-01-0 (739),4493P1,WHT014-01-0,739,4493P1,WHT014-01-0 (739),TRUE,FALSE,Prenatal Complete,Flint,child_dob,2026-04-13,Births,Milestone,FALSE,FALSE,2026,4,April,2026-04-01,1,2026-10-08
custom:4458F1,ZRH064-01-A (515),4458F1,,,ZRH064-01-A (515),4458F1,FALSE,FALSE,0-5 Month Complete,Flint,child_stool,2026-04-13,Child Stool,0-5 Month,TRUE,FALSE,2026,4,April,2026-04-01,1,2026-10-08
custom:4458F1,ZRH064-01-A (515),4458F1,,,ZRH064-01-A (515),4458F1,FALSE,FALSE,0-5 Month Complete,Flint,child_urine,2026-04-13,Child Urine,0-5 Month,TRUE,FALSE,2026,4,April,2026-04-01,1,2026-10-08
custom:4458F1,ZRH064-01-A (515),4458F1,,,ZRH064-01-A (515),4458F1,FALSE,FALSE,0-5 Month Complete,Flint,mom_bs,2026-04-13,Maternal Bloodspot,0-5 Month,TRUE,FALSE,2026,4,April,2026-04-01,1,2026-10-08
custom:4458F1,ZRH064-01-A (515),4458F1,,,ZRH064-01-A (515),4458F1,FALSE,FALSE,0-5 Month Complete,Flint,mom_hair,2026-04-13,Maternal Hair,0-5 Month,TRUE,FALSE,2026,4,April,2026-04-01,1,2026-10-08
global:VYC886-01-0 (267),VYC886-01-0 (267),4809P1,VYC886-01-0,267,4809P1,VYC886-01-0 (267),TRUE,FALSE,Prenatal Complete,Traverse City,pn2_survey,2026-04-13,Prenatal 2 Survey,Prenatal,FALSE,TRUE,2026,4,April,2026-04-01,1,2026-10-08
global:HQR631-01-0 (640),HQR631-01-0 (640),4805P1,HQR631-01-0,640,4805P1,HQR631-01-0 (640),TRUE,FALSE,Prenatal Complete,Traverse City,child_dob,2026-04-14,Births,Milestone,FALSE,FALSE,2026,4,April,2026-04-01,1,2026-10-08
global:FLN684-01-0 (541),FLN684-01-0 (541),4176P1,FLN684-01-0,541,4176P1,FLN684-01-0 (541),TRUE,FALSE,Prenatal Complete,Detroit,pn2_survey,2026-04-15,Prenatal 2 Survey,Prenatal,FALSE,TRUE,2026,4,April,2026-04-01,1,2026-10-08
global:GRN417-01-0 (574),GRN417-01-0 (574),4799P1,GRN417-01-0,574,4799P1,GRN417-01-0 (574),TRUE,FALSE,Prenatal Complete,Traverse City,child_dob,2026-04-15,Births,Milestone,FALSE,FALSE,2026,4,April,2026-04-01,1,2026-10-08
custom:4785F1,QHL554-01-A (152),4785F1,,,QHL554-01-A (152),4785F1,FALSE,FALSE,0-5 Month Complete,Traverse City,mom_hair,2026-04-15,Maternal Hair,0-5 Month,TRUE,FALSE,2026,4,April,2026-04-01,1,2026-10-08
custom:4769F1,HPX087-01-A (548),4769F1,,,HPX087-01-A (548),4769F1,FALSE,FALSE,0-5 Month Complete,Traverse City,breast_milk,2026-04-16,Breast Milk,0-5 Month,TRUE,FALSE,2026,4,April,2026-04-01,1,2026-10-08
custom:4769F1,HPX087-01-A (548),4769F1,,,HPX087-01-A (548),4769F1,FALSE,FALSE,0-5 Month Complete,Traverse City,child_urine,2026-04-16,Child Urine,0-5 Month,TRUE,FALSE,2026,4,April,2026-04-01,1,2026-10-08
custom:4782F1,LNM531-01-A (153),4782F1,,,LNM531-01-A (153),4782F1,FALSE,FALSE,0-5 Month Complete,Traverse City,breast_milk,2026-04-16,Breast Milk,0-5 Month,TRUE,FALSE,2026,4,April,2026-04-01,1,2026-10-08
custom:4782F1,LNM531-01-A (153),4782F1,,,LNM531-01-A (153),4782F1,FALSE,FALSE,0-5 Month Complete,Traverse City,child_stool,2026-04-16,Child Stool,0-5 Month,TRUE,FALSE,2026,4,April,2026-04-01,1,2026-10-08
custom:4782F1,LNM531-01-A (153),4782F1,,,LNM531-01-A (153),4782F1,FALSE,FALSE,0-5 Month Complete,Traverse City,child_urine,2026-04-16,Child Urine,0-5 Month,TRUE,FALSE,2026,4,April,2026-04-01,1,2026-10-08
custom:4782F1,LNM531-01-A (153),4782F1,,,LNM531-01-A (153),4782F1,FALSE,FALSE,0-5 Month Complete,Traverse City,mom_bs,2026-04-16,Maternal Bloodspot,0-5 Month,TRUE,FALSE,2026,4,April,2026-04-01,1,2026-10-08
custom:4782F1,LNM531-01-A (153),4782F1,,,LNM531-01-A (153),4782F1,FALSE,FALSE,0-5 Month Complete,Traverse City,mom_hair,2026-04-16,Maternal Hair,0-5 Month,TRUE,FALSE,2026,4,April,2026-04-01,1,2026-10-08
global:LZV055-02-0 (234),LZV055-02-0 (234),4806P1,LZV055-02-0,234,4806P1,LZV055-02-0 (234),TRUE,FALSE,Traverse City,Traverse City,pn2_anthro,2026-04-16,Prenatal 2 Anthro,Prenatal,FALSE,TRUE,2026,4,April,2026-04-01,1,2026-10-08
global:LZV055-02-0 (234),LZV055-02-0 (234),4806P1,LZV055-02-0,234,4806P1,LZV055-02-0 (234),TRUE,FALSE,Traverse City,Traverse City,pn2_blood,2026-04-16,Prenatal 2 Blood,Prenatal,TRUE,TRUE,2026,4,April,2026-04-01,1,2026-10-08
global:LZV055-02-0 (234),LZV055-02-0 (234),4806P1,LZV055-02-0,234,4806P1,LZV055-02-0 (234),TRUE,FALSE,Traverse City,Traverse City,pn2_survey,2026-04-16,Prenatal 2 Survey,Prenatal,FALSE,TRUE,2026,4,April,2026-04-01,1,2026-10-08
global:LZV055-02-0 (234),LZV055-02-0 (234),4806P1,LZV055-02-0,234,4806P1,LZV055-02-0 (234),TRUE,FALSE,Traverse City,Traverse City,pn2_urine,2026-04-16,Prenatal 2 Urine,Prenatal,TRUE,TRUE,2026,4,April,2026-04-01,1,2026-10-08
global:SLX595-01-0 (333),SLX595-01-0 (333),4813P1,SLX595-01-0,333,4813P1,SLX595-01-0 (333),TRUE,FALSE,Traverse City,Traverse City,consent_date,2026-04-16,Enrollments,Milestone,FALSE,FALSE,2026,4,April,2026-04-01,1,2026-10-08
global:SLX595-01-0 (333),SLX595-01-0 (333),4813P1,SLX595-01-0,333,4813P1,SLX595-01-0 (333),TRUE,FALSE,Traverse City,Traverse City,pn1_anthro,2026-04-16,Prenatal 1 Anthro,Prenatal,FALSE,TRUE,2026,4,April,2026-04-01,1,2026-10-08
global:VYC886-01-0 (267),VYC886-01-0 (267),4809P1,VYC886-01-0,267,4809P1,VYC886-01-0 (267),TRUE,FALSE,Prenatal Complete,Traverse City,pn2_anthro,2026-04-16,Prenatal 2 Anthro,Prenatal,FALSE,TRUE,2026,4,April,2026-04-01,1,2026-10-08
global:VYC886-01-0 (267),VYC886-01-0 (267),4809P1,VYC886-01-0,267,4809P1,VYC886-01-0 (267),TRUE,FALSE,Prenatal Complete,Traverse City,pn2_blood,2026-04-16,Prenatal 2 Blood,Prenatal,TRUE,TRUE,2026,4,April,2026-04-01,1,2026-10-08
global:VYC886-01-0 (267),VYC886-01-0 (267),4809P1,VYC886-01-0,267,4809P1,VYC886-01-0 (267),TRUE,FALSE,Prenatal Complete,Traverse City,pn2_urine,2026-04-16,Prenatal 2 Urine,Prenatal,TRUE,TRUE,2026,4,April,2026-04-01,1,2026-10-08
global:YMF346-02-0 (805),YMF346-02-0 (805),4812P1,YMF346-02-0,805,4812P1,YMF346-02-0 (805),TRUE,FALSE,Prenatal Complete,Traverse City,consent_date,2026-04-16,Enrollments,Milestone,FALSE,FALSE,2026,4,April,2026-04-01,1,2026-10-08
global:YMF346-02-0 (805),YMF346-02-0 (805),4812P1,YMF346-02-0,805,4812P1,YMF346-02-0 (805),TRUE,FALSE,Prenatal Complete,Traverse City,pn1_anthro,2026-04-16,Prenatal 1 Anthro,Prenatal,FALSE,TRUE,2026,4,April,2026-04-01,1,2026-10-08
global:YMF346-02-0 (805),YMF346-02-0 (805),4812P1,YMF346-02-0,805,4812P1,YMF346-02-0 (805),TRUE,FALSE,Prenatal Complete,Traverse City,pn1_blood,2026-04-16,Prenatal 1 Blood,Prenatal,TRUE,TRUE,2026,4,April,2026-04-01,1,2026-10-08
global:YMF346-02-0 (805),YMF346-02-0 (805),4812P1,YMF346-02-0,805,4812P1,YMF346-02-0 (805),TRUE,FALSE,Prenatal Complete,Traverse City,pn1_survey,2026-04-16,Prenatal 1 Survey,Prenatal,FALSE,TRUE,2026,4,April,2026-04-01,1,2026-10-08
global:YMF346-02-0 (805),YMF346-02-0 (805),4812P1,YMF346-02-0,805,4812P1,YMF346-02-0 (805),TRUE,FALSE,Prenatal Complete,Traverse City,pn1_urine,2026-04-16,Prenatal 1 Urine,Prenatal,TRUE,TRUE,2026,4,April,2026-04-01,1,2026-10-08
custom:4165F1,KFX637-01-A (350),4165F1,,,KFX637-01-A (350),4165F1,FALSE,FALSE,0-5 Month Complete,Detroit,breast_milk,2026-04-17,Breast Milk,0-5 Month,TRUE,FALSE,2026,4,April,2026-04-01,1,2026-10-08
custom:4165F1,KFX637-01-A (350),4165F1,,,KFX637-01-A (350),4165F1,FALSE,FALSE,0-5 Month Complete,Detroit,child_stool,2026-04-17,Child Stool,0-5 Month,TRUE,FALSE,2026,4,April,2026-04-01,1,2026-10-08
custom:4165F1,KFX637-01-A (350),4165F1,,,KFX637-01-A (350),4165F1,FALSE,FALSE,0-5 Month Complete,Detroit,mom_bs,2026-04-17,Maternal Bloodspot,0-5 Month,TRUE,FALSE,2026,4,April,2026-04-01,1,2026-10-08
custom:4466F1,CNJ952-01-A (888),4466F1,,,CNJ952-01-A (888),4466F1,FALSE,FALSE,0-5 Month Complete,Flint,breast_milk,2026-04-17,Breast Milk,0-5 Month,TRUE,FALSE,2026,4,April,2026-04-01,1,2026-10-08
custom:4466F1,CNJ952-01-A (888),4466F1,,,CNJ952-01-A (888),4466F1,FALSE,FALSE,0-5 Month Complete,Flint,child_stool,2026-04-17,Child Stool,0-5 Month,TRUE,FALSE,2026,4,April,2026-04-01,1,2026-10-08
custom:4466F1,CNJ952-01-A (888),4466F1,,,CNJ952-01-A (888),4466F1,FALSE,FALSE,0-5 Month Complete,Flint,child_urine,2026-04-17,Child Urine,0-5 Month,TRUE,FALSE,2026,4,April,2026-04-01,1,2026-10-08
custom:4466F1,CNJ952-01-A (888),4466F1,,,CNJ952-01-A (888),4466F1,FALSE,FALSE,0-5 Month Complete,Flint,mom_bs,2026-04-17,Maternal Bloodspot,0-5 Month,TRUE,FALSE,2026,4,April,2026-04-01,1,2026-10-08
custom:4466F1,CNJ952-01-A (888),4466F1,,,CNJ952-01-A (888),4466F1,FALSE,FALSE,0-5 Month Complete,Flint,mom_hair,2026-04-17,Maternal Hair,0-5 Month,TRUE,FALSE,2026,4,April,2026-04-01,1,2026-10-08
custom:4466F2,CNJ952-01-B (922),4466F2,,,CNJ952-01-B (922),4466F2,FALSE,FALSE,0-5 Month Complete,Flint,child_stool,2026-04-17,Child Stool,0-5 Month,TRUE,FALSE,2026,4,April,2026-04-01,1,2026-10-08
custom:4466F2,CNJ952-01-B (922),4466F2,,,CNJ952-01-B (922),4466F2,FALSE,FALSE,0-5 Month Complete,Flint,child_urine,2026-04-17,Child Urine,0-5 Month,TRUE,FALSE,2026,4,April,2026-04-01,1,2026-10-08
custom:4459F1,ZGC044-01-A (921),4459F1,,,ZGC044-01-A (921),4459F1,FALSE,FALSE,0-5 Month Complete,Flint,breast_milk,2026-04-17,Breast Milk,0-5 Month,TRUE,FALSE,2026,4,April,2026-04-01,1,2026-10-08
custom:4459F1,ZGC044-01-A (921),4459F1,,,ZGC044-01-A (921),4459F1,FALSE,FALSE,0-5 Month Complete,Flint,child_stool,2026-04-17,Child Stool,0-5 Month,TRUE,FALSE,2026,4,April,2026-04-01,1,2026-10-08
custom:4459F1,ZGC044-01-A (921),4459F1,,,ZGC044-01-A (921),4459F1,FALSE,FALSE,0-5 Month Complete,Flint,child_urine,2026-04-17,Child Urine,0-5 Month,TRUE,FALSE,2026,4,April,2026-04-01,1,2026-10-08
custom:4459F1,ZGC044-01-A (921),4459F1,,,ZGC044-01-A (921),4459F1,FALSE,FALSE,0-5 Month Complete,Flint,mom_bs,2026-04-17,Maternal Bloodspot,0-5 Month,TRUE,FALSE,2026,4,April,2026-04-01,1,2026-10-08
custom:4459F1,ZGC044-01-A (921),4459F1,,,ZGC044-01-A (921),4459F1,FALSE,FALSE,0-5 Month Complete,Flint,mom_hair,2026-04-17,Maternal Hair,0-5 Month,TRUE,FALSE,2026,4,April,2026-04-01,1,2026-10-08
global:SLX595-01-0 (333),SLX595-01-0 (333),4813P1,SLX595-01-0,333,4813P1,SLX595-01-0 (333),TRUE,FALSE,Traverse City,Traverse City,pn1_survey,2026-04-17,Prenatal 1 Survey,Prenatal,FALSE,TRUE,2026,4,April,2026-04-01,1,2026-10-08
global:SLX595-01-0 (333),SLX595-01-0 (333),4813P1,SLX595-01-0,333,4813P1,SLX595-01-0 (333),TRUE,FALSE,Traverse City,Traverse City,water,2026-04-17,Water,Prenatal,TRUE,TRUE,2026,4,April,2026-04-01,1,2026-10-08
custom:4789F1,WVK885-01-A (110),4789F1,,,WVK885-01-A (110),4789F1,FALSE,FALSE,0-5 Month Complete,Traverse City,breast_milk,2026-04-17,Breast Milk,0-5 Month,TRUE,FALSE,2026,4,April,2026-04-01,1,2026-10-08
custom:4789F1,WVK885-01-A (110),4789F1,,,WVK885-01-A (110),4789F1,FALSE,FALSE,0-5 Month Complete,Traverse City,child_stool,2026-04-17,Child Stool,0-5 Month,TRUE,FALSE,2026,4,April,2026-04-01,1,2026-10-08
custom:4789F1,WVK885-01-A (110),4789F1,,,WVK885-01-A (110),4789F1,FALSE,FALSE,0-5 Month Complete,Traverse City,child_urine,2026-04-17,Child Urine,0-5 Month,TRUE,FALSE,2026,4,April,2026-04-01,1,2026-10-08
custom:4789F1,WVK885-01-A (110),4789F1,,,WVK885-01-A (110),4789F1,FALSE,FALSE,0-5 Month Complete,Traverse City,mom_bs,2026-04-17,Maternal Bloodspot,0-5 Month,TRUE,FALSE,2026,4,April,2026-04-01,1,2026-10-08
custom:4789F1,WVK885-01-A (110),4789F1,,,WVK885-01-A (110),4789F1,FALSE,FALSE,0-5 Month Complete,Traverse City,mom_hair,2026-04-17,Maternal Hair,0-5 Month,TRUE,FALSE,2026,4,April,2026-04-01,1,2026-10-08
global:YMF346-02-0 (805),YMF346-02-0 (805),4812P1,YMF346-02-0,805,4812P1,YMF346-02-0 (805),TRUE,FALSE,Prenatal Complete,Traverse City,water,2026-04-17,Water,Prenatal,TRUE,TRUE,2026,4,April,2026-04-01,1,2026-10-08
global:MGW204-01-0 (508),MGW204-01-0 (508),4142P1,MGW204-01-0,508,4142P1,MGW204-01-0 (508),TRUE,FALSE,Prenatal Complete,Detroit,pn2_anthro,2026-04-18,Prenatal 2 Anthro,Prenatal,FALSE,TRUE,2026,4,April,2026-04-01,1,2026-10-08
global:MGW204-01-0 (508),MGW204-01-0 (508),4142P1,MGW204-01-0,508,4142P1,MGW204-01-0 (508),TRUE,FALSE,Prenatal Complete,Detroit,pn2_blood,2026-04-18,Prenatal 2 Blood,Prenatal,TRUE,TRUE,2026,4,April,2026-04-01,1,2026-10-08
global:MGW204-01-0 (508),MGW204-01-0 (508),4142P1,MGW204-01-0,508,4142P1,MGW204-01-0 (508),TRUE,FALSE,Prenatal Complete,Detroit,pn2_urine,2026-04-18,Prenatal 2 Urine,Prenatal,TRUE,TRUE,2026,4,April,2026-04-01,1,2026-10-08
global:MZG636-01-0 (904),MZG636-01-0 (904),4191P1,MZG636-01-0,904,4191P1,MZG636-01-0 (904),TRUE,FALSE,Prenatal Complete,Detroit,actigraphy,2026-04-18,Actigraphy,Prenatal,FALSE,TRUE,2026,4,April,2026-04-01,1,2026-10-08
global:MZG636-01-0 (904),MZG636-01-0 (904),4191P1,MZG636-01-0,904,4191P1,MZG636-01-0 (904),TRUE,FALSE,Prenatal Complete,Detroit,pn1_anthro,2026-04-20,Prenatal 1 Anthro,Prenatal,FALSE,TRUE,2026,4,April,2026-04-01,1,2026-10-08
global:MZG636-01-0 (904),MZG636-01-0 (904),4191P1,MZG636-01-0,904,4191P1,MZG636-01-0 (904),TRUE,FALSE,Prenatal Complete,Detroit,pn1_blood,2026-04-20,Prenatal 1 Blood,Prenatal,TRUE,TRUE,2026,4,April,2026-04-01,1,2026-10-08
global:MZG636-01-0 (904),MZG636-01-0 (904),4191P1,MZG636-01-0,904,4191P1,MZG636-01-0 (904),TRUE,FALSE,Prenatal Complete,Detroit,pn1_urine,2026-04-20,Prenatal 1 Urine,Prenatal,TRUE,TRUE,2026,4,April,2026-04-01,1,2026-10-08
global:MZG636-01-0 (904),MZG636-01-0 (904),4191P1,MZG636-01-0,904,4191P1,MZG636-01-0 (904),TRUE,FALSE,Prenatal Complete,Detroit,water,2026-04-20,Water,Prenatal,TRUE,TRUE,2026,4,April,2026-04-01,1,2026-10-08
custom:4794F1,KHN535-01-A (987),4794F1,,,KHN535-01-A (987),4794F1,FALSE,FALSE,0-5 Month Traverse City,Traverse City,mom_hair,2026-04-20,Maternal Hair,0-5 Month,TRUE,FALSE,2026,4,April,2026-04-01,1,2026-10-08
global:MLT236-01-0 (739),MLT236-01-0 (739),4815P1,MLT236-01-0,739,4815P1,MLT236-01-0 (739),TRUE,FALSE,Traverse City,Traverse City,consent_date,2026-04-20,Enrollments,Milestone,FALSE,FALSE,2026,4,April,2026-04-01,1,2026-10-08
global:MLT236-01-0 (739),MLT236-01-0 (739),4815P1,MLT236-01-0,739,4815P1,MLT236-01-0 (739),TRUE,FALSE,Traverse City,Traverse City,pn1_anthro,2026-04-20,Prenatal 1 Anthro,Prenatal,FALSE,TRUE,2026,4,April,2026-04-01,1,2026-10-08
global:RZS580-02-0 (432),RZS580-02-0 (432),4814P1,RZS580-02-0,432,4814P1,RZS580-02-0 (432),TRUE,FALSE,Prenatal Complete,Traverse City,consent_date,2026-04-20,Enrollments,Milestone,FALSE,FALSE,2026,4,April,2026-04-01,1,2026-10-08
global:RZS580-02-0 (432),RZS580-02-0 (432),4814P1,RZS580-02-0,432,4814P1,RZS580-02-0 (432),TRUE,FALSE,Prenatal Complete,Traverse City,pn1_anthro,2026-04-20,Prenatal 1 Anthro,Prenatal,FALSE,TRUE,2026,4,April,2026-04-01,1,2026-10-08
global:RZS580-02-0 (432),RZS580-02-0 (432),4814P1,RZS580-02-0,432,4814P1,RZS580-02-0 (432),TRUE,FALSE,Prenatal Complete,Traverse City,pn1_survey,2026-04-20,Prenatal 1 Survey,Prenatal,FALSE,TRUE,2026,4,April,2026-04-01,1,2026-10-08
custom:4465F1,ZBM618-01-A (317),4465F1,,,ZBM618-01-A (317),4465F1,FALSE,FALSE,0-5 Month Complete,Flint,child_stool,2026-04-21,Child Stool,0-5 Month,TRUE,FALSE,2026,4,April,2026-04-01,1,2026-10-08
custom:4465F1,ZBM618-01-A (317),4465F1,,,ZBM618-01-A (317),4465F1,FALSE,FALSE,0-5 Month Complete,Flint,child_urine,2026-04-21,Child Urine,0-5 Month,TRUE,FALSE,2026,4,April,2026-04-01,1,2026-10-08
custom:4465F1,ZBM618-01-A (317),4465F1,,,ZBM618-01-A (317),4465F1,FALSE,FALSE,0-5 Month Complete,Flint,mom_bs,2026-04-21,Maternal Bloodspot,0-5 Month,TRUE,FALSE,2026,4,April,2026-04-01,1,2026-10-08
custom:4465F1,ZBM618-01-A (317),4465F1,,,ZBM618-01-A (317),4465F1,FALSE,FALSE,0-5 Month Complete,Flint,mom_hair,2026-04-21,Maternal Hair,0-5 Month,TRUE,FALSE,2026,4,April,2026-04-01,1,2026-10-08
global:CWB510-01-0 (113),CWB510-01-0 (113),4817P1,CWB510-01-0,113,4817P1,CWB510-01-0 (113),TRUE,FALSE,Traverse City,Traverse City,consent_date,2026-04-21,Enrollments,Milestone,FALSE,FALSE,2026,4,April,2026-04-01,1,2026-10-08
global:CWB510-01-0 (113),CWB510-01-0 (113),4817P1,CWB510-01-0,113,4817P1,CWB510-01-0 (113),TRUE,FALSE,Traverse City,Traverse City,pn1_anthro,2026-04-21,Prenatal 1 Anthro,Prenatal,FALSE,TRUE,2026,4,April,2026-04-01,1,2026-10-08
global:CWB510-01-0 (113),CWB510-01-0 (113),4817P1,CWB510-01-0,113,4817P1,CWB510-01-0 (113),TRUE,FALSE,Traverse City,Traverse City,pn1_blood,2026-04-21,Prenatal 1 Blood,Prenatal,TRUE,TRUE,2026,4,April,2026-04-01,1,2026-10-08
global:CWB510-01-0 (113),CWB510-01-0 (113),4817P1,CWB510-01-0,113,4817P1,CWB510-01-0 (113),TRUE,FALSE,Traverse City,Traverse City,pn1_urine,2026-04-21,Prenatal 1 Urine,Prenatal,TRUE,TRUE,2026,4,April,2026-04-01,1,2026-10-08
global:MLT236-01-0 (739),MLT236-01-0 (739),4815P1,MLT236-01-0,739,4815P1,MLT236-01-0 (739),TRUE,FALSE,Traverse City,Traverse City,pn1_survey,2026-04-21,Prenatal 1 Survey,Prenatal,FALSE,TRUE,2026,4,April,2026-04-01,1,2026-10-08
global:RZS580-02-0 (432),RZS580-02-0 (432),4814P1,RZS580-02-0,432,4814P1,RZS580-02-0 (432),TRUE,FALSE,Prenatal Complete,Traverse City,water,2026-04-21,Water,Prenatal,TRUE,TRUE,2026,4,April,2026-04-01,1,2026-10-08
custom:4786F1,SJJ762-01-A (251),4786F1,,,SJJ762-01-A (251),4786F1,FALSE,FALSE,0-5 Month Complete,Traverse City,child_stool,2026-04-21,Child Stool,0-5 Month,TRUE,FALSE,2026,4,April,2026-04-01,1,2026-10-08
custom:4786F1,SJJ762-01-A (251),4786F1,,,SJJ762-01-A (251),4786F1,FALSE,FALSE,0-5 Month Complete,Traverse City,child_urine,2026-04-21,Child Urine,0-5 Month,TRUE,FALSE,2026,4,April,2026-04-01,1,2026-10-08
custom:4786F1,SJJ762-01-A (251),4786F1,,,SJJ762-01-A (251),4786F1,FALSE,FALSE,0-5 Month Complete,Traverse City,mom_bs,2026-04-21,Maternal Bloodspot,0-5 Month,TRUE,FALSE,2026,4,April,2026-04-01,1,2026-10-08
global:XWT051-01-0 (300),XWT051-01-0 (300),4816P1,XWT051-01-0,300,4816P1,XWT051-01-0 (300),TRUE,FALSE,Traverse City,Traverse City,consent_date,2026-04-21,Enrollments,Milestone,FALSE,FALSE,2026,4,April,2026-04-01,1,2026-10-08
global:XWT051-01-0 (300),XWT051-01-0 (300),4816P1,XWT051-01-0,300,4816P1,XWT051-01-0 (300),TRUE,FALSE,Traverse City,Traverse City,pn1_anthro,2026-04-21,Prenatal 1 Anthro,Prenatal,FALSE,TRUE,2026,4,April,2026-04-01,1,2026-10-08
global:XWT051-01-0 (300),XWT051-01-0 (300),4816P1,XWT051-01-0,300,4816P1,XWT051-01-0 (300),TRUE,FALSE,Traverse City,Traverse City,pn1_blood,2026-04-21,Prenatal 1 Blood,Prenatal,TRUE,TRUE,2026,4,April,2026-04-01,1,2026-10-08
global:XWT051-01-0 (300),XWT051-01-0 (300),4816P1,XWT051-01-0,300,4816P1,XWT051-01-0 (300),TRUE,FALSE,Traverse City,Traverse City,pn1_survey,2026-04-21,Prenatal 1 Survey,Prenatal,FALSE,TRUE,2026,4,April,2026-04-01,1,2026-10-08
global:XWT051-01-0 (300),XWT051-01-0 (300),4816P1,XWT051-01-0,300,4816P1,XWT051-01-0 (300),TRUE,FALSE,Traverse City,Traverse City,pn1_urine,2026-04-21,Prenatal 1 Urine,Prenatal,TRUE,TRUE,2026,4,April,2026-04-01,1,2026-10-08
global:CDX218-01-0 (277),CDX218-01-0 (277),4179P1,CDX218-01-0,277,4179P1,CDX218-01-0 (277),TRUE,FALSE,Prenatal Complete,Detroit,pn2_anthro,2026-04-22,Prenatal 2 Anthro,Prenatal,FALSE,TRUE,2026,4,April,2026-04-01,1,2026-10-08
global:CDX218-01-0 (277),CDX218-01-0 (277),4179P1,CDX218-01-0,277,4179P1,CDX218-01-0 (277),TRUE,FALSE,Prenatal Complete,Detroit,pn2_survey,2026-04-22,Prenatal 2 Survey,Prenatal,FALSE,TRUE,2026,4,April,2026-04-01,1,2026-10-08
global:BRS431-01-0 (442),BRS431-01-0 (442),4497P1,BRS431-01-0,442,4497P1,BRS431-01-0 (442),TRUE,FALSE,Prenatal Complete,Flint,pn2_anthro,2026-04-22,Prenatal 2 Anthro,Prenatal,FALSE,TRUE,2026,4,April,2026-04-01,1,2026-10-08
global:BRS431-01-0 (442),BRS431-01-0 (442),4497P1,BRS431-01-0,442,4497P1,BRS431-01-0 (442),TRUE,FALSE,Prenatal Complete,Flint,pn2_blood,2026-04-22,Prenatal 2 Blood,Prenatal,TRUE,TRUE,2026,4,April,2026-04-01,1,2026-10-08
global:BRS431-01-0 (442),BRS431-01-0 (442),4497P1,BRS431-01-0,442,4497P1,BRS431-01-0 (442),TRUE,FALSE,Prenatal Complete,Flint,pn2_survey,2026-04-22,Prenatal 2 Survey,Prenatal,FALSE,TRUE,2026,4,April,2026-04-01,1,2026-10-08
global:BRS431-01-0 (442),BRS431-01-0 (442),4497P1,BRS431-01-0,442,4497P1,BRS431-01-0 (442),TRUE,FALSE,Prenatal Complete,Flint,pn2_urine,2026-04-22,Prenatal 2 Urine,Prenatal,TRUE,TRUE,2026,4,April,2026-04-01,1,2026-10-08
custom:4791F1,GHD547-01-A (624),4791F1,,,GHD547-01-A (624),4791F1,FALSE,FALSE,0-5 Month Complete,Traverse City,child_stool,2026-04-22,Child Stool,0-5 Month,TRUE,FALSE,2026,4,April,2026-04-01,1,2026-10-08
custom:4791F1,GHD547-01-A (624),4791F1,,,GHD547-01-A (624),4791F1,FALSE,FALSE,0-5 Month Complete,Traverse City,child_urine,2026-04-22,Child Urine,0-5 Month,TRUE,FALSE,2026,4,April,2026-04-01,1,2026-10-08
custom:4791F1,GHD547-01-A (624),4791F1,,,GHD547-01-A (624),4791F1,FALSE,FALSE,0-5 Month Complete,Traverse City,mom_bs,2026-04-22,Maternal Bloodspot,0-5 Month,TRUE,FALSE,2026,4,April,2026-04-01,1,2026-10-08
custom:4790F1,KBB279-01-A (558),4790F1,,,KBB279-01-A (558),4790F1,FALSE,FALSE,0-5 Month Complete,Traverse City,child_stool,2026-04-22,Child Stool,0-5 Month,TRUE,FALSE,2026,4,April,2026-04-01,1,2026-10-08
custom:4790F1,KBB279-01-A (558),4790F1,,,KBB279-01-A (558),4790F1,FALSE,FALSE,0-5 Month Complete,Traverse City,mom_bs,2026-04-22,Maternal Bloodspot,0-5 Month,TRUE,FALSE,2026,4,April,2026-04-01,1,2026-10-08
custom:4790F1,KBB279-01-A (558),4790F1,,,KBB279-01-A (558),4790F1,FALSE,FALSE,0-5 Month Complete,Traverse City,mom_hair,2026-04-22,Maternal Hair,0-5 Month,TRUE,FALSE,2026,4,April,2026-04-01,1,2026-10-08
global:BWX346-01-0 (937),BWX346-01-0 (937),4187P1,BWX346-01-0,937,4187P1,BWX346-01-0 (937),TRUE,FALSE,Prenatal Complete,Detroit,water,2026-04-23,Water,Prenatal,TRUE,TRUE,2026,4,April,2026-04-01,1,2026-10-08
global:CWB510-01-0 (113),CWB510-01-0 (113),4817P1,CWB510-01-0,113,4817P1,CWB510-01-0 (113),TRUE,FALSE,Traverse City,Traverse City,pn1_survey,2026-04-23,Prenatal 1 Survey,Prenatal,FALSE,TRUE,2026,4,April,2026-04-01,1,2026-10-08
global:RZS580-02-0 (432),RZS580-02-0 (432),4814P1,RZS580-02-0,432,4814P1,RZS580-02-0 (432),TRUE,FALSE,Prenatal Complete,Traverse City,pn1_blood,2026-04-23,Prenatal 1 Blood,Prenatal,TRUE,TRUE,2026,4,April,2026-04-01,1,2026-10-08
global:RZS580-02-0 (432),RZS580-02-0 (432),4814P1,RZS580-02-0,432,4814P1,RZS580-02-0 (432),TRUE,FALSE,Prenatal Complete,Traverse City,pn1_urine,2026-04-23,Prenatal 1 Urine,Prenatal,TRUE,TRUE,2026,4,April,2026-04-01,1,2026-10-08
global:GBF935-01-0 (947),GBF935-01-0 (947),4193P1,GBF935-01-0,947,4193P1,GBF935-01-0 (947),TRUE,FALSE,Detroit,Detroit,consent_date,2026-04-24,Enrollments,Milestone,FALSE,FALSE,2026,4,April,2026-04-01,1,2026-10-08
global:GBF935-01-0 (947),GBF935-01-0 (947),4193P1,GBF935-01-0,947,4193P1,GBF935-01-0 (947),TRUE,FALSE,Detroit,Detroit,pn1_anthro,2026-04-24,Prenatal 1 Anthro,Prenatal,FALSE,TRUE,2026,4,April,2026-04-01,1,2026-10-08
global:GBF935-01-0 (947),GBF935-01-0 (947),4193P1,GBF935-01-0,947,4193P1,GBF935-01-0 (947),TRUE,FALSE,Detroit,Detroit,pn1_blood,2026-04-24,Prenatal 1 Blood,Prenatal,TRUE,TRUE,2026,4,April,2026-04-01,1,2026-10-08
global:GBF935-01-0 (947),GBF935-01-0 (947),4193P1,GBF935-01-0,947,4193P1,GBF935-01-0 (947),TRUE,FALSE,Detroit,Detroit,pn1_urine,2026-04-24,Prenatal 1 Urine,Prenatal,TRUE,TRUE,2026,4,April,2026-04-01,1,2026-10-08
global:KKK503-01-0 (244),KKK503-01-0 (244),4195P1,KKK503-01-0,244,4195P1,KKK503-01-0 (244),TRUE,FALSE,Pregnancy Loss,Detroit,consent_date,2026-04-24,Enrollments,Milestone,FALSE,FALSE,2026,4,April,2026-04-01,1,2026-10-08
global:KKK503-01-0 (244),KKK503-01-0 (244),4195P1,KKK503-01-0,244,4195P1,KKK503-01-0 (244),TRUE,FALSE,Pregnancy Loss,Detroit,pn1_anthro,2026-04-24,Prenatal 1 Anthro,Prenatal,FALSE,TRUE,2026,4,April,2026-04-01,1,2026-10-08
global:KKK503-01-0 (244),KKK503-01-0 (244),4195P1,KKK503-01-0,244,4195P1,KKK503-01-0 (244),TRUE,FALSE,Pregnancy Loss,Detroit,pn1_survey,2026-04-24,Prenatal 1 Survey,Prenatal,FALSE,TRUE,2026,4,April,2026-04-01,1,2026-10-08
global:KKK503-01-0 (244),KKK503-01-0 (244),4195P1,KKK503-01-0,244,4195P1,KKK503-01-0 (244),TRUE,FALSE,Pregnancy Loss,Detroit,pn1_urine,2026-04-24,Prenatal 1 Urine,Prenatal,TRUE,TRUE,2026,4,April,2026-04-01,1,2026-10-08
global:MKV454-01-0 (838),MKV454-01-0 (838),4192P1,MKV454-01-0,838,4192P1,MKV454-01-0 (838),TRUE,FALSE,Detroit,Detroit,actigraphy,2026-04-24,Actigraphy,Prenatal,FALSE,TRUE,2026,4,April,2026-04-01,1,2026-10-08
global:NCX421-01-0 (475),NCX421-01-0 (475),4194P1,NCX421-01-0,475,4194P1,NCX421-01-0 (475),TRUE,FALSE,Detroit,Detroit,consent_date,2026-04-24,Enrollments,Milestone,FALSE,FALSE,2026,4,April,2026-04-01,1,2026-10-08
global:NCX421-01-0 (475),NCX421-01-0 (475),4194P1,NCX421-01-0,475,4194P1,NCX421-01-0 (475),TRUE,FALSE,Detroit,Detroit,pn1_anthro,2026-04-24,Prenatal 1 Anthro,Prenatal,FALSE,TRUE,2026,4,April,2026-04-01,1,2026-10-08
global:NCX421-01-0 (475),NCX421-01-0 (475),4194P1,NCX421-01-0,475,4194P1,NCX421-01-0 (475),TRUE,FALSE,Detroit,Detroit,pn1_urine,2026-04-24,Prenatal 1 Urine,Prenatal,TRUE,TRUE,2026,4,April,2026-04-01,1,2026-10-08
global:WDZ858-01-0 (333),WDZ858-01-0 (333),4802P1,WDZ858-01-0,333,4802P1,WDZ858-01-0 (333),TRUE,FALSE,Prenatal Complete,Traverse City,child_dob,2026-04-24,Births,Milestone,FALSE,FALSE,2026,4,April,2026-04-01,1,2026-10-08
global:GJG046-01-0 (113),GJG046-01-0 (113),4494P1,GJG046-01-0,113,4494P1,GJG046-01-0 (113),TRUE,FALSE,Prenatal Complete,Flint,child_dob,2026-04-26,Births,Milestone,FALSE,FALSE,2026,4,April,2026-04-01,1,2026-10-08
global:HYM398-01-0 (169),HYM398-01-0 (169),4807P1,HYM398-01-0,169,4807P1,HYM398-01-0 (169),TRUE,FALSE,Prenatal Complete,Traverse City,child_dob,2026-04-26,Births,Milestone,FALSE,FALSE,2026,4,April,2026-04-01,1,2026-10-08
global:YGQ976-02-0 (267),YGQ976-02-0 (267),4188P2,YGQ976-02-0,267,4188P2,YGQ976-02-0 (267),TRUE,FALSE,Prenatal Complete,Detroit,pn2_survey,2026-04-28,Prenatal 2 Survey,Prenatal,FALSE,TRUE,2026,4,April,2026-04-01,1,2026-10-08
global:MLT236-01-0 (739),MLT236-01-0 (739),4815P1,MLT236-01-0,739,4815P1,MLT236-01-0 (739),TRUE,FALSE,Traverse City,Traverse City,water,2026-04-28,Water,Prenatal,TRUE,TRUE,2026,4,April,2026-04-01,1,2026-10-08
custom:4785F1,QHL554-01-A (152),4785F1,,,QHL554-01-A (152),4785F1,FALSE,FALSE,0-5 Month Complete,Traverse City,breast_milk,2026-04-28,Breast Milk,0-5 Month,TRUE,FALSE,2026,4,April,2026-04-01,1,2026-10-08
custom:4785F1,QHL554-01-A (152),4785F1,,,QHL554-01-A (152),4785F1,FALSE,FALSE,0-5 Month Complete,Traverse City,child_stool,2026-04-28,Child Stool,0-5 Month,TRUE,FALSE,2026,4,April,2026-04-01,1,2026-10-08
custom:4785F1,QHL554-01-A (152),4785F1,,,QHL554-01-A (152),4785F1,FALSE,FALSE,0-5 Month Complete,Traverse City,child_urine,2026-04-28,Child Urine,0-5 Month,TRUE,FALSE,2026,4,April,2026-04-01,1,2026-10-08
global:JWP930-02-0 (937),JWP930-02-0 (937),4810P1,JWP930-02-0,937,4810P1,JWP930-02-0 (937),TRUE,FALSE,Prenatal Complete,Traverse City,child_dob,2026-04-29,Births,Milestone,FALSE,FALSE,2026,4,April,2026-04-01,1,2026-10-08
global:MLT236-01-0 (739),MLT236-01-0 (739),4815P1,MLT236-01-0,739,4815P1,MLT236-01-0 (739),TRUE,FALSE,Traverse City,Traverse City,pn1_blood,2026-04-29,Prenatal 1 Blood,Prenatal,TRUE,TRUE,2026,4,April,2026-04-01,1,2026-10-08
global:MLT236-01-0 (739),MLT236-01-0 (739),4815P1,MLT236-01-0,739,4815P1,MLT236-01-0 (739),TRUE,FALSE,Traverse City,Traverse City,pn1_urine,2026-04-29,Prenatal 1 Urine,Prenatal,TRUE,TRUE,2026,4,April,2026-04-01,1,2026-10-08
global:FLN684-01-0 (541),FLN684-01-0 (541),4176P1,FLN684-01-0,541,4176P1,FLN684-01-0 (541),TRUE,FALSE,Prenatal Complete,Detroit,child_dob,2026-04-30,Births,Milestone,FALSE,FALSE,2026,4,April,2026-04-01,1,2026-10-08
global:NQS727-01-0 (169),NQS727-01-0 (169),4177P1,NQS727-01-0,169,4177P1,NQS727-01-0 (169),TRUE,FALSE,Prenatal Complete,Detroit,child_dob,2026-05-01,Births,Milestone,FALSE,FALSE,2026,5,May,2026-05-01,1,2026-10-08
global:QCD750-01-0 (179),QCD750-01-0 (179),4487P1,QCD750-01-0,179,4487P1,QCD750-01-0 (179),TRUE,FALSE,Prenatal Complete,Flint,child_dob,2026-05-02,Births,Milestone,FALSE,FALSE,2026,5,May,2026-05-01,1,2026-10-08
global:YMP799-02-0 (531),YMP799-02-0 (531),4797P1,YMP799-02-0,531,4797P1,YMP799-02-0 (531),TRUE,FALSE,Traverse City,Traverse City,child_dob,2026-05-03,Births,Milestone,FALSE,FALSE,2026,5,May,2026-05-01,1,2026-10-08
global:YMF346-02-0 (805),YMF346-02-0 (805),4812P1,YMF346-02-0,805,4812P1,YMF346-02-0 (805),TRUE,FALSE,Prenatal Complete,Traverse City,actigraphy,2026-05-04,Actigraphy,Prenatal,FALSE,TRUE,2026,5,May,2026-05-01,1,2026-10-08
global:MTV723-01-0 (102),MTV723-01-0 (102),4491P1,MTV723-01-0,102,4491P1,MTV723-01-0 (102),TRUE,FALSE,Prenatal Complete,Flint,child_dob,2026-05-05,Births,Milestone,FALSE,FALSE,2026,5,May,2026-05-01,1,2026-10-08
global:CDX218-01-0 (277),CDX218-01-0 (277),4179P1,CDX218-01-0,277,4179P1,CDX218-01-0 (277),TRUE,FALSE,Prenatal Complete,Detroit,pn2_urine,2026-05-06,Prenatal 2 Urine,Prenatal,TRUE,TRUE,2026,5,May,2026-05-01,1,2026-10-08
global:RZS580-02-0 (432),RZS580-02-0 (432),4814P1,RZS580-02-0,432,4814P1,RZS580-02-0 (432),TRUE,FALSE,Prenatal Complete,Traverse City,actigraphy,2026-05-06,Actigraphy,Prenatal,FALSE,TRUE,2026,5,May,2026-05-01,1,2026-10-08
global:SLX595-01-0 (333),SLX595-01-0 (333),4813P1,SLX595-01-0,333,4813P1,SLX595-01-0 (333),TRUE,FALSE,Traverse City,Traverse City,pn1_blood,2026-05-06,Prenatal 1 Blood,Prenatal,TRUE,TRUE,2026,5,May,2026-05-01,1,2026-10-08
global:SLX595-01-0 (333),SLX595-01-0 (333),4813P1,SLX595-01-0,333,4813P1,SLX595-01-0 (333),TRUE,FALSE,Traverse City,Traverse City,pn1_urine,2026-05-06,Prenatal 1 Urine,Prenatal,TRUE,TRUE,2026,5,May,2026-05-01,1,2026-10-08
global:BCB299-01-0 (782),BCB299-01-0 (782),4818P1,BCB299-01-0,782,4818P1,BCB299-01-0 (782),TRUE,FALSE,Traverse City,Traverse City,consent_date,2026-05-07,Enrollments,Milestone,FALSE,FALSE,2026,5,May,2026-05-01,1,2026-10-08
global:BCB299-01-0 (782),BCB299-01-0 (782),4818P1,BCB299-01-0,782,4818P1,BCB299-01-0 (782),TRUE,FALSE,Traverse City,Traverse City,pn1_anthro,2026-05-07,Prenatal 1 Anthro,Prenatal,FALSE,TRUE,2026,5,May,2026-05-01,1,2026-10-08
global:BCB299-01-0 (782),BCB299-01-0 (782),4818P1,BCB299-01-0,782,4818P1,BCB299-01-0 (782),TRUE,FALSE,Traverse City,Traverse City,pn1_survey,2026-05-07,Prenatal 1 Survey,Prenatal,FALSE,TRUE,2026,5,May,2026-05-01,1,2026-10-08
custom:4765F1,KPV524-01-A (449),4765F1,,,KPV524-01-A (449),4765F1,FALSE,FALSE,0-5 Month Complete,Traverse City,breast_milk,2026-05-07,Breast Milk,0-5 Month,TRUE,FALSE,2026,5,May,2026-05-01,1,2026-10-08
global:LZV055-02-0 (234),LZV055-02-0 (234),4806P1,LZV055-02-0,234,4806P1,LZV055-02-0 (234),TRUE,FALSE,Traverse City,Traverse City,water,2026-05-07,Water,Prenatal,TRUE,TRUE,2026,5,May,2026-05-01,1,2026-10-08
global:MLT236-01-0 (739),MLT236-01-0 (739),4815P1,MLT236-01-0,739,4815P1,MLT236-01-0 (739),TRUE,FALSE,Traverse City,Traverse City,actigraphy,2026-05-07,Actigraphy,Prenatal,FALSE,TRUE,2026,5,May,2026-05-01,1,2026-10-08
global:NJK720-01-0 (343),NJK720-01-0 (343),4819P1,NJK720-01-0,343,4819P1,NJK720-01-0 (343),TRUE,FALSE,Traverse City,Traverse City,consent_date,2026-05-07,Enrollments,Milestone,FALSE,FALSE,2026,5,May,2026-05-01,1,2026-10-08
global:NJK720-01-0 (343),NJK720-01-0 (343),4819P1,NJK720-01-0,343,4819P1,NJK720-01-0 (343),TRUE,FALSE,Traverse City,Traverse City,pn1_anthro,2026-05-07,Prenatal 1 Anthro,Prenatal,FALSE,TRUE,2026,5,May,2026-05-01,1,2026-10-08
global:TVX776-01-0 (729),TVX776-01-0 (729),4820P1,TVX776-01-0,729,4820P1,TVX776-01-0 (729),TRUE,FALSE,Traverse City,Traverse City,consent_date,2026-05-07,Enrollments,Milestone,FALSE,FALSE,2026,5,May,2026-05-01,1,2026-10-08
global:TVX776-01-0 (729),TVX776-01-0 (729),4820P1,TVX776-01-0,729,4820P1,TVX776-01-0 (729),TRUE,FALSE,Traverse City,Traverse City,pn1_anthro,2026-05-07,Prenatal 1 Anthro,Prenatal,FALSE,TRUE,2026,5,May,2026-05-01,1,2026-10-08
global:TVX776-01-0 (729),TVX776-01-0 (729),4820P1,TVX776-01-0,729,4820P1,TVX776-01-0 (729),TRUE,FALSE,Traverse City,Traverse City,pn1_survey,2026-05-07,Prenatal 1 Survey,Prenatal,FALSE,TRUE,2026,5,May,2026-05-01,1,2026-10-08
global:VYC886-01-0 (267),VYC886-01-0 (267),4809P1,VYC886-01-0,267,4809P1,VYC886-01-0 (267),TRUE,FALSE,Prenatal Complete,Traverse City,water,2026-05-07,Water,Prenatal,TRUE,TRUE,2026,5,May,2026-05-01,1,2026-10-08
global:XWT051-01-0 (300),XWT051-01-0 (300),4816P1,XWT051-01-0,300,4816P1,XWT051-01-0 (300),TRUE,FALSE,Traverse City,Traverse City,actigraphy,2026-05-07,Actigraphy,Prenatal,FALSE,TRUE,2026,5,May,2026-05-01,1,2026-10-08
global:YQX985-01-0 (795),YQX985-01-0 (795),4821P1,YQX985-01-0,795,4821P1,YQX985-01-0 (795),TRUE,FALSE,Prenatal Complete,Traverse City,consent_date,2026-05-07,Enrollments,Milestone,FALSE,FALSE,2026,5,May,2026-05-01,1,2026-10-08
global:YQX985-01-0 (795),YQX985-01-0 (795),4821P1,YQX985-01-0,795,4821P1,YQX985-01-0 (795),TRUE,FALSE,Prenatal Complete,Traverse City,pn1_anthro,2026-05-07,Prenatal 1 Anthro,Prenatal,FALSE,TRUE,2026,5,May,2026-05-01,1,2026-10-08
global:YQX985-01-0 (795),YQX985-01-0 (795),4821P1,YQX985-01-0,795,4821P1,YQX985-01-0 (795),TRUE,FALSE,Prenatal Complete,Traverse City,pn1_survey,2026-05-07,Prenatal 1 Survey,Prenatal,FALSE,TRUE,2026,5,May,2026-05-01,1,2026-10-08
global:ZWP028-01-0 (366),ZWP028-01-0 (366),4822P1,ZWP028-01-0,366,4822P1,ZWP028-01-0 (366),TRUE,FALSE,Traverse City,Traverse City,consent_date,2026-05-07,Enrollments,Milestone,FALSE,FALSE,2026,5,May,2026-05-01,1,2026-10-08
global:ZWP028-01-0 (366),ZWP028-01-0 (366),4822P1,ZWP028-01-0,366,4822P1,ZWP028-01-0 (366),TRUE,FALSE,Traverse City,Traverse City,pn1_anthro,2026-05-07,Prenatal 1 Anthro,Prenatal,FALSE,TRUE,2026,5,May,2026-05-01,1,2026-10-08
global:NJK720-01-0 (343),NJK720-01-0 (343),4819P1,NJK720-01-0,343,4819P1,NJK720-01-0 (343),TRUE,FALSE,Traverse City,Traverse City,pn1_survey,2026-05-08,Prenatal 1 Survey,Prenatal,FALSE,TRUE,2026,5,May,2026-05-01,1,2026-10-08
global:ZWP028-01-0 (366),ZWP028-01-0 (366),4822P1,ZWP028-01-0,366,4822P1,ZWP028-01-0 (366),TRUE,FALSE,Traverse City,Traverse City,pn1_survey,2026-05-08,Prenatal 1 Survey,Prenatal,FALSE,TRUE,2026,5,May,2026-05-01,1,2026-10-08
global:LGT159-02-0 (706),LGT159-02-0 (706),4196P2,LGT159-02-0,706,4196P2,LGT159-02-0 (706),TRUE,FALSE,Prenatal Complete,Detroit,consent_date,2026-05-11,Enrollments,Milestone,FALSE,FALSE,2026,5,May,2026-05-01,1,2026-10-08
global:LGT159-02-0 (706),LGT159-02-0 (706),4196P2,LGT159-02-0,706,4196P2,LGT159-02-0 (706),TRUE,FALSE,Prenatal Complete,Detroit,pn1_anthro,2026-05-11,Prenatal 1 Anthro,Prenatal,FALSE,TRUE,2026,5,May,2026-05-01,1,2026-10-08
global:LGT159-02-0 (706),LGT159-02-0 (706),4196P2,LGT159-02-0,706,4196P2,LGT159-02-0 (706),TRUE,FALSE,Prenatal Complete,Detroit,pn1_survey,2026-05-11,Prenatal 1 Survey,Prenatal,FALSE,TRUE,2026,5,May,2026-05-01,1,2026-10-08
global:LGT159-02-0 (706),LGT159-02-0 (706),4196P2,LGT159-02-0,706,4196P2,LGT159-02-0 (706),TRUE,FALSE,Prenatal Complete,Detroit,pn1_urine,2026-05-11,Prenatal 1 Urine,Prenatal,TRUE,TRUE,2026,5,May,2026-05-01,1,2026-10-08
global:CDL346-01-0 (947),CDL346-01-0 (947),4483P1,CDL346-01-0,947,4483P1,CDL346-01-0 (947),TRUE,FALSE,Flint,Flint,child_dob,2026-05-11,Births,Milestone,FALSE,FALSE,2026,5,May,2026-05-01,1,2026-10-08
global:MPP904-01-0 (805),MPP904-01-0 (805),4506P1,MPP904-01-0,805,4506P1,MPP904-01-0 (805),TRUE,FALSE,Flint,Flint,consent_date,2026-05-11,Enrollments,Milestone,FALSE,FALSE,2026,5,May,2026-05-01,1,2026-10-08
global:MPP904-01-0 (805),MPP904-01-0 (805),4506P1,MPP904-01-0,805,4506P1,MPP904-01-0 (805),TRUE,FALSE,Flint,Flint,pn1_anthro,2026-05-11,Prenatal 1 Anthro,Prenatal,FALSE,TRUE,2026,5,May,2026-05-01,1,2026-10-08
global:MPP904-01-0 (805),MPP904-01-0 (805),4506P1,MPP904-01-0,805,4506P1,MPP904-01-0 (805),TRUE,FALSE,Flint,Flint,pn1_blood,2026-05-11,Prenatal 1 Blood,Prenatal,TRUE,TRUE,2026,5,May,2026-05-01,1,2026-10-08
global:MPP904-01-0 (805),MPP904-01-0 (805),4506P1,MPP904-01-0,805,4506P1,MPP904-01-0 (805),TRUE,FALSE,Flint,Flint,pn1_survey,2026-05-11,Prenatal 1 Survey,Prenatal,FALSE,TRUE,2026,5,May,2026-05-01,1,2026-10-08
global:MPP904-01-0 (805),MPP904-01-0 (805),4506P1,MPP904-01-0,805,4506P1,MPP904-01-0 (805),TRUE,FALSE,Flint,Flint,pn1_urine,2026-05-11,Prenatal 1 Urine,Prenatal,TRUE,TRUE,2026,5,May,2026-05-01,1,2026-10-08
global:CWB510-01-0 (113),CWB510-01-0 (113),4817P1,CWB510-01-0,113,4817P1,CWB510-01-0 (113),TRUE,FALSE,Traverse City,Traverse City,actigraphy,2026-05-11,Actigraphy,Prenatal,FALSE,TRUE,2026,5,May,2026-05-01,1,2026-10-08
custom:4765F1,KPV524-01-A (449),4765F1,,,KPV524-01-A (449),4765F1,FALSE,FALSE,0-5 Month Complete,Traverse City,child_stool,2026-05-11,Child Stool,0-5 Month,TRUE,FALSE,2026,5,May,2026-05-01,1,2026-10-08
custom:4765F1,KPV524-01-A (449),4765F1,,,KPV524-01-A (449),4765F1,FALSE,FALSE,0-5 Month Complete,Traverse City,child_urine,2026-05-11,Child Urine,0-5 Month,TRUE,FALSE,2026,5,May,2026-05-01,1,2026-10-08
custom:4765F1,KPV524-01-A (449),4765F1,,,KPV524-01-A (449),4765F1,FALSE,FALSE,0-5 Month Complete,Traverse City,mom_bs,2026-05-11,Maternal Bloodspot,0-5 Month,TRUE,FALSE,2026,5,May,2026-05-01,1,2026-10-08
global:WDL327-01-0 (574),WDL327-01-0 (574),4190P1,WDL327-01-0,574,4190P1,WDL327-01-0 (574),TRUE,FALSE,Prenatal Complete,Detroit,water,2026-05-12,Water,Prenatal,TRUE,TRUE,2026,5,May,2026-05-01,1,2026-10-08
global:BCB299-01-0 (782),BCB299-01-0 (782),4818P1,BCB299-01-0,782,4818P1,BCB299-01-0 (782),TRUE,FALSE,Traverse City,Traverse City,pn1_blood,2026-05-13,Prenatal 1 Blood,Prenatal,TRUE,TRUE,2026,5,May,2026-05-01,1,2026-10-08
global:BCB299-01-0 (782),BCB299-01-0 (782),4818P1,BCB299-01-0,782,4818P1,BCB299-01-0 (782),TRUE,FALSE,Traverse City,Traverse City,pn1_urine,2026-05-13,Prenatal 1 Urine,Prenatal,TRUE,TRUE,2026,5,May,2026-05-01,1,2026-10-08
global:SLX595-01-0 (333),SLX595-01-0 (333),4813P1,SLX595-01-0,333,4813P1,SLX595-01-0 (333),TRUE,FALSE,Traverse City,Traverse City,actigraphy,2026-05-13,Actigraphy,Prenatal,FALSE,TRUE,2026,5,May,2026-05-01,1,2026-10-08
global:YQX985-01-0 (795),YQX985-01-0 (795),4821P1,YQX985-01-0,795,4821P1,YQX985-01-0 (795),TRUE,FALSE,Prenatal Complete,Traverse City,pn1_blood,2026-05-13,Prenatal 1 Blood,Prenatal,TRUE,TRUE,2026,5,May,2026-05-01,1,2026-10-08
global:YQX985-01-0 (795),YQX985-01-0 (795),4821P1,YQX985-01-0,795,4821P1,YQX985-01-0 (795),TRUE,FALSE,Prenatal Complete,Traverse City,pn1_urine,2026-05-13,Prenatal 1 Urine,Prenatal,TRUE,TRUE,2026,5,May,2026-05-01,1,2026-10-08
global:QQW065-01-0 (135),QQW065-01-0 (135),4197P1,QQW065-01-0,135,4197P1,QQW065-01-0 (135),TRUE,FALSE,Detroit,Detroit,consent_date,2026-05-14,Enrollments,Milestone,FALSE,FALSE,2026,5,May,2026-05-01,1,2026-10-08
global:QQW065-01-0 (135),QQW065-01-0 (135),4197P1,QQW065-01-0,135,4197P1,QQW065-01-0 (135),TRUE,FALSE,Detroit,Detroit,pn1_anthro,2026-05-14,Prenatal 1 Anthro,Prenatal,FALSE,TRUE,2026,5,May,2026-05-01,1,2026-10-08
global:QQW065-01-0 (135),QQW065-01-0 (135),4197P1,QQW065-01-0,135,4197P1,QQW065-01-0 (135),TRUE,FALSE,Detroit,Detroit,pn1_survey,2026-05-14,Prenatal 1 Survey,Prenatal,FALSE,TRUE,2026,5,May,2026-05-01,1,2026-10-08
global:QQW065-01-0 (135),QQW065-01-0 (135),4197P1,QQW065-01-0,135,4197P1,QQW065-01-0 (135),TRUE,FALSE,Detroit,Detroit,pn1_urine,2026-05-14,Prenatal 1 Urine,Prenatal,TRUE,TRUE,2026,5,May,2026-05-01,1,2026-10-08
global:SSF737-01-0 (904),SSF737-01-0 (904),4502P1,SSF737-01-0,904,4502P1,SSF737-01-0 (904),TRUE,FALSE,Flint,Flint,pn2_blood,2026-05-14,Prenatal 2 Blood,Prenatal,TRUE,TRUE,2026,5,May,2026-05-01,1,2026-10-08
global:SSF737-01-0 (904),SSF737-01-0 (904),4502P1,SSF737-01-0,904,4502P1,SSF737-01-0 (904),TRUE,FALSE,Flint,Flint,pn2_urine,2026-05-14,Prenatal 2 Urine,Prenatal,TRUE,TRUE,2026,5,May,2026-05-01,1,2026-10-08
custom:4800F1,BJH456-01-A (624),4800F1,,,BJH456-01-A (624),4800F1,FALSE,FALSE,0-5 Month Complete,Traverse City,breast_milk,2026-05-14,Breast Milk,0-5 Month,TRUE,FALSE,2026,5,May,2026-05-01,1,2026-10-08
custom:4800F1,BJH456-01-A (624),4800F1,,,BJH456-01-A (624),4800F1,FALSE,FALSE,0-5 Month Complete,Traverse City,child_stool,2026-05-14,Child Stool,0-5 Month,TRUE,FALSE,2026,5,May,2026-05-01,1,2026-10-08
custom:4800F1,BJH456-01-A (624),4800F1,,,BJH456-01-A (624),4800F1,FALSE,FALSE,0-5 Month Complete,Traverse City,mom_bs,2026-05-14,Maternal Bloodspot,0-5 Month,TRUE,FALSE,2026,5,May,2026-05-01,1,2026-10-08
global:TVX776-01-0 (729),TVX776-01-0 (729),4820P1,TVX776-01-0,729,4820P1,TVX776-01-0 (729),TRUE,FALSE,Traverse City,Traverse City,pn1_blood,2026-05-14,Prenatal 1 Blood,Prenatal,TRUE,TRUE,2026,5,May,2026-05-01,1,2026-10-08
global:TVX776-01-0 (729),TVX776-01-0 (729),4820P1,TVX776-01-0,729,4820P1,TVX776-01-0 (729),TRUE,FALSE,Traverse City,Traverse City,pn1_urine,2026-05-14,Prenatal 1 Urine,Prenatal,TRUE,TRUE,2026,5,May,2026-05-01,1,2026-10-08
global:ZWP028-01-0 (366),ZWP028-01-0 (366),4822P1,ZWP028-01-0,366,4822P1,ZWP028-01-0 (366),TRUE,FALSE,Traverse City,Traverse City,pn1_blood,2026-05-14,Prenatal 1 Blood,Prenatal,TRUE,TRUE,2026,5,May,2026-05-01,1,2026-10-08
global:ZWP028-01-0 (366),ZWP028-01-0 (366),4822P1,ZWP028-01-0,366,4822P1,ZWP028-01-0 (366),TRUE,FALSE,Traverse City,Traverse City,pn1_urine,2026-05-14,Prenatal 1 Urine,Prenatal,TRUE,TRUE,2026,5,May,2026-05-01,1,2026-10-08
global:HXB800-01-0 (277),HXB800-01-0 (277),4199P1,HXB800-01-0,277,4199P1,HXB800-01-0 (277),TRUE,FALSE,Detroit,Detroit,consent_date,2026-05-15,Enrollments,Milestone,FALSE,FALSE,2026,5,May,2026-05-01,1,2026-10-08
global:HXB800-01-0 (277),HXB800-01-0 (277),4199P1,HXB800-01-0,277,4199P1,HXB800-01-0 (277),TRUE,FALSE,Detroit,Detroit,pn1_anthro,2026-05-15,Prenatal 1 Anthro,Prenatal,FALSE,TRUE,2026,5,May,2026-05-01,1,2026-10-08
global:HXB800-01-0 (277),HXB800-01-0 (277),4199P1,HXB800-01-0,277,4199P1,HXB800-01-0 (277),TRUE,FALSE,Detroit,Detroit,pn1_blood,2026-05-15,Prenatal 1 Blood,Prenatal,TRUE,TRUE,2026,5,May,2026-05-01,1,2026-10-08
global:HXB800-01-0 (277),HXB800-01-0 (277),4199P1,HXB800-01-0,277,4199P1,HXB800-01-0 (277),TRUE,FALSE,Detroit,Detroit,pn1_survey,2026-05-15,Prenatal 1 Survey,Prenatal,FALSE,TRUE,2026,5,May,2026-05-01,1,2026-10-08
global:HXB800-01-0 (277),HXB800-01-0 (277),4199P1,HXB800-01-0,277,4199P1,HXB800-01-0 (277),TRUE,FALSE,Detroit,Detroit,pn1_urine,2026-05-15,Prenatal 1 Urine,Prenatal,TRUE,TRUE,2026,5,May,2026-05-01,1,2026-10-08
global:VXJ013-01-0 (871),VXJ013-01-0 (871),4198P1,VXJ013-01-0,871,4198P1,VXJ013-01-0 (871),TRUE,FALSE,Detroit,Detroit,consent_date,2026-05-15,Enrollments,Milestone,FALSE,FALSE,2026,5,May,2026-05-01,1,2026-10-08
global:VXJ013-01-0 (871),VXJ013-01-0 (871),4198P1,VXJ013-01-0,871,4198P1,VXJ013-01-0 (871),TRUE,FALSE,Detroit,Detroit,pn1_anthro,2026-05-15,Prenatal 1 Anthro,Prenatal,FALSE,TRUE,2026,5,May,2026-05-01,1,2026-10-08
global:VXJ013-01-0 (871),VXJ013-01-0 (871),4198P1,VXJ013-01-0,871,4198P1,VXJ013-01-0 (871),TRUE,FALSE,Detroit,Detroit,pn1_survey,2026-05-15,Prenatal 1 Survey,Prenatal,FALSE,TRUE,2026,5,May,2026-05-01,1,2026-10-08
global:VXJ013-01-0 (871),VXJ013-01-0 (871),4198P1,VXJ013-01-0,871,4198P1,VXJ013-01-0 (871),TRUE,FALSE,Detroit,Detroit,pn1_urine,2026-05-15,Prenatal 1 Urine,Prenatal,TRUE,TRUE,2026,5,May,2026-05-01,1,2026-10-08
global:YGQ976-02-0 (267),YGQ976-02-0 (267),4188P2,YGQ976-02-0,267,4188P2,YGQ976-02-0 (267),TRUE,FALSE,Prenatal Complete,Detroit,pn2_anthro,2026-05-15,Prenatal 2 Anthro,Prenatal,FALSE,TRUE,2026,5,May,2026-05-01,1,2026-10-08
global:YGQ976-02-0 (267),YGQ976-02-0 (267),4188P2,YGQ976-02-0,267,4188P2,YGQ976-02-0 (267),TRUE,FALSE,Prenatal Complete,Detroit,pn2_urine,2026-05-15,Prenatal 2 Urine,Prenatal,TRUE,TRUE,2026,5,May,2026-05-01,1,2026-10-08
custom:4805F1,HQR631-01-A (218),4805F1,,,HQR631-01-A (218),4805F1,FALSE,FALSE,0-5 Month Complete,Traverse City,breast_milk,2026-05-15,Breast Milk,0-5 Month,TRUE,FALSE,2026,5,May,2026-05-01,1,2026-10-08
custom:4805F1,HQR631-01-A (218),4805F1,,,HQR631-01-A (218),4805F1,FALSE,FALSE,0-5 Month Complete,Traverse City,child_stool,2026-05-15,Child Stool,0-5 Month,TRUE,FALSE,2026,5,May,2026-05-01,1,2026-10-08
custom:4805F1,HQR631-01-A (218),4805F1,,,HQR631-01-A (218),4805F1,FALSE,FALSE,0-5 Month Complete,Traverse City,child_urine,2026-05-15,Child Urine,0-5 Month,TRUE,FALSE,2026,5,May,2026-05-01,1,2026-10-08
custom:4805F1,HQR631-01-A (218),4805F1,,,HQR631-01-A (218),4805F1,FALSE,FALSE,0-5 Month Complete,Traverse City,mom_bs,2026-05-15,Maternal Bloodspot,0-5 Month,TRUE,FALSE,2026,5,May,2026-05-01,1,2026-10-08
custom:4805F1,HQR631-01-A (218),4805F1,,,HQR631-01-A (218),4805F1,FALSE,FALSE,0-5 Month Complete,Traverse City,mom_hair,2026-05-15,Maternal Hair,0-5 Month,TRUE,FALSE,2026,5,May,2026-05-01,1,2026-10-08
global:NJK720-01-0 (343),NJK720-01-0 (343),4819P1,NJK720-01-0,343,4819P1,NJK720-01-0 (343),TRUE,FALSE,Traverse City,Traverse City,pn1_blood,2026-05-15,Prenatal 1 Blood,Prenatal,TRUE,TRUE,2026,5,May,2026-05-01,1,2026-10-08
global:NJK720-01-0 (343),NJK720-01-0 (343),4819P1,NJK720-01-0,343,4819P1,NJK720-01-0 (343),TRUE,FALSE,Traverse City,Traverse City,pn1_urine,2026-05-15,Prenatal 1 Urine,Prenatal,TRUE,TRUE,2026,5,May,2026-05-01,1,2026-10-08
global:YCB161-01-0 (145),YCB161-01-0 (145),4490P1,YCB161-01-0,145,4490P1,YCB161-01-0 (145),TRUE,FALSE,Prenatal Complete,Flint,child_dob,2026-05-16,Births,Milestone,FALSE,FALSE,2026,5,May,2026-05-01,1,2026-10-08
global:CBT926-01-0 (277),CBT926-01-0 (277),4488P1,CBT926-01-0,277,4488P1,CBT926-01-0 (277),TRUE,FALSE,Prenatal Complete,Flint,child_dob,2026-05-18,Births,Milestone,FALSE,FALSE,2026,5,May,2026-05-01,1,2026-10-08
global:BQV670-01-0 (673),BQV670-01-0 (673),4500P1,BQV670-01-0,673,4500P1,BQV670-01-0 (673),TRUE,FALSE,Flint,Flint,pn2_blood,2026-05-19,Prenatal 2 Blood,Prenatal,TRUE,TRUE,2026,5,May,2026-05-01,1,2026-10-08
global:BQV670-01-0 (673),BQV670-01-0 (673),4500P1,BQV670-01-0,673,4500P1,BQV670-01-0 (673),TRUE,FALSE,Flint,Flint,pn2_survey,2026-05-19,Prenatal 2 Survey,Prenatal,FALSE,TRUE,2026,5,May,2026-05-01,1,2026-10-08
global:BQV670-01-0 (673),BQV670-01-0 (673),4500P1,BQV670-01-0,673,4500P1,BQV670-01-0 (673),TRUE,FALSE,Flint,Flint,pn2_urine,2026-05-19,Prenatal 2 Urine,Prenatal,TRUE,TRUE,2026,5,May,2026-05-01,1,2026-10-08
global:PPL335-01-0 (706),PPL335-01-0 (706),4480P1,PPL335-01-0,706,4480P1,PPL335-01-0 (706),TRUE,FALSE,Prenatal Complete,Flint,child_dob,2026-05-19,Births,Milestone,FALSE,FALSE,2026,5,May,2026-05-01,1,2026-10-08
global:LDB835-01-0 (113),LDB835-01-0 (113),4803P1,LDB835-01-0,113,4803P1,LDB835-01-0 (113),TRUE,FALSE,Prenatal Complete,Traverse City,water,2026-05-19,Water,Prenatal,TRUE,TRUE,2026,5,May,2026-05-01,1,2026-10-08
custom:4801F1,XTL216-01-A (614),4801F1,,,XTL216-01-A (614),4801F1,FALSE,FALSE,0-5 Month Complete,Traverse City,mom_hair,2026-05-19,Maternal Hair,0-5 Month,TRUE,FALSE,2026,5,May,2026-05-01,1,2026-10-08
custom:4787F1,BYQ053-01-A (185),4787F1,,,BYQ053-01-A (185),4787F1,FALSE,FALSE,0-5 Month Complete,Traverse City,child_urine,2026-05-20,Child Urine,0-5 Month,TRUE,FALSE,2026,5,May,2026-05-01,1,2026-10-08
custom:4787F1,BYQ053-01-A (185),4787F1,,,BYQ053-01-A (185),4787F1,FALSE,FALSE,0-5 Month Complete,Traverse City,mom_hair,2026-05-20,Maternal Hair,0-5 Month,TRUE,FALSE,2026,5,May,2026-05-01,1,2026-10-08
global:DLW694-01-0 (805),DLW694-01-0 (805),4823P1,DLW694-01-0,805,4823P1,DLW694-01-0 (805),TRUE,FALSE,Traverse City,Traverse City,consent_date,2026-05-20,Enrollments,Milestone,FALSE,FALSE,2026,5,May,2026-05-01,1,2026-10-08
global:DLW694-01-0 (805),DLW694-01-0 (805),4823P1,DLW694-01-0,805,4823P1,DLW694-01-0 (805),TRUE,FALSE,Traverse City,Traverse City,pn1_anthro,2026-05-20,Prenatal 1 Anthro,Prenatal,FALSE,TRUE,2026,5,May,2026-05-01,1,2026-10-08
global:DLW694-01-0 (805),DLW694-01-0 (805),4823P1,DLW694-01-0,805,4823P1,DLW694-01-0 (805),TRUE,FALSE,Traverse City,Traverse City,pn1_survey,2026-05-20,Prenatal 1 Survey,Prenatal,FALSE,TRUE,2026,5,May,2026-05-01,1,2026-10-08
global:WSG161-02-0 (805),WSG161-02-0 (805),4824P1,WSG161-02-0,805,4824P1,WSG161-02-0 (805),TRUE,FALSE,Traverse City,Traverse City,consent_date,2026-05-20,Enrollments,Milestone,FALSE,FALSE,2026,5,May,2026-05-01,1,2026-10-08
global:WSG161-02-0 (805),WSG161-02-0 (805),4824P1,WSG161-02-0,805,4824P1,WSG161-02-0 (805),TRUE,FALSE,Traverse City,Traverse City,pn1_anthro,2026-05-20,Prenatal 1 Anthro,Prenatal,FALSE,TRUE,2026,5,May,2026-05-01,1,2026-10-08
global:WSG161-02-0 (805),WSG161-02-0 (805),4824P1,WSG161-02-0,805,4824P1,WSG161-02-0 (805),TRUE,FALSE,Traverse City,Traverse City,pn1_blood,2026-05-20,Prenatal 1 Blood,Prenatal,TRUE,TRUE,2026,5,May,2026-05-01,1,2026-10-08
global:WSG161-02-0 (805),WSG161-02-0 (805),4824P1,WSG161-02-0,805,4824P1,WSG161-02-0 (805),TRUE,FALSE,Traverse City,Traverse City,pn1_urine,2026-05-20,Prenatal 1 Urine,Prenatal,TRUE,TRUE,2026,5,May,2026-05-01,1,2026-10-08
global:DLW694-01-0 (805),DLW694-01-0 (805),4823P1,DLW694-01-0,805,4823P1,DLW694-01-0 (805),TRUE,FALSE,Traverse City,Traverse City,pn1_blood,2026-05-21,Prenatal 1 Blood,Prenatal,TRUE,TRUE,2026,5,May,2026-05-01,1,2026-10-08
global:DLW694-01-0 (805),DLW694-01-0 (805),4823P1,DLW694-01-0,805,4823P1,DLW694-01-0 (805),TRUE,FALSE,Traverse City,Traverse City,pn1_urine,2026-05-21,Prenatal 1 Urine,Prenatal,TRUE,TRUE,2026,5,May,2026-05-01,1,2026-10-08
global:JBM041-02-0 (914),JBM041-02-0 (914),4825P1,JBM041-02-0,914,4825P1,JBM041-02-0 (914),TRUE,FALSE,Traverse City,Traverse City,consent_date,2026-05-21,Enrollments,Milestone,FALSE,FALSE,2026,5,May,2026-05-01,1,2026-10-08
global:JBM041-02-0 (914),JBM041-02-0 (914),4825P1,JBM041-02-0,914,4825P1,JBM041-02-0 (914),TRUE,FALSE,Traverse City,Traverse City,pn1_anthro,2026-05-21,Prenatal 1 Anthro,Prenatal,FALSE,TRUE,2026,5,May,2026-05-01,1,2026-10-08
custom:4798F1,NNX593-01-A (746),4798F1,,,NNX593-01-A (746),4798F1,FALSE,FALSE,0-5 Month Traverse City,Traverse City,mom_hair,2026-05-21,Maternal Hair,0-5 Month,TRUE,FALSE,2026,5,May,2026-05-01,1,2026-10-08
global:GVK177-01-0 (706),GVK177-01-0 (706),4189P1,GVK177-01-0,706,4189P1,GVK177-01-0 (706),TRUE,FALSE,Prenatal Complete,Detroit,child_dob,2026-05-22,Births,Milestone,FALSE,FALSE,2026,5,May,2026-05-01,1,2026-10-08
global:HWP759-01-0 (135),HWP759-01-0 (135),4181P1,HWP759-01-0,135,4181P1,HWP759-01-0 (135),TRUE,FALSE,Prenatal Complete,Detroit,pn2_survey,2026-05-22,Prenatal 2 Survey,Prenatal,FALSE,TRUE,2026,5,May,2026-05-01,1,2026-10-08
global:SBZ481-01-0 (871),SBZ481-01-0 (871),4808P1,SBZ481-01-0,871,4808P1,SBZ481-01-0 (871),TRUE,FALSE,Prenatal Complete,Traverse City,child_dob,2026-05-22,Births,Milestone,FALSE,FALSE,2026,5,May,2026-05-01,1,2026-10-08
global:YQX985-01-0 (795),YQX985-01-0 (795),4821P1,YQX985-01-0,795,4821P1,YQX985-01-0 (795),TRUE,FALSE,Prenatal Complete,Traverse City,actigraphy,2026-05-22,Actigraphy,Prenatal,FALSE,TRUE,2026,5,May,2026-05-01,1,2026-10-08
global:NJK720-01-0 (343),NJK720-01-0 (343),4819P1,NJK720-01-0,343,4819P1,NJK720-01-0 (343),TRUE,FALSE,Traverse City,Traverse City,actigraphy,2026-05-23,Actigraphy,Prenatal,FALSE,TRUE,2026,5,May,2026-05-01,1,2026-10-08
global:TVX776-01-0 (729),TVX776-01-0 (729),4820P1,TVX776-01-0,729,4820P1,TVX776-01-0 (729),TRUE,FALSE,Traverse City,Traverse City,actigraphy,2026-05-23,Actigraphy,Prenatal,FALSE,TRUE,2026,5,May,2026-05-01,1,2026-10-08
global:ZWP028-01-0 (366),ZWP028-01-0 (366),4822P1,ZWP028-01-0,366,4822P1,ZWP028-01-0 (366),TRUE,FALSE,Traverse City,Traverse City,actigraphy,2026-05-23,Actigraphy,Prenatal,FALSE,TRUE,2026,5,May,2026-05-01,1,2026-10-08
global:NZK975-01-0 (267),NZK975-01-0 (267),4492P1,NZK975-01-0,267,4492P1,NZK975-01-0 (267),TRUE,FALSE,Prenatal Complete,Flint,child_dob,2026-05-24,Births,Milestone,FALSE,FALSE,2026,5,May,2026-05-01,1,2026-10-08
global:CWB510-01-0 (113),CWB510-01-0 (113),4817P1,CWB510-01-0,113,4817P1,CWB510-01-0 (113),TRUE,FALSE,Traverse City,Traverse City,water,2026-05-26,Water,Prenatal,TRUE,TRUE,2026,5,May,2026-05-01,1,2026-10-08
global:KRW246-01-0 (103),KRW246-01-0 (103),4827P1,KRW246-01-0,103,4827P1,KRW246-01-0 (103),TRUE,FALSE,Traverse City,Traverse City,consent_date,2026-05-26,Enrollments,Milestone,FALSE,FALSE,2026,5,May,2026-05-01,1,2026-10-08
global:KRW246-01-0 (103),KRW246-01-0 (103),4827P1,KRW246-01-0,103,4827P1,KRW246-01-0 (103),TRUE,FALSE,Traverse City,Traverse City,pn1_anthro,2026-05-26,Prenatal 1 Anthro,Prenatal,FALSE,TRUE,2026,5,May,2026-05-01,1,2026-10-08
global:LYY167-01-0 (399),LYY167-01-0 (399),4828P1,LYY167-01-0,399,4828P1,LYY167-01-0 (399),TRUE,FALSE,Traverse City,Traverse City,consent_date,2026-05-26,Enrollments,Milestone,FALSE,FALSE,2026,5,May,2026-05-01,1,2026-10-08
global:LYY167-01-0 (399),LYY167-01-0 (399),4828P1,LYY167-01-0,399,4828P1,LYY167-01-0 (399),TRUE,FALSE,Traverse City,Traverse City,pn1_anthro,2026-05-26,Prenatal 1 Anthro,Prenatal,FALSE,TRUE,2026,5,May,2026-05-01,1,2026-10-08
global:LYY167-01-0 (399),LYY167-01-0 (399),4828P1,LYY167-01-0,399,4828P1,LYY167-01-0 (399),TRUE,FALSE,Traverse City,Traverse City,pn1_survey,2026-05-26,Prenatal 1 Survey,Prenatal,FALSE,TRUE,2026,5,May,2026-05-01,1,2026-10-08
global:PQD023-01-0 (277),PQD023-01-0 (277),4826P1,PQD023-01-0,277,4826P1,PQD023-01-0 (277),TRUE,FALSE,Traverse City,Traverse City,consent_date,2026-05-26,Enrollments,Milestone,FALSE,FALSE,2026,5,May,2026-05-01,1,2026-10-08
global:PQD023-01-0 (277),PQD023-01-0 (277),4826P1,PQD023-01-0,277,4826P1,PQD023-01-0 (277),TRUE,FALSE,Traverse City,Traverse City,pn1_anthro,2026-05-26,Prenatal 1 Anthro,Prenatal,FALSE,TRUE,2026,5,May,2026-05-01,1,2026-10-08
global:PQD023-01-0 (277),PQD023-01-0 (277),4826P1,PQD023-01-0,277,4826P1,PQD023-01-0 (277),TRUE,FALSE,Traverse City,Traverse City,pn1_blood,2026-05-26,Prenatal 1 Blood,Prenatal,TRUE,TRUE,2026,5,May,2026-05-01,1,2026-10-08
global:PQD023-01-0 (277),PQD023-01-0 (277),4826P1,PQD023-01-0,277,4826P1,PQD023-01-0 (277),TRUE,FALSE,Traverse City,Traverse City,pn1_survey,2026-05-26,Prenatal 1 Survey,Prenatal,FALSE,TRUE,2026,5,May,2026-05-01,1,2026-10-08
global:PQD023-01-0 (277),PQD023-01-0 (277),4826P1,PQD023-01-0,277,4826P1,PQD023-01-0 (277),TRUE,FALSE,Traverse City,Traverse City,pn1_urine,2026-05-26,Prenatal 1 Urine,Prenatal,TRUE,TRUE,2026,5,May,2026-05-01,1,2026-10-08
global:ZYG995-01-0 (564),ZYG995-01-0 (564),4829P1,ZYG995-01-0,564,4829P1,ZYG995-01-0 (564),TRUE,FALSE,Traverse City,Traverse City,consent_date,2026-05-26,Enrollments,Milestone,FALSE,FALSE,2026,5,May,2026-05-01,1,2026-10-08
global:ZYG995-01-0 (564),ZYG995-01-0 (564),4829P1,ZYG995-01-0,564,4829P1,ZYG995-01-0 (564),TRUE,FALSE,Traverse City,Traverse City,pn1_anthro,2026-05-26,Prenatal 1 Anthro,Prenatal,FALSE,TRUE,2026,5,May,2026-05-01,1,2026-10-08
global:ZYG995-01-0 (564),ZYG995-01-0 (564),4829P1,ZYG995-01-0,564,4829P1,ZYG995-01-0 (564),TRUE,FALSE,Traverse City,Traverse City,pn1_survey,2026-05-26,Prenatal 1 Survey,Prenatal,FALSE,TRUE,2026,5,May,2026-05-01,1,2026-10-08
global:CDX218-01-0 (277),CDX218-01-0 (277),4179P1,CDX218-01-0,277,4179P1,CDX218-01-0 (277),TRUE,FALSE,Prenatal Complete,Detroit,pn2_blood,2026-05-27,Prenatal 2 Blood,Prenatal,TRUE,TRUE,2026,5,May,2026-05-01,1,2026-10-08
global:LGT159-02-0 (706),LGT159-02-0 (706),4196P2,LGT159-02-0,706,4196P2,LGT159-02-0 (706),TRUE,FALSE,Prenatal Complete,Detroit,actigraphy,2026-05-27,Actigraphy,Prenatal,FALSE,TRUE,2026,5,May,2026-05-01,1,2026-10-08
global:MPP904-01-0 (805),MPP904-01-0 (805),4506P1,MPP904-01-0,805,4506P1,MPP904-01-0 (805),TRUE,FALSE,Flint,Flint,actigraphy,2026-05-27,Actigraphy,Prenatal,FALSE,TRUE,2026,5,May,2026-05-01,1,2026-10-08
global:VVZ944-01-0 (762),VVZ944-01-0 (762),4507P1,VVZ944-01-0,762,4507P1,VVZ944-01-0 (762),TRUE,FALSE,Flint,Flint,consent_date,2026-05-27,Enrollments,Milestone,FALSE,FALSE,2026,5,May,2026-05-01,1,2026-10-08
global:VVZ944-01-0 (762),VVZ944-01-0 (762),4507P1,VVZ944-01-0,762,4507P1,VVZ944-01-0 (762),TRUE,FALSE,Flint,Flint,pn1_anthro,2026-05-27,Prenatal 1 Anthro,Prenatal,FALSE,TRUE,2026,5,May,2026-05-01,1,2026-10-08
global:VVZ944-01-0 (762),VVZ944-01-0 (762),4507P1,VVZ944-01-0,762,4507P1,VVZ944-01-0 (762),TRUE,FALSE,Flint,Flint,pn1_blood,2026-05-27,Prenatal 1 Blood,Prenatal,TRUE,TRUE,2026,5,May,2026-05-01,1,2026-10-08
global:VVZ944-01-0 (762),VVZ944-01-0 (762),4507P1,VVZ944-01-0,762,4507P1,VVZ944-01-0 (762),TRUE,FALSE,Flint,Flint,pn1_survey,2026-05-27,Prenatal 1 Survey,Prenatal,FALSE,TRUE,2026,5,May,2026-05-01,1,2026-10-08
global:VVZ944-01-0 (762),VVZ944-01-0 (762),4507P1,VVZ944-01-0,762,4507P1,VVZ944-01-0 (762),TRUE,FALSE,Flint,Flint,pn1_urine,2026-05-27,Prenatal 1 Urine,Prenatal,TRUE,TRUE,2026,5,May,2026-05-01,1,2026-10-08
global:JBM041-02-0 (914),JBM041-02-0 (914),4825P1,JBM041-02-0,914,4825P1,JBM041-02-0 (914),TRUE,FALSE,Traverse City,Traverse City,pn1_blood,2026-05-27,Prenatal 1 Blood,Prenatal,TRUE,TRUE,2026,5,May,2026-05-01,1,2026-10-08
global:JBM041-02-0 (914),JBM041-02-0 (914),4825P1,JBM041-02-0,914,4825P1,JBM041-02-0 (914),TRUE,FALSE,Traverse City,Traverse City,pn1_urine,2026-05-27,Prenatal 1 Urine,Prenatal,TRUE,TRUE,2026,5,May,2026-05-01,1,2026-10-08
global:LGT159-02-0 (706),LGT159-02-0 (706),4196P2,LGT159-02-0,706,4196P2,LGT159-02-0 (706),TRUE,FALSE,Prenatal Complete,Detroit,water,2026-05-28,Water,Prenatal,TRUE,TRUE,2026,5,May,2026-05-01,1,2026-10-08
global:MZG636-01-0 (904),MZG636-01-0 (904),4191P1,MZG636-01-0,904,4191P1,MZG636-01-0 (904),TRUE,FALSE,Prenatal Complete,Detroit,pn2_survey,2026-05-28,Prenatal 2 Survey,Prenatal,FALSE,TRUE,2026,5,May,2026-05-01,1,2026-10-08
global:HGH542-01-0 (113),HGH542-01-0 (113),4184P1,HGH542-01-0,113,4184P1,HGH542-01-0 (113),TRUE,FALSE,Prenatal Complete,Detroit,pn2_anthro,2026-05-29,Prenatal 2 Anthro,Prenatal,FALSE,TRUE,2026,5,May,2026-05-01,1,2026-10-08
global:HGH542-01-0 (113),HGH542-01-0 (113),4184P1,HGH542-01-0,113,4184P1,HGH542-01-0 (113),TRUE,FALSE,Prenatal Complete,Detroit,pn2_urine,2026-05-29,Prenatal 2 Urine,Prenatal,TRUE,TRUE,2026,5,May,2026-05-01,1,2026-10-08
global:LZQ650-02-0 (102),LZQ650-02-0 (102),4178P2,LZQ650-02-0,102,4178P2,LZQ650-02-0 (102),TRUE,FALSE,Prenatal Complete,Detroit,pn2_urine,2026-05-29,Prenatal 2 Urine,Prenatal,TRUE,TRUE,2026,5,May,2026-05-01,1,2026-10-08
global:KMN951-01-0 (640),KMN951-01-0 (640),4508P1,KMN951-01-0,640,4508P1,KMN951-01-0 (640),TRUE,FALSE,Flint,Flint,consent_date,2026-05-29,Enrollments,Milestone,FALSE,FALSE,2026,5,May,2026-05-01,1,2026-10-08
global:KMN951-01-0 (640),KMN951-01-0 (640),4508P1,KMN951-01-0,640,4508P1,KMN951-01-0 (640),TRUE,FALSE,Flint,Flint,pn1_anthro,2026-05-29,Prenatal 1 Anthro,Prenatal,FALSE,TRUE,2026,5,May,2026-05-01,1,2026-10-08
global:KMN951-01-0 (640),KMN951-01-0 (640),4508P1,KMN951-01-0,640,4508P1,KMN951-01-0 (640),TRUE,FALSE,Flint,Flint,pn1_urine,2026-05-29,Prenatal 1 Urine,Prenatal,TRUE,TRUE,2026,5,May,2026-05-01,1,2026-10-08
global:RLV529-01-0 (135),RLV529-01-0 (135),4481P1,RLV529-01-0,135,4481P1,RLV529-01-0 (135),TRUE,FALSE,Flint,Flint,child_dob,2026-05-29,Births,Milestone,FALSE,FALSE,2026,5,May,2026-05-01,1,2026-10-08
global:JBM041-02-0 (914),JBM041-02-0 (914),4825P1,JBM041-02-0,914,4825P1,JBM041-02-0 (914),TRUE,FALSE,Traverse City,Traverse City,pn1_survey,2026-05-29,Prenatal 1 Survey,Prenatal,FALSE,TRUE,2026,5,May,2026-05-01,1,2026-10-08
custom:4776F1,ZLX499-01-A (241),4776F1,,,ZLX499-01-A (241),4776F1,FALSE,FALSE,0-5 Month Complete,Traverse City,breast_milk,2026-05-29,Breast Milk,0-5 Month,TRUE,FALSE,2026,5,May,2026-05-01,1,2026-10-08
custom:4776F1,ZLX499-01-A (241),4776F1,,,ZLX499-01-A (241),4776F1,FALSE,FALSE,0-5 Month Complete,Traverse City,child_stool,2026-05-29,Child Stool,0-5 Month,TRUE,FALSE,2026,5,May,2026-05-01,1,2026-10-08
custom:4776F1,ZLX499-01-A (241),4776F1,,,ZLX499-01-A (241),4776F1,FALSE,FALSE,0-5 Month Complete,Traverse City,child_urine,2026-05-29,Child Urine,0-5 Month,TRUE,FALSE,2026,5,May,2026-05-01,1,2026-10-08
custom:4776F1,ZLX499-01-A (241),4776F1,,,ZLX499-01-A (241),4776F1,FALSE,FALSE,0-5 Month Complete,Traverse City,mom_bs,2026-05-29,Maternal Bloodspot,0-5 Month,TRUE,FALSE,2026,5,May,2026-05-01,1,2026-10-08
global:JDZ749-01-0 (871),JDZ749-01-0 (871),4180P1,JDZ749-01-0,871,4180P1,JDZ749-01-0 (871),TRUE,FALSE,Prenatal Complete,Detroit,child_dob,2026-05-30,Births,Milestone,FALSE,FALSE,2026,5,May,2026-05-01,1,2026-10-08
global:HXB800-01-0 (277),HXB800-01-0 (277),4199P1,HXB800-01-0,277,4199P1,HXB800-01-0 (277),TRUE,FALSE,Detroit,Detroit,actigraphy,2026-05-31,Actigraphy,Prenatal,FALSE,TRUE,2026,5,May,2026-05-01,1,2026-10-08
global:VXJ013-01-0 (871),VXJ013-01-0 (871),4198P1,VXJ013-01-0,871,4198P1,VXJ013-01-0 (871),TRUE,FALSE,Detroit,Detroit,actigraphy,2026-05-31,Actigraphy,Prenatal,FALSE,TRUE,2026,5,May,2026-05-01,1,2026-10-08
global:BCB299-01-0 (782),BCB299-01-0 (782),4818P1,BCB299-01-0,782,4818P1,BCB299-01-0 (782),TRUE,FALSE,Traverse City,Traverse City,actigraphy,2026-05-31,Actigraphy,Prenatal,FALSE,TRUE,2026,5,May,2026-05-01,1,2026-10-08
custom:4173F1,KDC458-01-A (624),4173F1,,,KDC458-01-A (624),4173F1,FALSE,FALSE,0-5 Month Complete,Detroit,breast_milk,2026-06-01,Breast Milk,0-5 Month,TRUE,FALSE,2026,6,June,2026-06-01,1,2026-10-08
custom:4173F1,KDC458-01-A (624),4173F1,,,KDC458-01-A (624),4173F1,FALSE,FALSE,0-5 Month Complete,Detroit,child_stool,2026-06-01,Child Stool,0-5 Month,TRUE,FALSE,2026,6,June,2026-06-01,1,2026-10-08
custom:4173F1,KDC458-01-A (624),4173F1,,,KDC458-01-A (624),4173F1,FALSE,FALSE,0-5 Month Complete,Detroit,child_urine,2026-06-01,Child Urine,0-5 Month,TRUE,FALSE,2026,6,June,2026-06-01,1,2026-10-08
custom:4173F1,KDC458-01-A (624),4173F1,,,KDC458-01-A (624),4173F1,FALSE,FALSE,0-5 Month Complete,Detroit,mom_bs,2026-06-01,Maternal Bloodspot,0-5 Month,TRUE,FALSE,2026,6,June,2026-06-01,1,2026-10-08
custom:4173F1,KDC458-01-A (624),4173F1,,,KDC458-01-A (624),4173F1,FALSE,FALSE,0-5 Month Complete,Detroit,mom_hair,2026-06-01,Maternal Hair,0-5 Month,TRUE,FALSE,2026,6,June,2026-06-01,1,2026-10-08
global:MHL306-01-0 (277),MHL306-01-0 (277),4830P1,MHL306-01-0,277,4830P1,MHL306-01-0 (277),TRUE,FALSE,Traverse City,Traverse City,consent_date,2026-06-02,Enrollments,Milestone,FALSE,FALSE,2026,6,June,2026-06-01,1,2026-10-08
global:MHL306-01-0 (277),MHL306-01-0 (277),4830P1,MHL306-01-0,277,4830P1,MHL306-01-0 (277),TRUE,FALSE,Traverse City,Traverse City,pn1_anthro,2026-06-02,Prenatal 1 Anthro,Prenatal,FALSE,TRUE,2026,6,June,2026-06-01,1,2026-10-08
global:MHL306-01-0 (277),MHL306-01-0 (277),4830P1,MHL306-01-0,277,4830P1,MHL306-01-0 (277),TRUE,FALSE,Traverse City,Traverse City,pn1_survey,2026-06-02,Prenatal 1 Survey,Prenatal,FALSE,TRUE,2026,6,June,2026-06-01,1,2026-10-08
global:MLK253-01-0 (409),MLK253-01-0 (409),4503P1,MLK253-01-0,409,4503P1,MLK253-01-0 (409),TRUE,FALSE,Flint,Flint,pn2_survey,2026-06-03,Prenatal 2 Survey,Prenatal,FALSE,TRUE,2026,6,June,2026-06-01,1,2026-10-08
global:KRW246-01-0 (103),KRW246-01-0 (103),4827P1,KRW246-01-0,103,4827P1,KRW246-01-0 (103),TRUE,FALSE,Traverse City,Traverse City,pn1_survey,2026-06-03,Prenatal 1 Survey,Prenatal,FALSE,TRUE,2026,6,June,2026-06-01,1,2026-10-08
global:LYY167-01-0 (399),LYY167-01-0 (399),4828P1,LYY167-01-0,399,4828P1,LYY167-01-0 (399),TRUE,FALSE,Traverse City,Traverse City,pn1_blood,2026-06-03,Prenatal 1 Blood,Prenatal,TRUE,TRUE,2026,6,June,2026-06-01,1,2026-10-08
global:LYY167-01-0 (399),LYY167-01-0 (399),4828P1,LYY167-01-0,399,4828P1,LYY167-01-0 (399),TRUE,FALSE,Traverse City,Traverse City,pn1_urine,2026-06-03,Prenatal 1 Urine,Prenatal,TRUE,TRUE,2026,6,June,2026-06-01,1,2026-10-08
global:ZYG995-01-0 (564),ZYG995-01-0 (564),4829P1,ZYG995-01-0,564,4829P1,ZYG995-01-0 (564),TRUE,FALSE,Traverse City,Traverse City,pn1_blood,2026-06-03,Prenatal 1 Blood,Prenatal,TRUE,TRUE,2026,6,June,2026-06-01,1,2026-10-08
global:ZYG995-01-0 (564),ZYG995-01-0 (564),4829P1,ZYG995-01-0,564,4829P1,ZYG995-01-0 (564),TRUE,FALSE,Traverse City,Traverse City,pn1_urine,2026-06-03,Prenatal 1 Urine,Prenatal,TRUE,TRUE,2026,6,June,2026-06-01,1,2026-10-08
global:BQV670-01-0 (673),BQV670-01-0 (673),4500P1,BQV670-01-0,673,4500P1,BQV670-01-0 (673),TRUE,FALSE,Flint,Flint,pn2_anthro,2026-06-04,Prenatal 2 Anthro,Prenatal,FALSE,TRUE,2026,6,June,2026-06-01,1,2026-10-08
global:LZV055-02-0 (234),LZV055-02-0 (234),4806P1,LZV055-02-0,234,4806P1,LZV055-02-0 (234),TRUE,FALSE,Traverse City,Traverse City,child_dob,2026-06-04,Births,Milestone,FALSE,FALSE,2026,6,June,2026-06-01,1,2026-10-08
global:HWP759-01-0 (135),HWP759-01-0 (135),4181P1,HWP759-01-0,135,4181P1,HWP759-01-0 (135),TRUE,FALSE,Prenatal Complete,Detroit,pn2_anthro,2026-06-05,Prenatal 2 Anthro,Prenatal,FALSE,TRUE,2026,6,June,2026-06-01,1,2026-10-08
global:HWP759-01-0 (135),HWP759-01-0 (135),4181P1,HWP759-01-0,135,4181P1,HWP759-01-0 (135),TRUE,FALSE,Prenatal Complete,Detroit,pn2_blood,2026-06-05,Prenatal 2 Blood,Prenatal,TRUE,TRUE,2026,6,June,2026-06-01,1,2026-10-08
global:HWP759-01-0 (135),HWP759-01-0 (135),4181P1,HWP759-01-0,135,4181P1,HWP759-01-0 (135),TRUE,FALSE,Prenatal Complete,Detroit,pn2_urine,2026-06-05,Prenatal 2 Urine,Prenatal,TRUE,TRUE,2026,6,June,2026-06-01,1,2026-10-08
global:KPT365-01-0 (904),KPT365-01-0 (904),4201P1,KPT365-01-0,904,4201P1,KPT365-01-0 (904),TRUE,FALSE,Detroit,Detroit,consent_date,2026-06-05,Enrollments,Milestone,FALSE,FALSE,2026,6,June,2026-06-01,1,2026-10-08
global:KPT365-01-0 (904),KPT365-01-0 (904),4201P1,KPT365-01-0,904,4201P1,KPT365-01-0 (904),TRUE,FALSE,Detroit,Detroit,pn1_anthro,2026-06-05,Prenatal 1 Anthro,Prenatal,FALSE,TRUE,2026,6,June,2026-06-01,1,2026-10-08
global:KPT365-01-0 (904),KPT365-01-0 (904),4201P1,KPT365-01-0,904,4201P1,KPT365-01-0 (904),TRUE,FALSE,Detroit,Detroit,pn1_survey,2026-06-05,Prenatal 1 Survey,Prenatal,FALSE,TRUE,2026,6,June,2026-06-01,1,2026-10-08
global:KPT365-01-0 (904),KPT365-01-0 (904),4201P1,KPT365-01-0,904,4201P1,KPT365-01-0 (904),TRUE,FALSE,Detroit,Detroit,pn1_urine,2026-06-05,Prenatal 1 Urine,Prenatal,TRUE,TRUE,2026,6,June,2026-06-01,1,2026-10-08
global:MVY162-01-0 (168),MVY162-01-0 (168),4200P1,MVY162-01-0,168,4200P1,MVY162-01-0 (168),TRUE,FALSE,Detroit,Detroit,consent_date,2026-06-05,Enrollments,Milestone,FALSE,FALSE,2026,6,June,2026-06-01,1,2026-10-08
global:MVY162-01-0 (168),MVY162-01-0 (168),4200P1,MVY162-01-0,168,4200P1,MVY162-01-0 (168),TRUE,FALSE,Detroit,Detroit,pn1_anthro,2026-06-05,Prenatal 1 Anthro,Prenatal,FALSE,TRUE,2026,6,June,2026-06-01,1,2026-10-08
global:MVY162-01-0 (168),MVY162-01-0 (168),4200P1,MVY162-01-0,168,4200P1,MVY162-01-0 (168),TRUE,FALSE,Detroit,Detroit,pn1_blood,2026-06-05,Prenatal 1 Blood,Prenatal,TRUE,TRUE,2026,6,June,2026-06-01,1,2026-10-08
global:MVY162-01-0 (168),MVY162-01-0 (168),4200P1,MVY162-01-0,168,4200P1,MVY162-01-0 (168),TRUE,FALSE,Detroit,Detroit,pn1_survey,2026-06-05,Prenatal 1 Survey,Prenatal,FALSE,TRUE,2026,6,June,2026-06-01,1,2026-10-08
global:WDL327-01-0 (574),WDL327-01-0 (574),4190P1,WDL327-01-0,574,4190P1,WDL327-01-0 (574),TRUE,FALSE,Prenatal Complete,Detroit,pn2_survey,2026-06-05,Prenatal 2 Survey,Prenatal,FALSE,TRUE,2026,6,June,2026-06-01,1,2026-10-08
global:DLW694-01-0 (805),DLW694-01-0 (805),4823P1,DLW694-01-0,805,4823P1,DLW694-01-0 (805),TRUE,FALSE,Traverse City,Traverse City,actigraphy,2026-06-05,Actigraphy,Prenatal,FALSE,TRUE,2026,6,June,2026-06-01,1,2026-10-08
global:KRW246-01-0 (103),KRW246-01-0 (103),4827P1,KRW246-01-0,103,4827P1,KRW246-01-0 (103),TRUE,FALSE,Traverse City,Traverse City,pn1_blood,2026-06-05,Prenatal 1 Blood,Prenatal,TRUE,TRUE,2026,6,June,2026-06-01,1,2026-10-08
global:KRW246-01-0 (103),KRW246-01-0 (103),4827P1,KRW246-01-0,103,4827P1,KRW246-01-0 (103),TRUE,FALSE,Traverse City,Traverse City,pn1_urine,2026-06-05,Prenatal 1 Urine,Prenatal,TRUE,TRUE,2026,6,June,2026-06-01,1,2026-10-08
global:WSG161-02-0 (805),WSG161-02-0 (805),4824P1,WSG161-02-0,805,4824P1,WSG161-02-0 (805),TRUE,FALSE,Traverse City,Traverse City,actigraphy,2026-06-05,Actigraphy,Prenatal,FALSE,TRUE,2026,6,June,2026-06-01,1,2026-10-08
global:XPK044-01-0 (838),XPK044-01-0 (838),4144P1,XPK044-01-0,838,4144P1,XPK044-01-0 (838),TRUE,FALSE,Prenatal Complete,Detroit,pn2_anthro,2026-06-06,Prenatal 2 Anthro,Prenatal,FALSE,TRUE,2026,6,June,2026-06-01,1,2026-10-08
global:DGQ288-01-0 (409),DGQ288-01-0 (409),4202P1,DGQ288-01-0,409,4202P1,DGQ288-01-0 (409),TRUE,FALSE,Detroit,Detroit,consent_date,2026-06-08,Enrollments,Milestone,FALSE,FALSE,2026,6,June,2026-06-01,1,2026-10-08
global:DGQ288-01-0 (409),DGQ288-01-0 (409),4202P1,DGQ288-01-0,409,4202P1,DGQ288-01-0 (409),TRUE,FALSE,Detroit,Detroit,pn1_anthro,2026-06-08,Prenatal 1 Anthro,Prenatal,FALSE,TRUE,2026,6,June,2026-06-01,1,2026-10-08
global:DGQ288-01-0 (409),DGQ288-01-0 (409),4202P1,DGQ288-01-0,409,4202P1,DGQ288-01-0 (409),TRUE,FALSE,Detroit,Detroit,pn1_survey,2026-06-08,Prenatal 1 Survey,Prenatal,FALSE,TRUE,2026,6,June,2026-06-01,1,2026-10-08
global:DGQ288-01-0 (409),DGQ288-01-0 (409),4202P1,DGQ288-01-0,409,4202P1,DGQ288-01-0 (409),TRUE,FALSE,Detroit,Detroit,pn1_urine,2026-06-08,Prenatal 1 Urine,Prenatal,TRUE,TRUE,2026,6,June,2026-06-01,1,2026-10-08
global:JBM041-02-0 (914),JBM041-02-0 (914),4825P1,JBM041-02-0,914,4825P1,JBM041-02-0 (914),TRUE,FALSE,Traverse City,Traverse City,actigraphy,2026-06-08,Actigraphy,Prenatal,FALSE,TRUE,2026,6,June,2026-06-01,1,2026-10-08
custom:4810F1,JWP930-02-A (515),4810F1,,,JWP930-02-A (515),4810F1,FALSE,FALSE,0-5 Month Complete,Traverse City,mom_hair,2026-06-08,Maternal Hair,0-5 Month,TRUE,FALSE,2026,6,June,2026-06-01,1,2026-10-08
global:HXB800-01-0 (277),HXB800-01-0 (277),4199P1,HXB800-01-0,277,4199P1,HXB800-01-0 (277),TRUE,FALSE,Detroit,Detroit,water,2026-06-09,Water,Prenatal,TRUE,TRUE,2026,6,June,2026-06-01,1,2026-10-08
global:LDB835-01-0 (113),LDB835-01-0 (113),4803P1,LDB835-01-0,113,4803P1,LDB835-01-0 (113),TRUE,FALSE,Prenatal Complete,Traverse City,child_dob,2026-06-09,Births,Milestone,FALSE,FALSE,2026,6,June,2026-06-01,1,2026-10-08
global:KSV514-01-0 (937),KSV514-01-0 (937),4509P1,KSV514-01-0,937,4509P1,KSV514-01-0 (937),TRUE,FALSE,Flint,Flint,consent_date,2026-06-10,Enrollments,Milestone,FALSE,FALSE,2026,6,June,2026-06-01,1,2026-10-08
global:KSV514-01-0 (937),KSV514-01-0 (937),4509P1,KSV514-01-0,937,4509P1,KSV514-01-0 (937),TRUE,FALSE,Flint,Flint,pn1_anthro,2026-06-10,Prenatal 1 Anthro,Prenatal,FALSE,TRUE,2026,6,June,2026-06-01,1,2026-10-08
global:KSV514-01-0 (937),KSV514-01-0 (937),4509P1,KSV514-01-0,937,4509P1,KSV514-01-0 (937),TRUE,FALSE,Flint,Flint,pn1_blood,2026-06-10,Prenatal 1 Blood,Prenatal,TRUE,TRUE,2026,6,June,2026-06-01,1,2026-10-08
global:KSV514-01-0 (937),KSV514-01-0 (937),4509P1,KSV514-01-0,937,4509P1,KSV514-01-0 (937),TRUE,FALSE,Flint,Flint,pn1_survey,2026-06-10,Prenatal 1 Survey,Prenatal,FALSE,TRUE,2026,6,June,2026-06-01,1,2026-10-08
global:KSV514-01-0 (937),KSV514-01-0 (937),4509P1,KSV514-01-0,937,4509P1,KSV514-01-0 (937),TRUE,FALSE,Flint,Flint,pn1_urine,2026-06-10,Prenatal 1 Urine,Prenatal,TRUE,TRUE,2026,6,June,2026-06-01,1,2026-10-08
global:KSV514-01-0 (937),KSV514-01-0 (937),4509P1,KSV514-01-0,937,4509P1,KSV514-01-0 (937),TRUE,FALSE,Flint,Flint,water,2026-06-10,Water,Prenatal,TRUE,TRUE,2026,6,June,2026-06-01,1,2026-10-08
global:SSF737-01-0 (904),SSF737-01-0 (904),4502P1,SSF737-01-0,904,4502P1,SSF737-01-0 (904),TRUE,FALSE,Flint,Flint,pn2_survey,2026-06-11,Prenatal 2 Survey,Prenatal,FALSE,TRUE,2026,6,June,2026-06-01,1,2026-10-08
global:LYY167-01-0 (399),LYY167-01-0 (399),4828P1,LYY167-01-0,399,4828P1,LYY167-01-0 (399),TRUE,FALSE,Traverse City,Traverse City,actigraphy,2026-06-11,Actigraphy,Prenatal,FALSE,TRUE,2026,6,June,2026-06-01,1,2026-10-08
global:ZYG995-01-0 (564),ZYG995-01-0 (564),4829P1,ZYG995-01-0,564,4829P1,ZYG995-01-0 (564),TRUE,FALSE,Traverse City,Traverse City,actigraphy,2026-06-11,Actigraphy,Prenatal,FALSE,TRUE,2026,6,June,2026-06-01,1,2026-10-08
global:JTJ199-01-0 (838),JTJ199-01-0 (838),4183P1,JTJ199-01-0,838,4183P1,JTJ199-01-0 (838),TRUE,FALSE,Prenatal Complete,Detroit,pn2_anthro,2026-06-12,Prenatal 2 Anthro,Prenatal,FALSE,TRUE,2026,6,June,2026-06-01,1,2026-10-08
global:JTJ199-01-0 (838),JTJ199-01-0 (838),4183P1,JTJ199-01-0,838,4183P1,JTJ199-01-0 (838),TRUE,FALSE,Prenatal Complete,Detroit,pn2_blood,2026-06-12,Prenatal 2 Blood,Prenatal,TRUE,TRUE,2026,6,June,2026-06-01,1,2026-10-08
global:JTJ199-01-0 (838),JTJ199-01-0 (838),4183P1,JTJ199-01-0,838,4183P1,JTJ199-01-0 (838),TRUE,FALSE,Prenatal Complete,Detroit,pn2_survey,2026-06-12,Prenatal 2 Survey,Prenatal,FALSE,TRUE,2026,6,June,2026-06-01,1,2026-10-08
global:JTJ199-01-0 (838),JTJ199-01-0 (838),4183P1,JTJ199-01-0,838,4183P1,JTJ199-01-0 (838),TRUE,FALSE,Prenatal Complete,Detroit,pn2_urine,2026-06-12,Prenatal 2 Urine,Prenatal,TRUE,TRUE,2026,6,June,2026-06-01,1,2026-10-08
global:VXB964-01-0 (102),VXB964-01-0 (102),4203P1,VXB964-01-0,102,4203P1,VXB964-01-0 (102),TRUE,FALSE,Detroit,Detroit,consent_date,2026-06-12,Enrollments,Milestone,FALSE,FALSE,2026,6,June,2026-06-01,1,2026-10-08
global:VXB964-01-0 (102),VXB964-01-0 (102),4203P1,VXB964-01-0,102,4203P1,VXB964-01-0 (102),TRUE,FALSE,Detroit,Detroit,pn1_anthro,2026-06-12,Prenatal 1 Anthro,Prenatal,FALSE,TRUE,2026,6,June,2026-06-01,1,2026-10-08
global:XTZ385-01-0 (729),XTZ385-01-0 (729),4204P1,XTZ385-01-0,729,4204P1,XTZ385-01-0 (729),TRUE,FALSE,Detroit,Detroit,consent_date,2026-06-12,Enrollments,Milestone,FALSE,FALSE,2026,6,June,2026-06-01,1,2026-10-08
global:XTZ385-01-0 (729),XTZ385-01-0 (729),4204P1,XTZ385-01-0,729,4204P1,XTZ385-01-0 (729),TRUE,FALSE,Detroit,Detroit,pn1_anthro,2026-06-12,Prenatal 1 Anthro,Prenatal,FALSE,TRUE,2026,6,June,2026-06-01,1,2026-10-08
global:XTZ385-01-0 (729),XTZ385-01-0 (729),4204P1,XTZ385-01-0,729,4204P1,XTZ385-01-0 (729),TRUE,FALSE,Detroit,Detroit,pn1_urine,2026-06-12,Prenatal 1 Urine,Prenatal,TRUE,TRUE,2026,6,June,2026-06-01,1,2026-10-08
global:VVZ944-01-0 (762),VVZ944-01-0 (762),4507P1,VVZ944-01-0,762,4507P1,VVZ944-01-0 (762),TRUE,FALSE,Flint,Flint,actigraphy,2026-06-12,Actigraphy,Prenatal,FALSE,TRUE,2026,6,June,2026-06-01,1,2026-10-08
global:PQD023-01-0 (277),PQD023-01-0 (277),4826P1,PQD023-01-0,277,4826P1,PQD023-01-0 (277),TRUE,FALSE,Traverse City,Traverse City,actigraphy,2026-06-12,Actigraphy,Prenatal,FALSE,TRUE,2026,6,June,2026-06-01,1,2026-10-08
global:LZQ650-02-0 (102),LZQ650-02-0 (102),4178P2,LZQ650-02-0,102,4178P2,LZQ650-02-0 (102),TRUE,FALSE,Prenatal Complete,Detroit,child_dob,2026-06-13,Births,Milestone,FALSE,FALSE,2026,6,June,2026-06-01,1,2026-10-08
global:KRW246-01-0 (103),KRW246-01-0 (103),4827P1,KRW246-01-0,103,4827P1,KRW246-01-0 (103),TRUE,FALSE,Traverse City,Traverse City,actigraphy,2026-06-13,Actigraphy,Prenatal,FALSE,TRUE,2026,6,June,2026-06-01,1,2026-10-08
global:YGQ976-02-0 (267),YGQ976-02-0 (267),4188P2,YGQ976-02-0,267,4188P2,YGQ976-02-0 (267),TRUE,FALSE,Prenatal Complete,Detroit,child_dob,2026-06-14,Births,Milestone,FALSE,FALSE,2026,6,June,2026-06-01,1,2026-10-08
global:DRG448-01-0 (376),DRG448-01-0 (376),4498P1,DRG448-01-0,376,4498P1,DRG448-01-0 (376),TRUE,FALSE,Flint,Flint,pn2_survey,2026-06-16,Prenatal 2 Survey,Prenatal,FALSE,TRUE,2026,6,June,2026-06-01,1,2026-10-08
global:DVY195-01-0 (169),DVY195-01-0 (169),4496P1,DVY195-01-0,169,4496P1,DVY195-01-0 (169),TRUE,FALSE,Flint,Flint,pn2_survey,2026-06-16,Prenatal 2 Survey,Prenatal,FALSE,TRUE,2026,6,June,2026-06-01,1,2026-10-08
global:JFL874-01-0 (442),JFL874-01-0 (442),4511P1,JFL874-01-0,442,4511P1,JFL874-01-0 (442),TRUE,FALSE,Flint,Flint,consent_date,2026-06-16,Enrollments,Milestone,FALSE,FALSE,2026,6,June,2026-06-01,1,2026-10-08
global:JFL874-01-0 (442),JFL874-01-0 (442),4511P1,JFL874-01-0,442,4511P1,JFL874-01-0 (442),TRUE,FALSE,Flint,Flint,pn1_anthro,2026-06-16,Prenatal 1 Anthro,Prenatal,FALSE,TRUE,2026,6,June,2026-06-01,1,2026-10-08
global:JFL874-01-0 (442),JFL874-01-0 (442),4511P1,JFL874-01-0,442,4511P1,JFL874-01-0 (442),TRUE,FALSE,Flint,Flint,pn1_blood,2026-06-16,Prenatal 1 Blood,Prenatal,TRUE,TRUE,2026,6,June,2026-06-01,1,2026-10-08
global:JFL874-01-0 (442),JFL874-01-0 (442),4511P1,JFL874-01-0,442,4511P1,JFL874-01-0 (442),TRUE,FALSE,Flint,Flint,pn1_survey,2026-06-16,Prenatal 1 Survey,Prenatal,FALSE,TRUE,2026,6,June,2026-06-01,1,2026-10-08
global:JFL874-01-0 (442),JFL874-01-0 (442),4511P1,JFL874-01-0,442,4511P1,JFL874-01-0 (442),TRUE,FALSE,Flint,Flint,pn1_urine,2026-06-16,Prenatal 1 Urine,Prenatal,TRUE,TRUE,2026,6,June,2026-06-01,1,2026-10-08
global:MBF159-01-0 (179),MBF159-01-0 (179),4512P1,MBF159-01-0,179,4512P1,MBF159-01-0 (179),TRUE,FALSE,Flint,Flint,consent_date,2026-06-16,Enrollments,Milestone,FALSE,FALSE,2026,6,June,2026-06-01,1,2026-10-08
global:MBF159-01-0 (179),MBF159-01-0 (179),4512P1,MBF159-01-0,179,4512P1,MBF159-01-0 (179),TRUE,FALSE,Flint,Flint,pn1_anthro,2026-06-16,Prenatal 1 Anthro,Prenatal,FALSE,TRUE,2026,6,June,2026-06-01,1,2026-10-08
global:MBF159-01-0 (179),MBF159-01-0 (179),4512P1,MBF159-01-0,179,4512P1,MBF159-01-0 (179),TRUE,FALSE,Flint,Flint,pn1_blood,2026-06-16,Prenatal 1 Blood,Prenatal,TRUE,TRUE,2026,6,June,2026-06-01,1,2026-10-08
global:MBF159-01-0 (179),MBF159-01-0 (179),4512P1,MBF159-01-0,179,4512P1,MBF159-01-0 (179),TRUE,FALSE,Flint,Flint,pn1_survey,2026-06-16,Prenatal 1 Survey,Prenatal,FALSE,TRUE,2026,6,June,2026-06-01,1,2026-10-08
global:MBF159-01-0 (179),MBF159-01-0 (179),4512P1,MBF159-01-0,179,4512P1,MBF159-01-0 (179),TRUE,FALSE,Flint,Flint,pn1_urine,2026-06-16,Prenatal 1 Urine,Prenatal,TRUE,TRUE,2026,6,June,2026-06-01,1,2026-10-08
global:MNZ485-01-0 (201),MNZ485-01-0 (201),4510P1,MNZ485-01-0,201,4510P1,MNZ485-01-0 (201),TRUE,FALSE,Flint,Flint,consent_date,2026-06-16,Enrollments,Milestone,FALSE,FALSE,2026,6,June,2026-06-01,1,2026-10-08
global:MNZ485-01-0 (201),MNZ485-01-0 (201),4510P1,MNZ485-01-0,201,4510P1,MNZ485-01-0 (201),TRUE,FALSE,Flint,Flint,pn1_anthro,2026-06-16,Prenatal 1 Anthro,Prenatal,FALSE,TRUE,2026,6,June,2026-06-01,1,2026-10-08
global:MNZ485-01-0 (201),MNZ485-01-0 (201),4510P1,MNZ485-01-0,201,4510P1,MNZ485-01-0 (201),TRUE,FALSE,Flint,Flint,pn1_blood,2026-06-16,Prenatal 1 Blood,Prenatal,TRUE,TRUE,2026,6,June,2026-06-01,1,2026-10-08
global:MNZ485-01-0 (201),MNZ485-01-0 (201),4510P1,MNZ485-01-0,201,4510P1,MNZ485-01-0 (201),TRUE,FALSE,Flint,Flint,pn1_survey,2026-06-16,Prenatal 1 Survey,Prenatal,FALSE,TRUE,2026,6,June,2026-06-01,1,2026-10-08
global:MNZ485-01-0 (201),MNZ485-01-0 (201),4510P1,MNZ485-01-0,201,4510P1,MNZ485-01-0 (201),TRUE,FALSE,Flint,Flint,pn1_urine,2026-06-16,Prenatal 1 Urine,Prenatal,TRUE,TRUE,2026,6,June,2026-06-01,1,2026-10-08
global:NJJ950-01-0 (475),NJJ950-01-0 (475),4513P1,NJJ950-01-0,475,4513P1,NJJ950-01-0 (475),TRUE,FALSE,Flint,Flint,consent_date,2026-06-16,Enrollments,Milestone,FALSE,FALSE,2026,6,June,2026-06-01,1,2026-10-08
global:NJJ950-01-0 (475),NJJ950-01-0 (475),4513P1,NJJ950-01-0,475,4513P1,NJJ950-01-0 (475),TRUE,FALSE,Flint,Flint,pn1_anthro,2026-06-16,Prenatal 1 Anthro,Prenatal,FALSE,TRUE,2026,6,June,2026-06-01,1,2026-10-08
global:NJJ950-01-0 (475),NJJ950-01-0 (475),4513P1,NJJ950-01-0,475,4513P1,NJJ950-01-0 (475),TRUE,FALSE,Flint,Flint,pn1_blood,2026-06-16,Prenatal 1 Blood,Prenatal,TRUE,TRUE,2026,6,June,2026-06-01,1,2026-10-08
global:NJJ950-01-0 (475),NJJ950-01-0 (475),4513P1,NJJ950-01-0,475,4513P1,NJJ950-01-0 (475),TRUE,FALSE,Flint,Flint,pn1_urine,2026-06-16,Prenatal 1 Urine,Prenatal,TRUE,TRUE,2026,6,June,2026-06-01,1,2026-10-08
global:TKS011-01-0 (607),TKS011-01-0 (607),4501P1,TKS011-01-0,607,4501P1,TKS011-01-0 (607),TRUE,FALSE,Flint,Flint,pn2_survey,2026-06-16,Prenatal 2 Survey,Prenatal,FALSE,TRUE,2026,6,June,2026-06-01,1,2026-10-08
global:LJS175-01-0 (673),LJS175-01-0 (673),4831P1,LJS175-01-0,673,4831P1,LJS175-01-0 (673),TRUE,FALSE,Traverse City,Traverse City,consent_date,2026-06-16,Enrollments,Milestone,FALSE,FALSE,2026,6,June,2026-06-01,1,2026-10-08
global:LJS175-01-0 (673),LJS175-01-0 (673),4831P1,LJS175-01-0,673,4831P1,LJS175-01-0 (673),TRUE,FALSE,Traverse City,Traverse City,pn1_anthro,2026-06-16,Prenatal 1 Anthro,Prenatal,FALSE,TRUE,2026,6,June,2026-06-01,1,2026-10-08
global:LGT159-02-0 (706),LGT159-02-0 (706),4196P2,LGT159-02-0,706,4196P2,LGT159-02-0 (706),TRUE,FALSE,Prenatal Complete,Detroit,pn2_survey,2026-06-17,Prenatal 2 Survey,Prenatal,FALSE,TRUE,2026,6,June,2026-06-01,1,2026-10-08
global:MKV454-01-0 (838),MKV454-01-0 (838),4192P1,MKV454-01-0,838,4192P1,MKV454-01-0 (838),TRUE,FALSE,Detroit,Detroit,water,2026-06-17,Water,Prenatal,TRUE,TRUE,2026,6,June,2026-06-01,1,2026-10-08
global:WDL327-01-0 (574),WDL327-01-0 (574),4190P1,WDL327-01-0,574,4190P1,WDL327-01-0 (574),TRUE,FALSE,Prenatal Complete,Detroit,pn2_anthro,2026-06-17,Prenatal 2 Anthro,Prenatal,FALSE,TRUE,2026,6,June,2026-06-01,1,2026-10-08
global:WDL327-01-0 (574),WDL327-01-0 (574),4190P1,WDL327-01-0,574,4190P1,WDL327-01-0 (574),TRUE,FALSE,Prenatal Complete,Detroit,pn2_blood,2026-06-17,Prenatal 2 Blood,Prenatal,TRUE,TRUE,2026,6,June,2026-06-01,1,2026-10-08
global:WDL327-01-0 (574),WDL327-01-0 (574),4190P1,WDL327-01-0,574,4190P1,WDL327-01-0 (574),TRUE,FALSE,Prenatal Complete,Detroit,pn2_urine,2026-06-17,Prenatal 2 Urine,Prenatal,TRUE,TRUE,2026,6,June,2026-06-01,1,2026-10-08
global:XTZ385-01-0 (729),XTZ385-01-0 (729),4204P1,XTZ385-01-0,729,4204P1,XTZ385-01-0 (729),TRUE,FALSE,Detroit,Detroit,water,2026-06-17,Water,Prenatal,TRUE,TRUE,2026,6,June,2026-06-01,1,2026-10-08
global:GJP886-01-0 (706),GJP886-01-0 (706),4505P1,GJP886-01-0,706,4505P1,GJP886-01-0 (706),TRUE,FALSE,Flint,Flint,pn2_survey,2026-06-17,Prenatal 2 Survey,Prenatal,FALSE,TRUE,2026,6,June,2026-06-01,1,2026-10-08
global:JBM041-02-0 (914),JBM041-02-0 (914),4825P1,JBM041-02-0,914,4825P1,JBM041-02-0 (914),TRUE,FALSE,Traverse City,Traverse City,water,2026-06-17,Water,Prenatal,TRUE,TRUE,2026,6,June,2026-06-01,1,2026-10-08
global:BWX346-01-0 (937),BWX346-01-0 (937),4187P1,BWX346-01-0,937,4187P1,BWX346-01-0 (937),TRUE,FALSE,Prenatal Complete,Detroit,pn2_anthro,2026-06-18,Prenatal 2 Anthro,Prenatal,FALSE,TRUE,2026,6,June,2026-06-01,1,2026-10-08
global:BWX346-01-0 (937),BWX346-01-0 (937),4187P1,BWX346-01-0,937,4187P1,BWX346-01-0 (937),TRUE,FALSE,Prenatal Complete,Detroit,pn2_urine,2026-06-18,Prenatal 2 Urine,Prenatal,TRUE,TRUE,2026,6,June,2026-06-01,1,2026-10-08
global:MHL306-01-0 (277),MHL306-01-0 (277),4830P1,MHL306-01-0,277,4830P1,MHL306-01-0 (277),TRUE,FALSE,Traverse City,Traverse City,actigraphy,2026-06-18,Actigraphy,Prenatal,FALSE,TRUE,2026,6,June,2026-06-01,1,2026-10-08
global:NQD377-01-0 (607),NQD377-01-0 (607),4811P1,NQD377-01-0,607,4811P1,NQD377-01-0 (607),TRUE,FALSE,Traverse City,Traverse City,pn2_anthro,2026-06-18,Prenatal 2 Anthro,Prenatal,FALSE,TRUE,2026,6,June,2026-06-01,1,2026-10-08
global:NQD377-01-0 (607),NQD377-01-0 (607),4811P1,NQD377-01-0,607,4811P1,NQD377-01-0 (607),TRUE,FALSE,Traverse City,Traverse City,water,2026-06-18,Water,Prenatal,TRUE,TRUE,2026,6,June,2026-06-01,1,2026-10-08
global:VYC886-01-0 (267),VYC886-01-0 (267),4809P1,VYC886-01-0,267,4809P1,VYC886-01-0 (267),TRUE,FALSE,Prenatal Complete,Traverse City,child_dob,2026-06-18,Births,Milestone,FALSE,FALSE,2026,6,June,2026-06-01,1,2026-10-08
global:WSG161-02-0 (805),WSG161-02-0 (805),4824P1,WSG161-02-0,805,4824P1,WSG161-02-0 (805),TRUE,FALSE,Traverse City,Traverse City,pn1_survey,2026-06-19,Prenatal 1 Survey,Prenatal,FALSE,TRUE,2026,6,June,2026-06-01,1,2026-10-08
global:KPT365-01-0 (904),KPT365-01-0 (904),4201P1,KPT365-01-0,904,4201P1,KPT365-01-0 (904),TRUE,FALSE,Detroit,Detroit,actigraphy,2026-06-21,Actigraphy,Prenatal,FALSE,TRUE,2026,6,June,2026-06-01,1,2026-10-08
global:MKV454-01-0 (838),MKV454-01-0 (838),4192P1,MKV454-01-0,838,4192P1,MKV454-01-0 (838),TRUE,FALSE,Detroit,Detroit,pn2_survey,2026-06-21,Prenatal 2 Survey,Prenatal,FALSE,TRUE,2026,6,June,2026-06-01,1,2026-10-08
global:MVY162-01-0 (168),MVY162-01-0 (168),4200P1,MVY162-01-0,168,4200P1,MVY162-01-0 (168),TRUE,FALSE,Detroit,Detroit,actigraphy,2026-06-21,Actigraphy,Prenatal,FALSE,TRUE,2026,6,June,2026-06-01,1,2026-10-08
global:BRS431-01-0 (442),BRS431-01-0 (442),4497P1,BRS431-01-0,442,4497P1,BRS431-01-0 (442),TRUE,FALSE,Prenatal Complete,Flint,child_dob,2026-06-21,Births,Milestone,FALSE,FALSE,2026,6,June,2026-06-01,1,2026-10-08
global:MZG636-01-0 (904),MZG636-01-0 (904),4191P1,MZG636-01-0,904,4191P1,MZG636-01-0 (904),TRUE,FALSE,Prenatal Complete,Detroit,pn2_anthro,2026-06-22,Prenatal 2 Anthro,Prenatal,FALSE,TRUE,2026,6,June,2026-06-01,1,2026-10-08
global:MZG636-01-0 (904),MZG636-01-0 (904),4191P1,MZG636-01-0,904,4191P1,MZG636-01-0 (904),TRUE,FALSE,Prenatal Complete,Detroit,pn2_urine,2026-06-22,Prenatal 2 Urine,Prenatal,TRUE,TRUE,2026,6,June,2026-06-01,1,2026-10-08
global:SGC378-01-0 (442),SGC378-01-0 (442),4205P1,SGC378-01-0,442,4205P1,SGC378-01-0 (442),TRUE,FALSE,Detroit,Detroit,consent_date,2026-06-22,Enrollments,Milestone,FALSE,FALSE,2026,6,June,2026-06-01,1,2026-10-08
global:SGC378-01-0 (442),SGC378-01-0 (442),4205P1,SGC378-01-0,442,4205P1,SGC378-01-0 (442),TRUE,FALSE,Detroit,Detroit,pn1_anthro,2026-06-22,Prenatal 1 Anthro,Prenatal,FALSE,TRUE,2026,6,June,2026-06-01,1,2026-10-08
global:SGC378-01-0 (442),SGC378-01-0 (442),4205P1,SGC378-01-0,442,4205P1,SGC378-01-0 (442),TRUE,FALSE,Detroit,Detroit,pn1_urine,2026-06-22,Prenatal 1 Urine,Prenatal,TRUE,TRUE,2026,6,June,2026-06-01,1,2026-10-08
global:YHY072-01-0 (102),YHY072-01-0 (102),4206P1,YHY072-01-0,102,4206P1,YHY072-01-0 (102),TRUE,FALSE,Detroit,Detroit,consent_date,2026-06-22,Enrollments,Milestone,FALSE,FALSE,2026,6,June,2026-06-01,1,2026-10-08
global:YHY072-01-0 (102),YHY072-01-0 (102),4206P1,YHY072-01-0,102,4206P1,YHY072-01-0 (102),TRUE,FALSE,Detroit,Detroit,pn1_survey,2026-06-22,Prenatal 1 Survey,Prenatal,FALSE,TRUE,2026,6,June,2026-06-01,1,2026-10-08
global:BWX346-01-0 (937),BWX346-01-0 (937),4187P1,BWX346-01-0,937,4187P1,BWX346-01-0 (937),TRUE,FALSE,Prenatal Complete,Detroit,pn2_survey,2026-06-23,Prenatal 2 Survey,Prenatal,FALSE,TRUE,2026,6,June,2026-06-01,1,2026-10-08
global:YHY072-01-0 (102),YHY072-01-0 (102),4206P1,YHY072-01-0,102,4206P1,YHY072-01-0 (102),TRUE,FALSE,Detroit,Detroit,pn1_anthro,2026-06-23,Prenatal 1 Anthro,Prenatal,FALSE,TRUE,2026,6,June,2026-06-01,1,2026-10-08
global:YHY072-01-0 (102),YHY072-01-0 (102),4206P1,YHY072-01-0,102,4206P1,YHY072-01-0 (102),TRUE,FALSE,Detroit,Detroit,pn1_blood,2026-06-23,Prenatal 1 Blood,Prenatal,TRUE,TRUE,2026,6,June,2026-06-01,1,2026-10-08
custom:4796F1,HWV734-01-A (680),4796F1,,,HWV734-01-A (680),4796F1,FALSE,FALSE,0-5 Month Complete,Traverse City,child_stool,2026-06-23,Child Stool,0-5 Month,TRUE,FALSE,2026,6,June,2026-06-01,1,2026-10-08
custom:4796F1,HWV734-01-A (680),4796F1,,,HWV734-01-A (680),4796F1,FALSE,FALSE,0-5 Month Complete,Traverse City,child_urine,2026-06-23,Child Urine,0-5 Month,TRUE,FALSE,2026,6,June,2026-06-01,1,2026-10-08
custom:4796F1,HWV734-01-A (680),4796F1,,,HWV734-01-A (680),4796F1,FALSE,FALSE,0-5 Month Complete,Traverse City,mom_bs,2026-06-23,Maternal Bloodspot,0-5 Month,TRUE,FALSE,2026,6,June,2026-06-01,1,2026-10-08
custom:4796F1,HWV734-01-A (680),4796F1,,,HWV734-01-A (680),4796F1,FALSE,FALSE,0-5 Month Complete,Traverse City,mom_hair,2026-06-23,Maternal Hair,0-5 Month,TRUE,FALSE,2026,6,June,2026-06-01,1,2026-10-08
custom:4810F1,JWP930-02-A (515),4810F1,,,JWP930-02-A (515),4810F1,FALSE,FALSE,0-5 Month Complete,Traverse City,breast_milk,2026-06-23,Breast Milk,0-5 Month,TRUE,FALSE,2026,6,June,2026-06-01,1,2026-10-08
custom:4810F1,JWP930-02-A (515),4810F1,,,JWP930-02-A (515),4810F1,FALSE,FALSE,0-5 Month Complete,Traverse City,child_stool,2026-06-23,Child Stool,0-5 Month,TRUE,FALSE,2026,6,June,2026-06-01,1,2026-10-08
custom:4810F1,JWP930-02-A (515),4810F1,,,JWP930-02-A (515),4810F1,FALSE,FALSE,0-5 Month Complete,Traverse City,child_urine,2026-06-23,Child Urine,0-5 Month,TRUE,FALSE,2026,6,June,2026-06-01,1,2026-10-08
custom:4810F1,JWP930-02-A (515),4810F1,,,JWP930-02-A (515),4810F1,FALSE,FALSE,0-5 Month Complete,Traverse City,mom_bs,2026-06-23,Maternal Bloodspot,0-5 Month,TRUE,FALSE,2026,6,June,2026-06-01,1,2026-10-08
global:NQD377-01-0 (607),NQD377-01-0 (607),4811P1,NQD377-01-0,607,4811P1,NQD377-01-0 (607),TRUE,FALSE,Traverse City,Traverse City,pn2_survey,2026-06-23,Prenatal 2 Survey,Prenatal,FALSE,TRUE,2026,6,June,2026-06-01,1,2026-10-08
global:YMF346-02-0 (805),YMF346-02-0 (805),4812P1,YMF346-02-0,805,4812P1,YMF346-02-0 (805),TRUE,FALSE,Prenatal Complete,Traverse City,pn2_survey,2026-06-23,Prenatal 2 Survey,Prenatal,FALSE,TRUE,2026,6,June,2026-06-01,1,2026-10-08
global:DGQ288-01-0 (409),DGQ288-01-0 (409),4202P1,DGQ288-01-0,409,4202P1,DGQ288-01-0 (409),TRUE,FALSE,Detroit,Detroit,actigraphy,2026-06-24,Actigraphy,Prenatal,FALSE,TRUE,2026,6,June,2026-06-01,1,2026-10-08
global:LGT159-02-0 (706),LGT159-02-0 (706),4196P2,LGT159-02-0,706,4196P2,LGT159-02-0 (706),TRUE,FALSE,Prenatal Complete,Detroit,pn2_anthro,2026-06-24,Prenatal 2 Anthro,Prenatal,FALSE,TRUE,2026,6,June,2026-06-01,1,2026-10-08
global:LGT159-02-0 (706),LGT159-02-0 (706),4196P2,LGT159-02-0,706,4196P2,LGT159-02-0 (706),TRUE,FALSE,Prenatal Complete,Detroit,pn2_blood,2026-06-24,Prenatal 2 Blood,Prenatal,TRUE,TRUE,2026,6,June,2026-06-01,1,2026-10-08
global:LGT159-02-0 (706),LGT159-02-0 (706),4196P2,LGT159-02-0,706,4196P2,LGT159-02-0 (706),TRUE,FALSE,Prenatal Complete,Detroit,pn2_urine,2026-06-24,Prenatal 2 Urine,Prenatal,TRUE,TRUE,2026,6,June,2026-06-01,1,2026-10-08
global:MHL306-01-0 (277),MHL306-01-0 (277),4830P1,MHL306-01-0,277,4830P1,MHL306-01-0 (277),TRUE,FALSE,Traverse City,Traverse City,pn1_blood,2026-06-24,Prenatal 1 Blood,Prenatal,TRUE,TRUE,2026,6,June,2026-06-01,1,2026-10-08
global:MHL306-01-0 (277),MHL306-01-0 (277),4830P1,MHL306-01-0,277,4830P1,MHL306-01-0 (277),TRUE,FALSE,Traverse City,Traverse City,pn1_urine,2026-06-24,Prenatal 1 Urine,Prenatal,TRUE,TRUE,2026,6,June,2026-06-01,1,2026-10-08
global:LJS175-01-0 (673),LJS175-01-0 (673),4831P1,LJS175-01-0,673,4831P1,LJS175-01-0 (673),TRUE,FALSE,Traverse City,Traverse City,pn1_blood,2026-06-25,Prenatal 1 Blood,Prenatal,TRUE,TRUE,2026,6,June,2026-06-01,1,2026-10-08
global:LJS175-01-0 (673),LJS175-01-0 (673),4831P1,LJS175-01-0,673,4831P1,LJS175-01-0 (673),TRUE,FALSE,Traverse City,Traverse City,pn1_survey,2026-06-25,Prenatal 1 Survey,Prenatal,FALSE,TRUE,2026,6,June,2026-06-01,1,2026-10-08
global:LJS175-01-0 (673),LJS175-01-0 (673),4831P1,LJS175-01-0,673,4831P1,LJS175-01-0 (673),TRUE,FALSE,Traverse City,Traverse City,pn1_urine,2026-06-25,Prenatal 1 Urine,Prenatal,TRUE,TRUE,2026,6,June,2026-06-01,1,2026-10-08
custom:4788F1,WMD058-01-A (218),4788F1,,,WMD058-01-A (218),4788F1,FALSE,FALSE,0-5 Month Complete,Traverse City,breast_milk,2026-06-25,Breast Milk,0-5 Month,TRUE,FALSE,2026,6,June,2026-06-01,1,2026-10-08
custom:4788F1,WMD058-01-A (218),4788F1,,,WMD058-01-A (218),4788F1,FALSE,FALSE,0-5 Month Complete,Traverse City,child_stool,2026-06-25,Child Stool,0-5 Month,TRUE,FALSE,2026,6,June,2026-06-01,1,2026-10-08
custom:4788F1,WMD058-01-A (218),4788F1,,,WMD058-01-A (218),4788F1,FALSE,FALSE,0-5 Month Complete,Traverse City,child_urine,2026-06-25,Child Urine,0-5 Month,TRUE,FALSE,2026,6,June,2026-06-01,1,2026-10-08
custom:4788F1,WMD058-01-A (218),4788F1,,,WMD058-01-A (218),4788F1,FALSE,FALSE,0-5 Month Complete,Traverse City,mom_bs,2026-06-25,Maternal Bloodspot,0-5 Month,TRUE,FALSE,2026,6,June,2026-06-01,1,2026-10-08
custom:4788F1,WMD058-01-A (218),4788F1,,,WMD058-01-A (218),4788F1,FALSE,FALSE,0-5 Month Complete,Traverse City,mom_hair,2026-06-25,Maternal Hair,0-5 Month,TRUE,FALSE,2026,6,June,2026-06-01,1,2026-10-08
global:MVY162-01-0 (168),MVY162-01-0 (168),4200P1,MVY162-01-0,168,4200P1,MVY162-01-0 (168),TRUE,FALSE,Detroit,Detroit,pn1_urine,2026-06-26,Prenatal 1 Urine,Prenatal,TRUE,TRUE,2026,6,June,2026-06-01,1,2026-10-08
global:QBF961-01-0 (244),QBF961-01-0 (244),4185P1,QBF961-01-0,244,4185P1,QBF961-01-0 (244),TRUE,FALSE,Prenatal Complete,Detroit,pn2_anthro,2026-06-26,Prenatal 2 Anthro,Prenatal,FALSE,TRUE,2026,6,June,2026-06-01,1,2026-10-08
global:QBF961-01-0 (244),QBF961-01-0 (244),4185P1,QBF961-01-0,244,4185P1,QBF961-01-0 (244),TRUE,FALSE,Prenatal Complete,Detroit,pn2_urine,2026-06-26,Prenatal 2 Urine,Prenatal,TRUE,TRUE,2026,6,June,2026-06-01,1,2026-10-08
global:QGY155-01-0 (871),QGY155-01-0 (871),4207P1,QGY155-01-0,871,4207P1,QGY155-01-0 (871),TRUE,FALSE,Detroit,Detroit,consent_date,2026-06-26,Enrollments,Milestone,FALSE,FALSE,2026,6,June,2026-06-01,1,2026-10-08
global:QGY155-01-0 (871),QGY155-01-0 (871),4207P1,QGY155-01-0,871,4207P1,QGY155-01-0 (871),TRUE,FALSE,Detroit,Detroit,pn1_anthro,2026-06-26,Prenatal 1 Anthro,Prenatal,FALSE,TRUE,2026,6,June,2026-06-01,1,2026-10-08
global:QGY155-01-0 (871),QGY155-01-0 (871),4207P1,QGY155-01-0,871,4207P1,QGY155-01-0 (871),TRUE,FALSE,Detroit,Detroit,pn1_blood,2026-06-26,Prenatal 1 Blood,Prenatal,TRUE,TRUE,2026,6,June,2026-06-01,1,2026-10-08
global:XFP756-01-0 (103),XFP756-01-0 (103),4182P1,XFP756-01-0,103,4182P1,XFP756-01-0 (103),TRUE,FALSE,Prenatal Complete,Detroit,pn2_anthro,2026-06-26,Prenatal 2 Anthro,Prenatal,FALSE,TRUE,2026,6,June,2026-06-01,1,2026-10-08
global:XFP756-01-0 (103),XFP756-01-0 (103),4182P1,XFP756-01-0,103,4182P1,XFP756-01-0 (103),TRUE,FALSE,Prenatal Complete,Detroit,pn2_blood,2026-06-26,Prenatal 2 Blood,Prenatal,TRUE,TRUE,2026,6,June,2026-06-01,1,2026-10-08
global:XFP756-01-0 (103),XFP756-01-0 (103),4182P1,XFP756-01-0,103,4182P1,XFP756-01-0 (103),TRUE,FALSE,Prenatal Complete,Detroit,pn2_urine,2026-06-26,Prenatal 2 Urine,Prenatal,TRUE,TRUE,2026,6,June,2026-06-01,1,2026-10-08
global:LZW769-01-0 (630),LZW769-01-0 (630),4832P1,LZW769-01-0,630,4832P1,LZW769-01-0 (630),TRUE,FALSE,Traverse City,Traverse City,consent_date,2026-06-26,Enrollments,Milestone,FALSE,FALSE,2026,6,June,2026-06-01,1,2026-10-08
global:LZW769-01-0 (630),LZW769-01-0 (630),4832P1,LZW769-01-0,630,4832P1,LZW769-01-0 (630),TRUE,FALSE,Traverse City,Traverse City,pn1_anthro,2026-06-26,Prenatal 1 Anthro,Prenatal,FALSE,TRUE,2026,6,June,2026-06-01,1,2026-10-08
global:LZW769-01-0 (630),LZW769-01-0 (630),4832P1,LZW769-01-0,630,4832P1,LZW769-01-0 (630),TRUE,FALSE,Traverse City,Traverse City,pn1_survey,2026-06-26,Prenatal 1 Survey,Prenatal,FALSE,TRUE,2026,6,June,2026-06-01,1,2026-10-08
custom:4792F1,NCY578-01-A (515),4792F1,,,NCY578-01-A (515),4792F1,FALSE,FALSE,0-5 Month Complete,Traverse City,child_stool,2026-06-26,Child Stool,0-5 Month,TRUE,FALSE,2026,6,June,2026-06-01,1,2026-10-08
custom:4792F1,NCY578-01-A (515),4792F1,,,NCY578-01-A (515),4792F1,FALSE,FALSE,0-5 Month Complete,Traverse City,child_urine,2026-06-26,Child Urine,0-5 Month,TRUE,FALSE,2026,6,June,2026-06-01,1,2026-10-08
custom:4792F1,NCY578-01-A (515),4792F1,,,NCY578-01-A (515),4792F1,FALSE,FALSE,0-5 Month Complete,Traverse City,mom_bs,2026-06-26,Maternal Bloodspot,0-5 Month,TRUE,FALSE,2026,6,June,2026-06-01,1,2026-10-08
custom:4792F1,NCY578-01-A (515),4792F1,,,NCY578-01-A (515),4792F1,FALSE,FALSE,0-5 Month Complete,Traverse City,mom_hair,2026-06-26,Maternal Hair,0-5 Month,TRUE,FALSE,2026,6,June,2026-06-01,1,2026-10-08
global:MLK253-01-0 (409),MLK253-01-0 (409),4503P1,MLK253-01-0,409,4503P1,MLK253-01-0 (409),TRUE,FALSE,Flint,Flint,pn2_anthro,2026-06-30,Prenatal 2 Anthro,Prenatal,FALSE,TRUE,2026,6,June,2026-06-01,1,2026-10-08
global:MLK253-01-0 (409),MLK253-01-0 (409),4503P1,MLK253-01-0,409,4503P1,MLK253-01-0 (409),TRUE,FALSE,Flint,Flint,pn2_blood,2026-06-30,Prenatal 2 Blood,Prenatal,TRUE,TRUE,2026,6,June,2026-06-01,1,2026-10-08
global:MLK253-01-0 (409),MLK253-01-0 (409),4503P1,MLK253-01-0,409,4503P1,MLK253-01-0 (409),TRUE,FALSE,Flint,Flint,pn2_urine,2026-06-30,Prenatal 2 Urine,Prenatal,TRUE,TRUE,2026,6,June,2026-06-01,1,2026-10-08
global:VVZ944-01-0 (762),VVZ944-01-0 (762),4507P1,VVZ944-01-0,762,4507P1,VVZ944-01-0 (762),TRUE,FALSE,Flint,Flint,child_dob,2026-06-30,Births,Milestone,FALSE,FALSE,2026,6,June,2026-06-01,1,2026-10-08
global:RZS580-02-0 (432),RZS580-02-0 (432),4814P1,RZS580-02-0,432,4814P1,RZS580-02-0 (432),TRUE,FALSE,Prenatal Complete,Traverse City,child_dob,2026-06-30,Births,Milestone,FALSE,FALSE,2026,6,June,2026-06-01,1,2026-10-08
global:MLT236-01-0 (739),MLT236-01-0 (739),4815P1,MLT236-01-0,739,4815P1,MLT236-01-0 (739),TRUE,FALSE,Traverse City,Traverse City,pn2_blood,2026-07-01,Prenatal 2 Blood,Prenatal,TRUE,TRUE,2026,7,July,2026-07-01,1,2026-10-08
global:MLT236-01-0 (739),MLT236-01-0 (739),4815P1,MLT236-01-0,739,4815P1,MLT236-01-0 (739),TRUE,FALSE,Traverse City,Traverse City,pn2_urine,2026-07-01,Prenatal 2 Urine,Prenatal,TRUE,TRUE,2026,7,July,2026-07-01,1,2026-10-08
global:BXJ770-02-0 (574),BXJ770-02-0 (574),4499P1,BXJ770-02-0,574,4499P1,BXJ770-02-0 (574),TRUE,FALSE,Flint,Flint,pn2_survey,2026-07-02,Prenatal 2 Survey,Prenatal,FALSE,TRUE,2026,7,July,2026-07-01,1,2026-10-08
global:JFL874-01-0 (442),JFL874-01-0 (442),4511P1,JFL874-01-0,442,4511P1,JFL874-01-0 (442),TRUE,FALSE,Flint,Flint,actigraphy,2026-07-02,Actigraphy,Prenatal,FALSE,TRUE,2026,7,July,2026-07-01,1,2026-10-08
global:MBF159-01-0 (179),MBF159-01-0 (179),4512P1,MBF159-01-0,179,4512P1,MBF159-01-0 (179),TRUE,FALSE,Flint,Flint,actigraphy,2026-07-02,Actigraphy,Prenatal,FALSE,TRUE,2026,7,July,2026-07-01,1,2026-10-08
global:MNZ485-01-0 (201),MNZ485-01-0 (201),4510P1,MNZ485-01-0,201,4510P1,MNZ485-01-0 (201),TRUE,FALSE,Flint,Flint,actigraphy,2026-07-02,Actigraphy,Prenatal,FALSE,TRUE,2026,7,July,2026-07-01,1,2026-10-08
global:NJJ950-01-0 (475),NJJ950-01-0 (475),4513P1,NJJ950-01-0,475,4513P1,NJJ950-01-0 (475),TRUE,FALSE,Flint,Flint,actigraphy,2026-07-02,Actigraphy,Prenatal,FALSE,TRUE,2026,7,July,2026-07-01,1,2026-10-08
global:SSF737-01-0 (904),SSF737-01-0 (904),4502P1,SSF737-01-0,904,4502P1,SSF737-01-0 (904),TRUE,FALSE,Flint,Flint,pn2_anthro,2026-07-02,Prenatal 2 Anthro,Prenatal,FALSE,TRUE,2026,7,July,2026-07-01,1,2026-10-08
global:LJS175-01-0 (673),LJS175-01-0 (673),4831P1,LJS175-01-0,673,4831P1,LJS175-01-0 (673),TRUE,FALSE,Traverse City,Traverse City,actigraphy,2026-07-02,Actigraphy,Prenatal,FALSE,TRUE,2026,7,July,2026-07-01,1,2026-10-08
global:GJP886-01-0 (706),GJP886-01-0 (706),4505P1,GJP886-01-0,706,4505P1,GJP886-01-0 (706),TRUE,FALSE,Flint,Flint,pn2_anthro,2026-07-03,Prenatal 2 Anthro,Prenatal,FALSE,TRUE,2026,7,July,2026-07-01,1,2026-10-08
global:GJP886-01-0 (706),GJP886-01-0 (706),4505P1,GJP886-01-0,706,4505P1,GJP886-01-0 (706),TRUE,FALSE,Flint,Flint,pn2_blood,2026-07-03,Prenatal 2 Blood,Prenatal,TRUE,TRUE,2026,7,July,2026-07-01,1,2026-10-08
global:GJP886-01-0 (706),GJP886-01-0 (706),4505P1,GJP886-01-0,706,4505P1,GJP886-01-0 (706),TRUE,FALSE,Flint,Flint,pn2_urine,2026-07-03,Prenatal 2 Urine,Prenatal,TRUE,TRUE,2026,7,July,2026-07-01,1,2026-10-08
global:KDW752-01-0 (607),KDW752-01-0 (607),4514P1,KDW752-01-0,607,4514P1,KDW752-01-0 (607),TRUE,FALSE,Flint,Flint,consent_date,2026-07-03,Enrollments,Milestone,FALSE,FALSE,2026,7,July,2026-07-01,1,2026-10-08
global:KDW752-01-0 (607),KDW752-01-0 (607),4514P1,KDW752-01-0,607,4514P1,KDW752-01-0 (607),TRUE,FALSE,Flint,Flint,pn1_anthro,2026-07-03,Prenatal 1 Anthro,Prenatal,FALSE,TRUE,2026,7,July,2026-07-01,1,2026-10-08
global:KDW752-01-0 (607),KDW752-01-0 (607),4514P1,KDW752-01-0,607,4514P1,KDW752-01-0 (607),TRUE,FALSE,Flint,Flint,pn1_blood,2026-07-03,Prenatal 1 Blood,Prenatal,TRUE,TRUE,2026,7,July,2026-07-01,1,2026-10-08
global:KDW752-01-0 (607),KDW752-01-0 (607),4514P1,KDW752-01-0,607,4514P1,KDW752-01-0 (607),TRUE,FALSE,Flint,Flint,pn1_survey,2026-07-03,Prenatal 1 Survey,Prenatal,FALSE,TRUE,2026,7,July,2026-07-01,1,2026-10-08
global:KDW752-01-0 (607),KDW752-01-0 (607),4514P1,KDW752-01-0,607,4514P1,KDW752-01-0 (607),TRUE,FALSE,Flint,Flint,pn1_urine,2026-07-03,Prenatal 1 Urine,Prenatal,TRUE,TRUE,2026,7,July,2026-07-01,1,2026-10-08
global:MLT236-01-0 (739),MLT236-01-0 (739),4815P1,MLT236-01-0,739,4815P1,MLT236-01-0 (739),TRUE,FALSE,Traverse City,Traverse City,pn2_survey,2026-07-06,Prenatal 2 Survey,Prenatal,FALSE,TRUE,2026,7,July,2026-07-01,1,2026-10-08
global:HGH542-01-0 (113),HGH542-01-0 (113),4184P1,HGH542-01-0,113,4184P1,HGH542-01-0 (113),TRUE,FALSE,Prenatal Complete,Detroit,child_dob,2026-07-07,Births,Milestone,FALSE,FALSE,2026,7,July,2026-07-01,1,2026-10-08
custom:4174F1,RZM693-01-A (944),4174F1,,,RZM693-01-A (944),4174F1,FALSE,FALSE,0-5 Month Detroit,Detroit,breast_milk,2026-07-07,Breast Milk,0-5 Month,TRUE,FALSE,2026,7,July,2026-07-01,1,2026-10-08
custom:4174F1,RZM693-01-A (944),4174F1,,,RZM693-01-A (944),4174F1,FALSE,FALSE,0-5 Month Detroit,Detroit,mom_bs,2026-07-07,Maternal Bloodspot,0-5 Month,TRUE,FALSE,2026,7,July,2026-07-01,1,2026-10-08
global:FMN570-01-0 (376),FMN570-01-0 (376),4834P1,FMN570-01-0,376,4834P1,FMN570-01-0 (376),TRUE,FALSE,Traverse City,Traverse City,consent_date,2026-07-07,Enrollments,Milestone,FALSE,FALSE,2026,7,July,2026-07-01,1,2026-10-08
global:FMN570-01-0 (376),FMN570-01-0 (376),4834P1,FMN570-01-0,376,4834P1,FMN570-01-0 (376),TRUE,FALSE,Traverse City,Traverse City,pn1_anthro,2026-07-07,Prenatal 1 Anthro,Prenatal,FALSE,TRUE,2026,7,July,2026-07-01,1,2026-10-08
global:FMN570-01-0 (376),FMN570-01-0 (376),4834P1,FMN570-01-0,376,4834P1,FMN570-01-0 (376),TRUE,FALSE,Traverse City,Traverse City,pn1_survey,2026-07-07,Prenatal 1 Survey,Prenatal,FALSE,TRUE,2026,7,July,2026-07-01,1,2026-10-08
global:MLT236-01-0 (739),MLT236-01-0 (739),4815P1,MLT236-01-0,739,4815P1,MLT236-01-0 (739),TRUE,FALSE,Traverse City,Traverse City,pn2_anthro,2026-07-07,Prenatal 2 Anthro,Prenatal,FALSE,TRUE,2026,7,July,2026-07-01,1,2026-10-08
global:SLP320-01-0 (607),SLP320-01-0 (607),4833P1,SLP320-01-0,607,4833P1,SLP320-01-0 (607),TRUE,FALSE,Traverse City,Traverse City,consent_date,2026-07-07,Enrollments,Milestone,FALSE,FALSE,2026,7,July,2026-07-01,1,2026-10-08
global:SLP320-01-0 (607),SLP320-01-0 (607),4833P1,SLP320-01-0,607,4833P1,SLP320-01-0 (607),TRUE,FALSE,Traverse City,Traverse City,pn1_anthro,2026-07-07,Prenatal 1 Anthro,Prenatal,FALSE,TRUE,2026,7,July,2026-07-01,1,2026-10-08
global:YQM393-01-0 (201),YQM393-01-0 (201),4835P1,YQM393-01-0,201,4835P1,YQM393-01-0 (201),TRUE,FALSE,Traverse City,Traverse City,consent_date,2026-07-07,Enrollments,Milestone,FALSE,FALSE,2026,7,July,2026-07-01,1,2026-10-08
global:YQM393-01-0 (201),YQM393-01-0 (201),4835P1,YQM393-01-0,201,4835P1,YQM393-01-0 (201),TRUE,FALSE,Traverse City,Traverse City,pn1_anthro,2026-07-07,Prenatal 1 Anthro,Prenatal,FALSE,TRUE,2026,7,July,2026-07-01,1,2026-10-08
global:YQM393-01-0 (201),YQM393-01-0 (201),4835P1,YQM393-01-0,201,4835P1,YQM393-01-0 (201),TRUE,FALSE,Traverse City,Traverse City,pn1_survey,2026-07-07,Prenatal 1 Survey,Prenatal,FALSE,TRUE,2026,7,July,2026-07-01,1,2026-10-08
global:MKV454-01-0 (838),MKV454-01-0 (838),4192P1,MKV454-01-0,838,4192P1,MKV454-01-0 (838),TRUE,FALSE,Detroit,Detroit,pn2_anthro,2026-07-08,Prenatal 2 Anthro,Prenatal,FALSE,TRUE,2026,7,July,2026-07-01,1,2026-10-08
global:MKV454-01-0 (838),MKV454-01-0 (838),4192P1,MKV454-01-0,838,4192P1,MKV454-01-0 (838),TRUE,FALSE,Detroit,Detroit,pn2_blood,2026-07-08,Prenatal 2 Blood,Prenatal,TRUE,TRUE,2026,7,July,2026-07-01,1,2026-10-08
global:MKV454-01-0 (838),MKV454-01-0 (838),4192P1,MKV454-01-0,838,4192P1,MKV454-01-0 (838),TRUE,FALSE,Detroit,Detroit,pn2_urine,2026-07-08,Prenatal 2 Urine,Prenatal,TRUE,TRUE,2026,7,July,2026-07-01,1,2026-10-08
global:DVY195-01-0 (169),DVY195-01-0 (169),4496P1,DVY195-01-0,169,4496P1,DVY195-01-0 (169),TRUE,FALSE,Flint,Flint,pn2_anthro,2026-07-08,Prenatal 2 Anthro,Prenatal,FALSE,TRUE,2026,7,July,2026-07-01,1,2026-10-08
global:DVY195-01-0 (169),DVY195-01-0 (169),4496P1,DVY195-01-0,169,4496P1,DVY195-01-0 (169),TRUE,FALSE,Flint,Flint,pn2_blood,2026-07-08,Prenatal 2 Blood,Prenatal,TRUE,TRUE,2026,7,July,2026-07-01,1,2026-10-08
global:DVY195-01-0 (169),DVY195-01-0 (169),4496P1,DVY195-01-0,169,4496P1,DVY195-01-0 (169),TRUE,FALSE,Flint,Flint,pn2_urine,2026-07-08,Prenatal 2 Urine,Prenatal,TRUE,TRUE,2026,7,July,2026-07-01,1,2026-10-08
global:RZY993-02-0 (894),RZY993-02-0 (894),4515P1,RZY993-02-0,894,4515P1,RZY993-02-0 (894),TRUE,FALSE,Flint,Flint,consent_date,2026-07-08,Enrollments,Milestone,FALSE,FALSE,2026,7,July,2026-07-01,1,2026-10-08
global:RZY993-02-0 (894),RZY993-02-0 (894),4515P1,RZY993-02-0,894,4515P1,RZY993-02-0 (894),TRUE,FALSE,Flint,Flint,pn1_anthro,2026-07-08,Prenatal 1 Anthro,Prenatal,FALSE,TRUE,2026,7,July,2026-07-01,1,2026-10-08
global:RZY993-02-0 (894),RZY993-02-0 (894),4515P1,RZY993-02-0,894,4515P1,RZY993-02-0 (894),TRUE,FALSE,Flint,Flint,pn1_blood,2026-07-08,Prenatal 1 Blood,Prenatal,TRUE,TRUE,2026,7,July,2026-07-01,1,2026-10-08
global:RZY993-02-0 (894),RZY993-02-0 (894),4515P1,RZY993-02-0,894,4515P1,RZY993-02-0 (894),TRUE,FALSE,Flint,Flint,pn1_survey,2026-07-08,Prenatal 1 Survey,Prenatal,FALSE,TRUE,2026,7,July,2026-07-01,1,2026-10-08
global:RZY993-02-0 (894),RZY993-02-0 (894),4515P1,RZY993-02-0,894,4515P1,RZY993-02-0 (894),TRUE,FALSE,Flint,Flint,pn1_urine,2026-07-08,Prenatal 1 Urine,Prenatal,TRUE,TRUE,2026,7,July,2026-07-01,1,2026-10-08
global:YHY072-01-0 (102),YHY072-01-0 (102),4206P1,YHY072-01-0,102,4206P1,YHY072-01-0 (102),TRUE,FALSE,Detroit,Detroit,pn1_urine,2026-07-09,Prenatal 1 Urine,Prenatal,TRUE,TRUE,2026,7,July,2026-07-01,1,2026-10-08
global:YHY072-01-0 (102),YHY072-01-0 (102),4206P1,YHY072-01-0,102,4206P1,YHY072-01-0 (102),TRUE,FALSE,Detroit,Detroit,water,2026-07-09,Water,Prenatal,TRUE,TRUE,2026,7,July,2026-07-01,1,2026-10-08
global:DRG448-01-0 (376),DRG448-01-0 (376),4498P1,DRG448-01-0,376,4498P1,DRG448-01-0 (376),TRUE,FALSE,Flint,Flint,pn2_anthro,2026-07-09,Prenatal 2 Anthro,Prenatal,FALSE,TRUE,2026,7,July,2026-07-01,1,2026-10-08
global:DRG448-01-0 (376),DRG448-01-0 (376),4498P1,DRG448-01-0,376,4498P1,DRG448-01-0 (376),TRUE,FALSE,Flint,Flint,pn2_blood,2026-07-09,Prenatal 2 Blood,Prenatal,TRUE,TRUE,2026,7,July,2026-07-01,1,2026-10-08
global:DRG448-01-0 (376),DRG448-01-0 (376),4498P1,DRG448-01-0,376,4498P1,DRG448-01-0 (376),TRUE,FALSE,Flint,Flint,pn2_urine,2026-07-09,Prenatal 2 Urine,Prenatal,TRUE,TRUE,2026,7,July,2026-07-01,1,2026-10-08
global:SLX595-01-0 (333),SLX595-01-0 (333),4813P1,SLX595-01-0,333,4813P1,SLX595-01-0 (333),TRUE,FALSE,Traverse City,Traverse City,pn2_blood,2026-07-09,Prenatal 2 Blood,Prenatal,TRUE,TRUE,2026,7,July,2026-07-01,1,2026-10-08
global:SLX595-01-0 (333),SLX595-01-0 (333),4813P1,SLX595-01-0,333,4813P1,SLX595-01-0 (333),TRUE,FALSE,Traverse City,Traverse City,pn2_urine,2026-07-09,Prenatal 2 Urine,Prenatal,TRUE,TRUE,2026,7,July,2026-07-01,1,2026-10-08
global:TRP148-01-0 (102),TRP148-01-0 (102),4208P1,TRP148-01-0,102,4208P1,TRP148-01-0 (102),TRUE,FALSE,Detroit,Detroit,consent_date,2026-07-10,Enrollments,Milestone,FALSE,FALSE,2026,7,July,2026-07-01,1,2026-10-08
global:TRP148-01-0 (102),TRP148-01-0 (102),4208P1,TRP148-01-0,102,4208P1,TRP148-01-0 (102),TRUE,FALSE,Detroit,Detroit,pn1_anthro,2026-07-10,Prenatal 1 Anthro,Prenatal,FALSE,TRUE,2026,7,July,2026-07-01,1,2026-10-08
global:TRP148-01-0 (102),TRP148-01-0 (102),4208P1,TRP148-01-0,102,4208P1,TRP148-01-0 (102),TRUE,FALSE,Detroit,Detroit,pn1_survey,2026-07-10,Prenatal 1 Survey,Prenatal,FALSE,TRUE,2026,7,July,2026-07-01,1,2026-10-08
global:TRP148-01-0 (102),TRP148-01-0 (102),4208P1,TRP148-01-0,102,4208P1,TRP148-01-0 (102),TRUE,FALSE,Detroit,Detroit,pn1_urine,2026-07-10,Prenatal 1 Urine,Prenatal,TRUE,TRUE,2026,7,July,2026-07-01,1,2026-10-08
custom:4807F1,HYM398-01-A (647),4807F1,,,HYM398-01-A (647),4807F1,FALSE,FALSE,0-5 Month Complete,Traverse City,breast_milk,2026-07-10,Breast Milk,0-5 Month,TRUE,FALSE,2026,7,July,2026-07-01,1,2026-10-08
custom:4807F1,HYM398-01-A (647),4807F1,,,HYM398-01-A (647),4807F1,FALSE,FALSE,0-5 Month Complete,Traverse City,child_stool,2026-07-10,Child Stool,0-5 Month,TRUE,FALSE,2026,7,July,2026-07-01,1,2026-10-08
custom:4807F1,HYM398-01-A (647),4807F1,,,HYM398-01-A (647),4807F1,FALSE,FALSE,0-5 Month Complete,Traverse City,child_urine,2026-07-10,Child Urine,0-5 Month,TRUE,FALSE,2026,7,July,2026-07-01,1,2026-10-08
custom:4807F1,HYM398-01-A (647),4807F1,,,HYM398-01-A (647),4807F1,FALSE,FALSE,0-5 Month Complete,Traverse City,mom_bs,2026-07-10,Maternal Bloodspot,0-5 Month,TRUE,FALSE,2026,7,July,2026-07-01,1,2026-10-08
custom:4807F1,HYM398-01-A (647),4807F1,,,HYM398-01-A (647),4807F1,FALSE,FALSE,0-5 Month Complete,Traverse City,mom_hair,2026-07-10,Maternal Hair,0-5 Month,TRUE,FALSE,2026,7,July,2026-07-01,1,2026-10-08
global:SLX595-01-0 (333),SLX595-01-0 (333),4813P1,SLX595-01-0,333,4813P1,SLX595-01-0 (333),TRUE,FALSE,Traverse City,Traverse City,pn2_survey,2026-07-10,Prenatal 2 Survey,Prenatal,FALSE,TRUE,2026,7,July,2026-07-01,1,2026-10-08
global:FFM260-02-0 (113),FFM260-02-0 (113),4209P2,FFM260-02-0,113,4209P2,FFM260-02-0 (113),TRUE,FALSE,Detroit,Detroit,consent_date,2026-07-14,Enrollments,Milestone,FALSE,FALSE,2026,7,July,2026-07-01,1,2026-10-08
global:FFM260-02-0 (113),FFM260-02-0 (113),4209P2,FFM260-02-0,113,4209P2,FFM260-02-0 (113),TRUE,FALSE,Detroit,Detroit,pn1_anthro,2026-07-14,Prenatal 1 Anthro,Prenatal,FALSE,TRUE,2026,7,July,2026-07-01,1,2026-10-08
global:FFM260-02-0 (113),FFM260-02-0 (113),4209P2,FFM260-02-0,113,4209P2,FFM260-02-0 (113),TRUE,FALSE,Detroit,Detroit,pn1_blood,2026-07-14,Prenatal 1 Blood,Prenatal,TRUE,TRUE,2026,7,July,2026-07-01,1,2026-10-08
global:FFM260-02-0 (113),FFM260-02-0 (113),4209P2,FFM260-02-0,113,4209P2,FFM260-02-0 (113),TRUE,FALSE,Detroit,Detroit,pn1_survey,2026-07-14,Prenatal 1 Survey,Prenatal,FALSE,TRUE,2026,7,July,2026-07-01,1,2026-10-08
global:FFM260-02-0 (113),FFM260-02-0 (113),4209P2,FFM260-02-0,113,4209P2,FFM260-02-0 (113),TRUE,FALSE,Detroit,Detroit,pn1_urine,2026-07-14,Prenatal 1 Urine,Prenatal,TRUE,TRUE,2026,7,July,2026-07-01,1,2026-10-08
global:BXJ770-02-0 (574),BXJ770-02-0 (574),4499P1,BXJ770-02-0,574,4499P1,BXJ770-02-0 (574),TRUE,FALSE,Flint,Flint,pn2_anthro,2026-07-14,Prenatal 2 Anthro,Prenatal,FALSE,TRUE,2026,7,July,2026-07-01,1,2026-10-08
global:BXJ770-02-0 (574),BXJ770-02-0 (574),4499P1,BXJ770-02-0,574,4499P1,BXJ770-02-0 (574),TRUE,FALSE,Flint,Flint,pn2_blood,2026-07-14,Prenatal 2 Blood,Prenatal,TRUE,TRUE,2026,7,July,2026-07-01,1,2026-10-08
global:BXJ770-02-0 (574),BXJ770-02-0 (574),4499P1,BXJ770-02-0,574,4499P1,BXJ770-02-0 (574),TRUE,FALSE,Flint,Flint,pn2_urine,2026-07-14,Prenatal 2 Urine,Prenatal,TRUE,TRUE,2026,7,July,2026-07-01,1,2026-10-08
global:LZW769-01-0 (630),LZW769-01-0 (630),4832P1,LZW769-01-0,630,4832P1,LZW769-01-0 (630),TRUE,FALSE,Traverse City,Traverse City,pn1_blood,2026-07-14,Prenatal 1 Blood,Prenatal,TRUE,TRUE,2026,7,July,2026-07-01,1,2026-10-08
global:LZW769-01-0 (630),LZW769-01-0 (630),4832P1,LZW769-01-0,630,4832P1,LZW769-01-0 (630),TRUE,FALSE,Traverse City,Traverse City,pn1_urine,2026-07-14,Prenatal 1 Urine,Prenatal,TRUE,TRUE,2026,7,July,2026-07-01,1,2026-10-08
custom:4793F1,SNM563-01-A (449),4793F1,,,SNM563-01-A (449),4793F1,FALSE,FALSE,0-5 Month Complete,Traverse City,child_stool,2026-07-14,Child Stool,0-5 Month,TRUE,FALSE,2026,7,July,2026-07-01,1,2026-10-08
custom:4793F1,SNM563-01-A (449),4793F1,,,SNM563-01-A (449),4793F1,FALSE,FALSE,0-5 Month Complete,Traverse City,child_urine,2026-07-14,Child Urine,0-5 Month,TRUE,FALSE,2026,7,July,2026-07-01,1,2026-10-08
custom:4793F1,SNM563-01-A (449),4793F1,,,SNM563-01-A (449),4793F1,FALSE,FALSE,0-5 Month Complete,Traverse City,mom_bs,2026-07-14,Maternal Bloodspot,0-5 Month,TRUE,FALSE,2026,7,July,2026-07-01,1,2026-10-08
custom:4793F1,SNM563-01-A (449),4793F1,,,SNM563-01-A (449),4793F1,FALSE,FALSE,0-5 Month Complete,Traverse City,mom_hair,2026-07-14,Maternal Hair,0-5 Month,TRUE,FALSE,2026,7,July,2026-07-01,1,2026-10-08
global:TKS011-01-0 (607),TKS011-01-0 (607),4501P1,TKS011-01-0,607,4501P1,TKS011-01-0 (607),TRUE,FALSE,Flint,Flint,pn2_anthro,2026-07-16,Prenatal 2 Anthro,Prenatal,FALSE,TRUE,2026,7,July,2026-07-01,1,2026-10-08
global:TKS011-01-0 (607),TKS011-01-0 (607),4501P1,TKS011-01-0,607,4501P1,TKS011-01-0 (607),TRUE,FALSE,Flint,Flint,pn2_blood,2026-07-16,Prenatal 2 Blood,Prenatal,TRUE,TRUE,2026,7,July,2026-07-01,1,2026-10-08
global:TKS011-01-0 (607),TKS011-01-0 (607),4501P1,TKS011-01-0,607,4501P1,TKS011-01-0 (607),TRUE,FALSE,Flint,Flint,pn2_urine,2026-07-16,Prenatal 2 Urine,Prenatal,TRUE,TRUE,2026,7,July,2026-07-01,1,2026-10-08
global:FMN570-01-0 (376),FMN570-01-0 (376),4834P1,FMN570-01-0,376,4834P1,FMN570-01-0 (376),TRUE,FALSE,Traverse City,Traverse City,pn1_blood,2026-07-16,Prenatal 1 Blood,Prenatal,TRUE,TRUE,2026,7,July,2026-07-01,1,2026-10-08
global:FMN570-01-0 (376),FMN570-01-0 (376),4834P1,FMN570-01-0,376,4834P1,FMN570-01-0 (376),TRUE,FALSE,Traverse City,Traverse City,pn1_urine,2026-07-16,Prenatal 1 Urine,Prenatal,TRUE,TRUE,2026,7,July,2026-07-01,1,2026-10-08
global:NQD377-01-0 (607),NQD377-01-0 (607),4811P1,NQD377-01-0,607,4811P1,NQD377-01-0 (607),TRUE,FALSE,Traverse City,Traverse City,pn2_blood,2026-07-16,Prenatal 2 Blood,Prenatal,TRUE,TRUE,2026,7,July,2026-07-01,1,2026-10-08
global:NQD377-01-0 (607),NQD377-01-0 (607),4811P1,NQD377-01-0,607,4811P1,NQD377-01-0 (607),TRUE,FALSE,Traverse City,Traverse City,pn2_urine,2026-07-16,Prenatal 2 Urine,Prenatal,TRUE,TRUE,2026,7,July,2026-07-01,1,2026-10-08
global:BPB474-02-0 (179),BPB474-02-0 (179),4211P2,BPB474-02-0,179,4211P2,BPB474-02-0 (179),TRUE,FALSE,Detroit,Detroit,consent_date,2026-07-17,Enrollments,Milestone,FALSE,FALSE,2026,7,July,2026-07-01,1,2026-10-08
global:BPB474-02-0 (179),BPB474-02-0 (179),4211P2,BPB474-02-0,179,4211P2,BPB474-02-0 (179),TRUE,FALSE,Detroit,Detroit,pn1_anthro,2026-07-17,Prenatal 1 Anthro,Prenatal,FALSE,TRUE,2026,7,July,2026-07-01,1,2026-10-08
global:BPB474-02-0 (179),BPB474-02-0 (179),4211P2,BPB474-02-0,179,4211P2,BPB474-02-0 (179),TRUE,FALSE,Detroit,Detroit,pn1_survey,2026-07-17,Prenatal 1 Survey,Prenatal,FALSE,TRUE,2026,7,July,2026-07-01,1,2026-10-08
global:CDX218-01-0 (277),CDX218-01-0 (277),4179P1,CDX218-01-0,277,4179P1,CDX218-01-0 (277),TRUE,FALSE,Prenatal Complete,Detroit,child_dob,2026-07-17,Births,Milestone,FALSE,FALSE,2026,7,July,2026-07-01,1,2026-10-08
global:LSH641-02-0 (574),LSH641-02-0 (574),4210P2,LSH641-02-0,574,4210P2,LSH641-02-0 (574),TRUE,FALSE,Detroit,Detroit,consent_date,2026-07-17,Enrollments,Milestone,FALSE,FALSE,2026,7,July,2026-07-01,1,2026-10-08
global:LSH641-02-0 (574),LSH641-02-0 (574),4210P2,LSH641-02-0,574,4210P2,LSH641-02-0 (574),TRUE,FALSE,Detroit,Detroit,pn1_anthro,2026-07-17,Prenatal 1 Anthro,Prenatal,FALSE,TRUE,2026,7,July,2026-07-01,1,2026-10-08
global:LSH641-02-0 (574),LSH641-02-0 (574),4210P2,LSH641-02-0,574,4210P2,LSH641-02-0 (574),TRUE,FALSE,Detroit,Detroit,pn1_urine,2026-07-17,Prenatal 1 Urine,Prenatal,TRUE,TRUE,2026,7,July,2026-07-01,1,2026-10-08
global:MZG636-01-0 (904),MZG636-01-0 (904),4191P1,MZG636-01-0,904,4191P1,MZG636-01-0 (904),TRUE,FALSE,Prenatal Complete,Detroit,pn2_blood,2026-07-17,Prenatal 2 Blood,Prenatal,TRUE,TRUE,2026,7,July,2026-07-01,1,2026-10-08
global:VXB964-01-0 (102),VXB964-01-0 (102),4203P1,VXB964-01-0,102,4203P1,VXB964-01-0 (102),TRUE,FALSE,Detroit,Detroit,pn1_blood,2026-07-17,Prenatal 1 Blood,Prenatal,TRUE,TRUE,2026,7,July,2026-07-01,1,2026-10-08
global:QZC678-01-0 (102),QZC678-01-0 (102),4186P1,QZC678-01-0,102,4186P1,QZC678-01-0 (102),TRUE,FALSE,Detroit,Detroit,pn2_anthro,2026-07-20,Prenatal 2 Anthro,Prenatal,FALSE,TRUE,2026,7,July,2026-07-01,1,2026-10-08
global:SGC378-01-0 (442),SGC378-01-0 (442),4205P1,SGC378-01-0,442,4205P1,SGC378-01-0 (442),TRUE,FALSE,Detroit,Detroit,actigraphy,2026-07-20,Actigraphy,Prenatal,FALSE,TRUE,2026,7,July,2026-07-01,1,2026-10-08
global:SGC378-01-0 (442),SGC378-01-0 (442),4205P1,SGC378-01-0,442,4205P1,SGC378-01-0 (442),TRUE,FALSE,Detroit,Detroit,pn1_survey,2026-07-20,Prenatal 1 Survey,Prenatal,FALSE,TRUE,2026,7,July,2026-07-01,1,2026-10-08
global:SGC378-01-0 (442),SGC378-01-0 (442),4205P1,SGC378-01-0,442,4205P1,SGC378-01-0 (442),TRUE,FALSE,Detroit,Detroit,water,2026-07-20,Water,Prenatal,TRUE,TRUE,2026,7,July,2026-07-01,1,2026-10-08
global:LZW769-01-0 (630),LZW769-01-0 (630),4832P1,LZW769-01-0,630,4832P1,LZW769-01-0 (630),TRUE,FALSE,Traverse City,Traverse City,actigraphy,2026-07-20,Actigraphy,Prenatal,FALSE,TRUE,2026,7,July,2026-07-01,1,2026-10-08
global:YQM393-01-0 (201),YQM393-01-0 (201),4835P1,YQM393-01-0,201,4835P1,YQM393-01-0 (201),TRUE,FALSE,Traverse City,Traverse City,pn1_blood,2026-07-20,Prenatal 1 Blood,Prenatal,TRUE,TRUE,2026,7,July,2026-07-01,1,2026-10-08
global:YQM393-01-0 (201),YQM393-01-0 (201),4835P1,YQM393-01-0,201,4835P1,YQM393-01-0 (201),TRUE,FALSE,Traverse City,Traverse City,pn1_urine,2026-07-20,Prenatal 1 Urine,Prenatal,TRUE,TRUE,2026,7,July,2026-07-01,1,2026-10-08
global:BCB299-01-0 (782),BCB299-01-0 (782),4818P1,BCB299-01-0,782,4818P1,BCB299-01-0 (782),TRUE,FALSE,Traverse City,Traverse City,pn2_survey,2026-07-21,Prenatal 2 Survey,Prenatal,FALSE,TRUE,2026,7,July,2026-07-01,1,2026-10-08
global:DLW694-01-0 (805),DLW694-01-0 (805),4823P1,DLW694-01-0,805,4823P1,DLW694-01-0 (805),TRUE,FALSE,Traverse City,Traverse City,pn2_survey,2026-07-21,Prenatal 2 Survey,Prenatal,FALSE,TRUE,2026,7,July,2026-07-01,1,2026-10-08
global:TFG529-01-0 (508),TFG529-01-0 (508),4837P1,TFG529-01-0,508,4837P1,TFG529-01-0 (508),TRUE,FALSE,Traverse City,Traverse City,consent_date,2026-07-21,Enrollments,Milestone,FALSE,FALSE,2026,7,July,2026-07-01,1,2026-10-08
global:TFG529-01-0 (508),TFG529-01-0 (508),4837P1,TFG529-01-0,508,4837P1,TFG529-01-0 (508),TRUE,FALSE,Traverse City,Traverse City,pn1_anthro,2026-07-21,Prenatal 1 Anthro,Prenatal,FALSE,TRUE,2026,7,July,2026-07-01,1,2026-10-08
global:TFG529-01-0 (508),TFG529-01-0 (508),4837P1,TFG529-01-0,508,4837P1,TFG529-01-0 (508),TRUE,FALSE,Traverse City,Traverse City,pn1_survey,2026-07-21,Prenatal 1 Survey,Prenatal,FALSE,TRUE,2026,7,July,2026-07-01,1,2026-10-08
global:THG098-01-0 (607),THG098-01-0 (607),4836P1,THG098-01-0,607,4836P1,THG098-01-0 (607),TRUE,FALSE,Traverse City,Traverse City,consent_date,2026-07-21,Enrollments,Milestone,FALSE,FALSE,2026,7,July,2026-07-01,1,2026-10-08
global:THG098-01-0 (607),THG098-01-0 (607),4836P1,THG098-01-0,607,4836P1,THG098-01-0 (607),TRUE,FALSE,Traverse City,Traverse City,pn1_anthro,2026-07-21,Prenatal 1 Anthro,Prenatal,FALSE,TRUE,2026,7,July,2026-07-01,1,2026-10-08
global:THG098-01-0 (607),THG098-01-0 (607),4836P1,THG098-01-0,607,4836P1,THG098-01-0 (607),TRUE,FALSE,Traverse City,Traverse City,pn1_survey,2026-07-21,Prenatal 1 Survey,Prenatal,FALSE,TRUE,2026,7,July,2026-07-01,1,2026-10-08
global:LYQ080-01-0 (937),LYQ080-01-0 (937),4212P1,LYQ080-01-0,937,4212P1,LYQ080-01-0 (937),TRUE,FALSE,Detroit,Detroit,consent_date,2026-07-22,Enrollments,Milestone,FALSE,FALSE,2026,7,July,2026-07-01,1,2026-10-08
global:LYQ080-01-0 (937),LYQ080-01-0 (937),4212P1,LYQ080-01-0,937,4212P1,LYQ080-01-0 (937),TRUE,FALSE,Detroit,Detroit,pn1_anthro,2026-07-22,Prenatal 1 Anthro,Prenatal,FALSE,TRUE,2026,7,July,2026-07-01,1,2026-10-08
global:LYQ080-01-0 (937),LYQ080-01-0 (937),4212P1,LYQ080-01-0,937,4212P1,LYQ080-01-0 (937),TRUE,FALSE,Detroit,Detroit,pn1_blood,2026-07-22,Prenatal 1 Blood,Prenatal,TRUE,TRUE,2026,7,July,2026-07-01,1,2026-10-08
global:LYQ080-01-0 (937),LYQ080-01-0 (937),4212P1,LYQ080-01-0,937,4212P1,LYQ080-01-0 (937),TRUE,FALSE,Detroit,Detroit,pn1_survey,2026-07-22,Prenatal 1 Survey,Prenatal,FALSE,TRUE,2026,7,July,2026-07-01,1,2026-10-08
global:LYQ080-01-0 (937),LYQ080-01-0 (937),4212P1,LYQ080-01-0,937,4212P1,LYQ080-01-0 (937),TRUE,FALSE,Detroit,Detroit,pn1_urine,2026-07-22,Prenatal 1 Urine,Prenatal,TRUE,TRUE,2026,7,July,2026-07-01,1,2026-10-08
global:YHY072-01-0 (102),YHY072-01-0 (102),4206P1,YHY072-01-0,102,4206P1,YHY072-01-0 (102),TRUE,FALSE,Detroit,Detroit,actigraphy,2026-07-22,Actigraphy,Prenatal,FALSE,TRUE,2026,7,July,2026-07-01,1,2026-10-08
global:BCB299-01-0 (782),BCB299-01-0 (782),4818P1,BCB299-01-0,782,4818P1,BCB299-01-0 (782),TRUE,FALSE,Traverse City,Traverse City,pn2_anthro,2026-07-22,Prenatal 2 Anthro,Prenatal,FALSE,TRUE,2026,7,July,2026-07-01,1,2026-10-08
global:BCB299-01-0 (782),BCB299-01-0 (782),4818P1,BCB299-01-0,782,4818P1,BCB299-01-0 (782),TRUE,FALSE,Traverse City,Traverse City,pn2_blood,2026-07-22,Prenatal 2 Blood,Prenatal,TRUE,TRUE,2026,7,July,2026-07-01,1,2026-10-08
global:BCB299-01-0 (782),BCB299-01-0 (782),4818P1,BCB299-01-0,782,4818P1,BCB299-01-0 (782),TRUE,FALSE,Traverse City,Traverse City,pn2_urine,2026-07-22,Prenatal 2 Urine,Prenatal,TRUE,TRUE,2026,7,July,2026-07-01,1,2026-10-08
global:BCB299-01-0 (782),BCB299-01-0 (782),4818P1,BCB299-01-0,782,4818P1,BCB299-01-0 (782),TRUE,FALSE,Traverse City,Traverse City,water,2026-07-22,Water,Prenatal,TRUE,TRUE,2026,7,July,2026-07-01,1,2026-10-08
global:FMN570-01-0 (376),FMN570-01-0 (376),4834P1,FMN570-01-0,376,4834P1,FMN570-01-0 (376),TRUE,FALSE,Traverse City,Traverse City,actigraphy,2026-07-23,Actigraphy,Prenatal,FALSE,TRUE,2026,7,July,2026-07-01,1,2026-10-08
global:SLP320-01-0 (607),SLP320-01-0 (607),4833P1,SLP320-01-0,607,4833P1,SLP320-01-0 (607),TRUE,FALSE,Traverse City,Traverse City,actigraphy,2026-07-23,Actigraphy,Prenatal,FALSE,TRUE,2026,7,July,2026-07-01,1,2026-10-08
global:SLP320-01-0 (607),SLP320-01-0 (607),4833P1,SLP320-01-0,607,4833P1,SLP320-01-0 (607),TRUE,FALSE,Traverse City,Traverse City,pn1_survey,2026-07-23,Prenatal 1 Survey,Prenatal,FALSE,TRUE,2026,7,July,2026-07-01,1,2026-10-08
global:TFG529-01-0 (508),TFG529-01-0 (508),4837P1,TFG529-01-0,508,4837P1,TFG529-01-0 (508),TRUE,FALSE,Traverse City,Traverse City,pn1_blood,2026-07-23,Prenatal 1 Blood,Prenatal,TRUE,TRUE,2026,7,July,2026-07-01,1,2026-10-08
global:TFG529-01-0 (508),TFG529-01-0 (508),4837P1,TFG529-01-0,508,4837P1,TFG529-01-0 (508),TRUE,FALSE,Traverse City,Traverse City,pn1_urine,2026-07-23,Prenatal 1 Urine,Prenatal,TRUE,TRUE,2026,7,July,2026-07-01,1,2026-10-08
global:JTJ199-01-0 (838),JTJ199-01-0 (838),4183P1,JTJ199-01-0,838,4183P1,JTJ199-01-0 (838),TRUE,FALSE,Prenatal Complete,Detroit,child_dob,2026-07-24,Births,Milestone,FALSE,FALSE,2026,7,July,2026-07-01,1,2026-10-08
global:QQW065-01-0 (135),QQW065-01-0 (135),4197P1,QQW065-01-0,135,4197P1,QQW065-01-0 (135),TRUE,FALSE,Detroit,Detroit,pn2_survey,2026-07-24,Prenatal 2 Survey,Prenatal,FALSE,TRUE,2026,7,July,2026-07-01,1,2026-10-08
global:QQW065-01-0 (135),QQW065-01-0 (135),4197P1,QQW065-01-0,135,4197P1,QQW065-01-0 (135),TRUE,FALSE,Detroit,Detroit,water,2026-07-24,Water,Prenatal,TRUE,TRUE,2026,7,July,2026-07-01,1,2026-10-08
global:RZY993-02-0 (894),RZY993-02-0 (894),4515P1,RZY993-02-0,894,4515P1,RZY993-02-0 (894),TRUE,FALSE,Flint,Flint,actigraphy,2026-07-24,Actigraphy,Prenatal,FALSE,TRUE,2026,7,July,2026-07-01,1,2026-10-08
global:SSF737-01-0 (904),SSF737-01-0 (904),4502P1,SSF737-01-0,904,4502P1,SSF737-01-0 (904),TRUE,FALSE,Flint,Flint,child_dob,2026-07-24,Births,Milestone,FALSE,FALSE,2026,7,July,2026-07-01,1,2026-10-08
global:DLW694-01-0 (805),DLW694-01-0 (805),4823P1,DLW694-01-0,805,4823P1,DLW694-01-0 (805),TRUE,FALSE,Traverse City,Traverse City,pn2_anthro,2026-07-27,Prenatal 2 Anthro,Prenatal,FALSE,TRUE,2026,7,July,2026-07-01,1,2026-10-08
global:DLW694-01-0 (805),DLW694-01-0 (805),4823P1,DLW694-01-0,805,4823P1,DLW694-01-0 (805),TRUE,FALSE,Traverse City,Traverse City,water,2026-07-27,Water,Prenatal,TRUE,TRUE,2026,7,July,2026-07-01,1,2026-10-08
global:PQD023-01-0 (277),PQD023-01-0 (277),4826P1,PQD023-01-0,277,4826P1,PQD023-01-0 (277),TRUE,FALSE,Traverse City,Traverse City,water,2026-07-27,Water,Prenatal,TRUE,TRUE,2026,7,July,2026-07-01,1,2026-10-08
global:XWT051-01-0 (300),XWT051-01-0 (300),4816P1,XWT051-01-0,300,4816P1,XWT051-01-0 (300),TRUE,FALSE,Traverse City,Traverse City,pn2_survey,2026-07-27,Prenatal 2 Survey,Prenatal,FALSE,TRUE,2026,7,July,2026-07-01,1,2026-10-08
global:CWB510-01-0 (113),CWB510-01-0 (113),4817P1,CWB510-01-0,113,4817P1,CWB510-01-0 (113),TRUE,FALSE,Traverse City,Traverse City,pn2_anthro,2026-07-28,Prenatal 2 Anthro,Prenatal,FALSE,TRUE,2026,7,July,2026-07-01,1,2026-10-08
global:CWB510-01-0 (113),CWB510-01-0 (113),4817P1,CWB510-01-0,113,4817P1,CWB510-01-0 (113),TRUE,FALSE,Traverse City,Traverse City,pn2_blood,2026-07-28,Prenatal 2 Blood,Prenatal,TRUE,TRUE,2026,7,July,2026-07-01,1,2026-10-08
global:CWB510-01-0 (113),CWB510-01-0 (113),4817P1,CWB510-01-0,113,4817P1,CWB510-01-0 (113),TRUE,FALSE,Traverse City,Traverse City,pn2_survey,2026-07-28,Prenatal 2 Survey,Prenatal,FALSE,TRUE,2026,7,July,2026-07-01,1,2026-10-08
global:CWB510-01-0 (113),CWB510-01-0 (113),4817P1,CWB510-01-0,113,4817P1,CWB510-01-0 (113),TRUE,FALSE,Traverse City,Traverse City,pn2_urine,2026-07-28,Prenatal 2 Urine,Prenatal,TRUE,TRUE,2026,7,July,2026-07-01,1,2026-10-08
global:DLW694-01-0 (805),DLW694-01-0 (805),4823P1,DLW694-01-0,805,4823P1,DLW694-01-0 (805),TRUE,FALSE,Traverse City,Traverse City,pn2_blood,2026-07-28,Prenatal 2 Blood,Prenatal,TRUE,TRUE,2026,7,July,2026-07-01,1,2026-10-08
global:DLW694-01-0 (805),DLW694-01-0 (805),4823P1,DLW694-01-0,805,4823P1,DLW694-01-0 (805),TRUE,FALSE,Traverse City,Traverse City,pn2_urine,2026-07-28,Prenatal 2 Urine,Prenatal,TRUE,TRUE,2026,7,July,2026-07-01,1,2026-10-08
global:YQM393-01-0 (201),YQM393-01-0 (201),4835P1,YQM393-01-0,201,4835P1,YQM393-01-0 (201),TRUE,FALSE,Traverse City,Traverse City,actigraphy,2026-07-28,Actigraphy,Prenatal,FALSE,TRUE,2026,7,July,2026-07-01,1,2026-10-08
global:ZYG995-01-0 (564),ZYG995-01-0 (564),4829P1,ZYG995-01-0,564,4829P1,ZYG995-01-0 (564),TRUE,FALSE,Traverse City,Traverse City,pn2_survey,2026-07-28,Prenatal 2 Survey,Prenatal,FALSE,TRUE,2026,7,July,2026-07-01,1,2026-10-08
global:LYY167-01-0 (399),LYY167-01-0 (399),4828P1,LYY167-01-0,399,4828P1,LYY167-01-0 (399),TRUE,FALSE,Traverse City,Traverse City,pn2_survey,2026-07-29,Prenatal 2 Survey,Prenatal,FALSE,TRUE,2026,7,July,2026-07-01,1,2026-10-08
global:FFM260-02-0 (113),FFM260-02-0 (113),4209P2,FFM260-02-0,113,4209P2,FFM260-02-0 (113),TRUE,FALSE,Detroit,Detroit,actigraphy,2026-07-30,Actigraphy,Prenatal,FALSE,TRUE,2026,7,July,2026-07-01,1,2026-10-08
global:MLK253-01-0 (409),MLK253-01-0 (409),4503P1,MLK253-01-0,409,4503P1,MLK253-01-0 (409),TRUE,FALSE,Flint,Flint,child_dob,2026-07-30,Births,Milestone,FALSE,FALSE,2026,7,July,2026-07-01,1,2026-10-08
global:XWT051-01-0 (300),XWT051-01-0 (300),4816P1,XWT051-01-0,300,4816P1,XWT051-01-0 (300),TRUE,FALSE,Traverse City,Traverse City,pn2_anthro,2026-07-30,Prenatal 2 Anthro,Prenatal,FALSE,TRUE,2026,7,July,2026-07-01,1,2026-10-08
global:XWT051-01-0 (300),XWT051-01-0 (300),4816P1,XWT051-01-0,300,4816P1,XWT051-01-0 (300),TRUE,FALSE,Traverse City,Traverse City,pn2_blood,2026-07-30,Prenatal 2 Blood,Prenatal,TRUE,TRUE,2026,7,July,2026-07-01,1,2026-10-08
global:XWT051-01-0 (300),XWT051-01-0 (300),4816P1,XWT051-01-0,300,4816P1,XWT051-01-0 (300),TRUE,FALSE,Traverse City,Traverse City,pn2_urine,2026-07-30,Prenatal 2 Urine,Prenatal,TRUE,TRUE,2026,7,July,2026-07-01,1,2026-10-08
global:XWT051-01-0 (300),XWT051-01-0 (300),4816P1,XWT051-01-0,300,4816P1,XWT051-01-0 (300),TRUE,FALSE,Traverse City,Traverse City,water,2026-07-30,Water,Prenatal,TRUE,TRUE,2026,7,July,2026-07-01,1,2026-10-08
global:ZWP028-01-0 (366),ZWP028-01-0 (366),4822P1,ZWP028-01-0,366,4822P1,ZWP028-01-0 (366),TRUE,FALSE,Traverse City,Traverse City,pn2_anthro,2026-07-30,Prenatal 2 Anthro,Prenatal,FALSE,TRUE,2026,7,July,2026-07-01,1,2026-10-08
global:ZWP028-01-0 (366),ZWP028-01-0 (366),4822P1,ZWP028-01-0,366,4822P1,ZWP028-01-0 (366),TRUE,FALSE,Traverse City,Traverse City,pn2_blood,2026-07-30,Prenatal 2 Blood,Prenatal,TRUE,TRUE,2026,7,July,2026-07-01,1,2026-10-08
global:ZWP028-01-0 (366),ZWP028-01-0 (366),4822P1,ZWP028-01-0,366,4822P1,ZWP028-01-0 (366),TRUE,FALSE,Traverse City,Traverse City,pn2_urine,2026-07-30,Prenatal 2 Urine,Prenatal,TRUE,TRUE,2026,7,July,2026-07-01,1,2026-10-08
global:ZWP028-01-0 (366),ZWP028-01-0 (366),4822P1,ZWP028-01-0,366,4822P1,ZWP028-01-0 (366),TRUE,FALSE,Traverse City,Traverse City,water,2026-07-30,Water,Prenatal,TRUE,TRUE,2026,7,July,2026-07-01,1,2026-10-08
global:ZYG995-01-0 (564),ZYG995-01-0 (564),4829P1,ZYG995-01-0,564,4829P1,ZYG995-01-0 (564),TRUE,FALSE,Traverse City,Traverse City,pn2_anthro,2026-07-30,Prenatal 2 Anthro,Prenatal,FALSE,TRUE,2026,7,July,2026-07-01,1,2026-10-08
global:ZYG995-01-0 (564),ZYG995-01-0 (564),4829P1,ZYG995-01-0,564,4829P1,ZYG995-01-0 (564),TRUE,FALSE,Traverse City,Traverse City,water,2026-07-30,Water,Prenatal,TRUE,TRUE,2026,7,July,2026-07-01,1,2026-10-08
global:BWX346-01-0 (937),BWX346-01-0 (937),4187P1,BWX346-01-0,937,4187P1,BWX346-01-0 (937),TRUE,FALSE,Prenatal Complete,Detroit,child_dob,2026-07-31,Births,Milestone,FALSE,FALSE,2026,7,July,2026-07-01,1,2026-10-08
global:BXJ770-02-0 (574),BXJ770-02-0 (574),4499P1,BXJ770-02-0,574,4499P1,BXJ770-02-0 (574),TRUE,FALSE,Flint,Flint,child_dob,2026-07-31,Births,Milestone,FALSE,FALSE,2026,7,July,2026-07-01,1,2026-10-08
global:JCX999-02-0 (136),JCX999-02-0 (136),4516P1,JCX999-02-0,136,4516P1,JCX999-02-0 (136),TRUE,FALSE,Flint,Flint,consent_date,2026-07-31,Enrollments,Milestone,FALSE,FALSE,2026,7,July,2026-07-01,1,2026-10-08
global:JCX999-02-0 (136),JCX999-02-0 (136),4516P1,JCX999-02-0,136,4516P1,JCX999-02-0 (136),TRUE,FALSE,Flint,Flint,pn1_anthro,2026-07-31,Prenatal 1 Anthro,Prenatal,FALSE,TRUE,2026,7,July,2026-07-01,1,2026-10-08
global:JCX999-02-0 (136),JCX999-02-0 (136),4516P1,JCX999-02-0,136,4516P1,JCX999-02-0 (136),TRUE,FALSE,Flint,Flint,pn1_blood,2026-07-31,Prenatal 1 Blood,Prenatal,TRUE,TRUE,2026,7,July,2026-07-01,1,2026-10-08
global:JCX999-02-0 (136),JCX999-02-0 (136),4516P1,JCX999-02-0,136,4516P1,JCX999-02-0 (136),TRUE,FALSE,Flint,Flint,pn1_survey,2026-07-31,Prenatal 1 Survey,Prenatal,FALSE,TRUE,2026,7,July,2026-07-01,1,2026-10-08
global:JCX999-02-0 (136),JCX999-02-0 (136),4516P1,JCX999-02-0,136,4516P1,JCX999-02-0 (136),TRUE,FALSE,Flint,Flint,pn1_urine,2026-07-31,Prenatal 1 Urine,Prenatal,TRUE,TRUE,2026,7,July,2026-07-01,1,2026-10-08
global:TWW182-01-0 (432),TWW182-01-0 (432),4517P1,TWW182-01-0,432,4517P1,TWW182-01-0 (432),TRUE,FALSE,Flint,Flint,consent_date,2026-07-31,Enrollments,Milestone,FALSE,FALSE,2026,7,July,2026-07-01,1,2026-10-08
global:TWW182-01-0 (432),TWW182-01-0 (432),4517P1,TWW182-01-0,432,4517P1,TWW182-01-0 (432),TRUE,FALSE,Flint,Flint,pn1_anthro,2026-07-31,Prenatal 1 Anthro,Prenatal,FALSE,TRUE,2026,7,July,2026-07-01,1,2026-10-08
global:TWW182-01-0 (432),TWW182-01-0 (432),4517P1,TWW182-01-0,432,4517P1,TWW182-01-0 (432),TRUE,FALSE,Flint,Flint,pn1_blood,2026-07-31,Prenatal 1 Blood,Prenatal,TRUE,TRUE,2026,7,July,2026-07-01,1,2026-10-08
global:TWW182-01-0 (432),TWW182-01-0 (432),4517P1,TWW182-01-0,432,4517P1,TWW182-01-0 (432),TRUE,FALSE,Flint,Flint,pn1_survey,2026-07-31,Prenatal 1 Survey,Prenatal,FALSE,TRUE,2026,7,July,2026-07-01,1,2026-10-08
global:TWW182-01-0 (432),TWW182-01-0 (432),4517P1,TWW182-01-0,432,4517P1,TWW182-01-0 (432),TRUE,FALSE,Flint,Flint,pn1_urine,2026-07-31,Prenatal 1 Urine,Prenatal,TRUE,TRUE,2026,7,July,2026-07-01,1,2026-10-08
global:YHW727-01-0 (267),YHW727-01-0 (267),4504P1,YHW727-01-0,267,4504P1,YHW727-01-0 (267),TRUE,FALSE,Flint,Flint,pn2_survey,2026-07-31,Prenatal 2 Survey,Prenatal,FALSE,TRUE,2026,7,July,2026-07-01,1,2026-10-08
global:NJK720-01-0 (343),NJK720-01-0 (343),4819P1,NJK720-01-0,343,4819P1,NJK720-01-0 (343),TRUE,FALSE,Traverse City,Traverse City,pn2_anthro,2026-07-31,Prenatal 2 Anthro,Prenatal,FALSE,TRUE,2026,7,July,2026-07-01,1,2026-10-08
global:NJK720-01-0 (343),NJK720-01-0 (343),4819P1,NJK720-01-0,343,4819P1,NJK720-01-0 (343),TRUE,FALSE,Traverse City,Traverse City,pn2_blood,2026-07-31,Prenatal 2 Blood,Prenatal,TRUE,TRUE,2026,7,July,2026-07-01,1,2026-10-08
global:NJK720-01-0 (343),NJK720-01-0 (343),4819P1,NJK720-01-0,343,4819P1,NJK720-01-0 (343),TRUE,FALSE,Traverse City,Traverse City,pn2_survey,2026-07-31,Prenatal 2 Survey,Prenatal,FALSE,TRUE,2026,7,July,2026-07-01,1,2026-10-08
global:NJK720-01-0 (343),NJK720-01-0 (343),4819P1,NJK720-01-0,343,4819P1,NJK720-01-0 (343),TRUE,FALSE,Traverse City,Traverse City,pn2_urine,2026-07-31,Prenatal 2 Urine,Prenatal,TRUE,TRUE,2026,7,July,2026-07-01,1,2026-10-08
global:NJK720-01-0 (343),NJK720-01-0 (343),4819P1,NJK720-01-0,343,4819P1,NJK720-01-0 (343),TRUE,FALSE,Traverse City,Traverse City,water,2026-07-31,Water,Prenatal,TRUE,TRUE,2026,7,July,2026-07-01,1,2026-10-08
global:SLX595-01-0 (333),SLX595-01-0 (333),4813P1,SLX595-01-0,333,4813P1,SLX595-01-0 (333),TRUE,FALSE,Traverse City,Traverse City,pn2_anthro,2026-07-31,Prenatal 2 Anthro,Prenatal,FALSE,TRUE,2026,7,July,2026-07-01,1,2026-10-08
global:YMF346-02-0 (805),YMF346-02-0 (805),4812P1,YMF346-02-0,805,4812P1,YMF346-02-0 (805),TRUE,FALSE,Prenatal Complete,Traverse City,pn2_anthro,2026-07-31,Prenatal 2 Anthro,Prenatal,FALSE,TRUE,2026,7,July,2026-07-01,1,2026-10-08
global:YMF346-02-0 (805),YMF346-02-0 (805),4812P1,YMF346-02-0,805,4812P1,YMF346-02-0 (805),TRUE,FALSE,Prenatal Complete,Traverse City,pn2_blood,2026-07-31,Prenatal 2 Blood,Prenatal,TRUE,TRUE,2026,7,July,2026-07-01,1,2026-10-08
global:YMF346-02-0 (805),YMF346-02-0 (805),4812P1,YMF346-02-0,805,4812P1,YMF346-02-0 (805),TRUE,FALSE,Prenatal Complete,Traverse City,pn2_urine,2026-07-31,Prenatal 2 Urine,Prenatal,TRUE,TRUE,2026,7,July,2026-07-01,1,2026-10-08
global:YQX985-01-0 (795),YQX985-01-0 (795),4821P1,YQX985-01-0,795,4821P1,YQX985-01-0 (795),TRUE,FALSE,Prenatal Complete,Traverse City,pn2_survey,2026-07-31,Prenatal 2 Survey,Prenatal,FALSE,TRUE,2026,7,July,2026-07-01,1,2026-10-08
global:ZWP028-01-0 (366),ZWP028-01-0 (366),4822P1,ZWP028-01-0,366,4822P1,ZWP028-01-0 (366),TRUE,FALSE,Traverse City,Traverse City,pn2_survey,2026-07-31,Prenatal 2 Survey,Prenatal,FALSE,TRUE,2026,7,July,2026-07-01,1,2026-10-08
global:KRW246-01-0 (103),KRW246-01-0 (103),4827P1,KRW246-01-0,103,4827P1,KRW246-01-0 (103),TRUE,FALSE,Traverse City,Traverse City,pn2_survey,2026-08-01,Prenatal 2 Survey,Prenatal,FALSE,TRUE,2026,8,August,2026-08-01,1,2026-10-08
global:PQD023-01-0 (277),PQD023-01-0 (277),4826P1,PQD023-01-0,277,4826P1,PQD023-01-0 (277),TRUE,FALSE,Traverse City,Traverse City,pn2_survey,2026-08-01,Prenatal 2 Survey,Prenatal,FALSE,TRUE,2026,8,August,2026-08-01,1,2026-10-08
global:BPB474-02-0 (179),BPB474-02-0 (179),4211P2,BPB474-02-0,179,4211P2,BPB474-02-0 (179),TRUE,FALSE,Detroit,Detroit,actigraphy,2026-08-02,Actigraphy,Prenatal,FALSE,TRUE,2026,8,August,2026-08-01,1,2026-10-08
global:QZC678-01-0 (102),QZC678-01-0 (102),4186P1,QZC678-01-0,102,4186P1,QZC678-01-0 (102),TRUE,FALSE,Detroit,Detroit,pn2_blood,2026-08-03,Prenatal 2 Blood,Prenatal,TRUE,TRUE,2026,8,August,2026-08-01,1,2026-10-08
global:QZC678-01-0 (102),QZC678-01-0 (102),4186P1,QZC678-01-0,102,4186P1,QZC678-01-0 (102),TRUE,FALSE,Detroit,Detroit,pn2_urine,2026-08-03,Prenatal 2 Urine,Prenatal,TRUE,TRUE,2026,8,August,2026-08-01,1,2026-10-08
global:VPB978-01-0 (103),VPB978-01-0 (103),4518P1,VPB978-01-0,103,4518P1,VPB978-01-0 (103),TRUE,FALSE,Flint,Flint,consent_date,2026-08-03,Enrollments,Milestone,FALSE,FALSE,2026,8,August,2026-08-01,1,2026-10-08
global:VPB978-01-0 (103),VPB978-01-0 (103),4518P1,VPB978-01-0,103,4518P1,VPB978-01-0 (103),TRUE,FALSE,Flint,Flint,pn1_anthro,2026-08-03,Prenatal 1 Anthro,Prenatal,FALSE,TRUE,2026,8,August,2026-08-01,1,2026-10-08
global:VPB978-01-0 (103),VPB978-01-0 (103),4518P1,VPB978-01-0,103,4518P1,VPB978-01-0 (103),TRUE,FALSE,Flint,Flint,pn1_blood,2026-08-03,Prenatal 1 Blood,Prenatal,TRUE,TRUE,2026,8,August,2026-08-01,1,2026-10-08
global:VPB978-01-0 (103),VPB978-01-0 (103),4518P1,VPB978-01-0,103,4518P1,VPB978-01-0 (103),TRUE,FALSE,Flint,Flint,pn1_survey,2026-08-03,Prenatal 1 Survey,Prenatal,FALSE,TRUE,2026,8,August,2026-08-01,1,2026-10-08
global:LYY167-01-0 (399),LYY167-01-0 (399),4828P1,LYY167-01-0,399,4828P1,LYY167-01-0 (399),TRUE,FALSE,Traverse City,Traverse City,pn2_anthro,2026-08-05,Prenatal 2 Anthro,Prenatal,FALSE,TRUE,2026,8,August,2026-08-01,1,2026-10-08
global:LYY167-01-0 (399),LYY167-01-0 (399),4828P1,LYY167-01-0,399,4828P1,LYY167-01-0 (399),TRUE,FALSE,Traverse City,Traverse City,pn2_blood,2026-08-05,Prenatal 2 Blood,Prenatal,TRUE,TRUE,2026,8,August,2026-08-01,1,2026-10-08
global:LYY167-01-0 (399),LYY167-01-0 (399),4828P1,LYY167-01-0,399,4828P1,LYY167-01-0 (399),TRUE,FALSE,Traverse City,Traverse City,pn2_urine,2026-08-05,Prenatal 2 Urine,Prenatal,TRUE,TRUE,2026,8,August,2026-08-01,1,2026-10-08
global:LYY167-01-0 (399),LYY167-01-0 (399),4828P1,LYY167-01-0,399,4828P1,LYY167-01-0 (399),TRUE,FALSE,Traverse City,Traverse City,water,2026-08-05,Water,Prenatal,TRUE,TRUE,2026,8,August,2026-08-01,1,2026-10-08
global:PQD023-01-0 (277),PQD023-01-0 (277),4826P1,PQD023-01-0,277,4826P1,PQD023-01-0 (277),TRUE,FALSE,Traverse City,Traverse City,pn2_anthro,2026-08-05,Prenatal 2 Anthro,Prenatal,FALSE,TRUE,2026,8,August,2026-08-01,1,2026-10-08
global:THG098-01-0 (607),THG098-01-0 (607),4836P1,THG098-01-0,607,4836P1,THG098-01-0 (607),TRUE,FALSE,Traverse City,Traverse City,actigraphy,2026-08-05,Actigraphy,Prenatal,FALSE,TRUE,2026,8,August,2026-08-01,1,2026-10-08
global:TVX776-01-0 (729),TVX776-01-0 (729),4820P1,TVX776-01-0,729,4820P1,TVX776-01-0 (729),TRUE,FALSE,Traverse City,Traverse City,pn2_anthro,2026-08-05,Prenatal 2 Anthro,Prenatal,FALSE,TRUE,2026,8,August,2026-08-01,1,2026-10-08
global:TVX776-01-0 (729),TVX776-01-0 (729),4820P1,TVX776-01-0,729,4820P1,TVX776-01-0 (729),TRUE,FALSE,Traverse City,Traverse City,pn2_blood,2026-08-05,Prenatal 2 Blood,Prenatal,TRUE,TRUE,2026,8,August,2026-08-01,1,2026-10-08
global:TVX776-01-0 (729),TVX776-01-0 (729),4820P1,TVX776-01-0,729,4820P1,TVX776-01-0 (729),TRUE,FALSE,Traverse City,Traverse City,pn2_survey,2026-08-05,Prenatal 2 Survey,Prenatal,FALSE,TRUE,2026,8,August,2026-08-01,1,2026-10-08
global:TVX776-01-0 (729),TVX776-01-0 (729),4820P1,TVX776-01-0,729,4820P1,TVX776-01-0 (729),TRUE,FALSE,Traverse City,Traverse City,pn2_urine,2026-08-05,Prenatal 2 Urine,Prenatal,TRUE,TRUE,2026,8,August,2026-08-01,1,2026-10-08
global:TVX776-01-0 (729),TVX776-01-0 (729),4820P1,TVX776-01-0,729,4820P1,TVX776-01-0 (729),TRUE,FALSE,Traverse City,Traverse City,water,2026-08-05,Water,Prenatal,TRUE,TRUE,2026,8,August,2026-08-01,1,2026-10-08
global:WSG161-02-0 (805),WSG161-02-0 (805),4824P1,WSG161-02-0,805,4824P1,WSG161-02-0 (805),TRUE,FALSE,Traverse City,Traverse City,pn2_anthro,2026-08-05,Prenatal 2 Anthro,Prenatal,FALSE,TRUE,2026,8,August,2026-08-01,1,2026-10-08
global:WSG161-02-0 (805),WSG161-02-0 (805),4824P1,WSG161-02-0,805,4824P1,WSG161-02-0 (805),TRUE,FALSE,Traverse City,Traverse City,pn2_blood,2026-08-05,Prenatal 2 Blood,Prenatal,TRUE,TRUE,2026,8,August,2026-08-01,1,2026-10-08
global:WSG161-02-0 (805),WSG161-02-0 (805),4824P1,WSG161-02-0,805,4824P1,WSG161-02-0 (805),TRUE,FALSE,Traverse City,Traverse City,pn2_urine,2026-08-05,Prenatal 2 Urine,Prenatal,TRUE,TRUE,2026,8,August,2026-08-01,1,2026-10-08
global:ZYG995-01-0 (564),ZYG995-01-0 (564),4829P1,ZYG995-01-0,564,4829P1,ZYG995-01-0 (564),TRUE,FALSE,Traverse City,Traverse City,pn2_blood,2026-08-05,Prenatal 2 Blood,Prenatal,TRUE,TRUE,2026,8,August,2026-08-01,1,2026-10-08
global:ZYG995-01-0 (564),ZYG995-01-0 (564),4829P1,ZYG995-01-0,564,4829P1,ZYG995-01-0 (564),TRUE,FALSE,Traverse City,Traverse City,pn2_urine,2026-08-05,Prenatal 2 Urine,Prenatal,TRUE,TRUE,2026,8,August,2026-08-01,1,2026-10-08
global:BQV670-01-0 (673),BQV670-01-0 (673),4500P1,BQV670-01-0,673,4500P1,BQV670-01-0 (673),TRUE,FALSE,Flint,Flint,child_dob,2026-08-06,Births,Milestone,FALSE,FALSE,2026,8,August,2026-08-01,1,2026-10-08
global:KGQ877-01-0 (772),KGQ877-01-0 (772),4520P1,KGQ877-01-0,772,4520P1,KGQ877-01-0 (772),TRUE,FALSE,Flint,Flint,consent_date,2026-08-06,Enrollments,Milestone,FALSE,FALSE,2026,8,August,2026-08-01,1,2026-10-08
global:KGQ877-01-0 (772),KGQ877-01-0 (772),4520P1,KGQ877-01-0,772,4520P1,KGQ877-01-0 (772),TRUE,FALSE,Flint,Flint,pn1_anthro,2026-08-06,Prenatal 1 Anthro,Prenatal,FALSE,TRUE,2026,8,August,2026-08-01,1,2026-10-08
global:KGQ877-01-0 (772),KGQ877-01-0 (772),4520P1,KGQ877-01-0,772,4520P1,KGQ877-01-0 (772),TRUE,FALSE,Flint,Flint,pn1_survey,2026-08-06,Prenatal 1 Survey,Prenatal,FALSE,TRUE,2026,8,August,2026-08-01,1,2026-10-08
global:KGQ877-01-0 (772),KGQ877-01-0 (772),4520P1,KGQ877-01-0,772,4520P1,KGQ877-01-0 (772),TRUE,FALSE,Flint,Flint,pn1_urine,2026-08-06,Prenatal 1 Urine,Prenatal,TRUE,TRUE,2026,8,August,2026-08-01,1,2026-10-08
global:MNZ485-01-0 (201),MNZ485-01-0 (201),4510P1,MNZ485-01-0,201,4510P1,MNZ485-01-0 (201),TRUE,FALSE,Flint,Flint,water,2026-08-06,Water,Prenatal,TRUE,TRUE,2026,8,August,2026-08-01,1,2026-10-08
custom:4803F1,LDB835-01-A (591),4803F1,,,LDB835-01-A (591),4803F1,FALSE,FALSE,0-5 Month Traverse City,Traverse City,mom_hair,2026-08-06,Maternal Hair,0-5 Month,TRUE,FALSE,2026,8,August,2026-08-01,1,2026-10-08
global:TFG529-01-0 (508),TFG529-01-0 (508),4837P1,TFG529-01-0,508,4837P1,TFG529-01-0 (508),TRUE,FALSE,Traverse City,Traverse City,actigraphy,2026-08-06,Actigraphy,Prenatal,FALSE,TRUE,2026,8,August,2026-08-01,1,2026-10-08
global:THG098-01-0 (607),THG098-01-0 (607),4836P1,THG098-01-0,607,4836P1,THG098-01-0 (607),TRUE,FALSE,Traverse City,Traverse City,pn1_blood,2026-08-06,Prenatal 1 Blood,Prenatal,TRUE,TRUE,2026,8,August,2026-08-01,1,2026-10-08
global:THG098-01-0 (607),THG098-01-0 (607),4836P1,THG098-01-0,607,4836P1,THG098-01-0 (607),TRUE,FALSE,Traverse City,Traverse City,pn1_urine,2026-08-06,Prenatal 1 Urine,Prenatal,TRUE,TRUE,2026,8,August,2026-08-01,1,2026-10-08
global:YQX985-01-0 (795),YQX985-01-0 (795),4821P1,YQX985-01-0,795,4821P1,YQX985-01-0 (795),TRUE,FALSE,Prenatal Complete,Traverse City,pn2_anthro,2026-08-06,Prenatal 2 Anthro,Prenatal,FALSE,TRUE,2026,8,August,2026-08-01,1,2026-10-08
global:YQX985-01-0 (795),YQX985-01-0 (795),4821P1,YQX985-01-0,795,4821P1,YQX985-01-0 (795),TRUE,FALSE,Prenatal Complete,Traverse City,pn2_blood,2026-08-06,Prenatal 2 Blood,Prenatal,TRUE,TRUE,2026,8,August,2026-08-01,1,2026-10-08
global:YQX985-01-0 (795),YQX985-01-0 (795),4821P1,YQX985-01-0,795,4821P1,YQX985-01-0 (795),TRUE,FALSE,Prenatal Complete,Traverse City,pn2_urine,2026-08-06,Prenatal 2 Urine,Prenatal,TRUE,TRUE,2026,8,August,2026-08-01,1,2026-10-08
global:YQX985-01-0 (795),YQX985-01-0 (795),4821P1,YQX985-01-0,795,4821P1,YQX985-01-0 (795),TRUE,FALSE,Prenatal Complete,Traverse City,water,2026-08-06,Water,Prenatal,TRUE,TRUE,2026,8,August,2026-08-01,1,2026-10-08
global:KQS117-01-0 (739),KQS117-01-0 (739),4213P1,KQS117-01-0,739,4213P1,KQS117-01-0 (739),TRUE,FALSE,Detroit,Detroit,consent_date,2026-08-07,Enrollments,Milestone,FALSE,FALSE,2026,8,August,2026-08-01,1,2026-10-08
global:KQS117-01-0 (739),KQS117-01-0 (739),4213P1,KQS117-01-0,739,4213P1,KQS117-01-0 (739),TRUE,FALSE,Detroit,Detroit,pn1_anthro,2026-08-07,Prenatal 1 Anthro,Prenatal,FALSE,TRUE,2026,8,August,2026-08-01,1,2026-10-08
global:KQS117-01-0 (739),KQS117-01-0 (739),4213P1,KQS117-01-0,739,4213P1,KQS117-01-0 (739),TRUE,FALSE,Detroit,Detroit,pn1_survey,2026-08-07,Prenatal 1 Survey,Prenatal,FALSE,TRUE,2026,8,August,2026-08-01,1,2026-10-08
global:KQS117-01-0 (739),KQS117-01-0 (739),4213P1,KQS117-01-0,739,4213P1,KQS117-01-0 (739),TRUE,FALSE,Detroit,Detroit,pn1_urine,2026-08-07,Prenatal 1 Urine,Prenatal,TRUE,TRUE,2026,8,August,2026-08-01,1,2026-10-08
global:LYQ080-01-0 (937),LYQ080-01-0 (937),4212P1,LYQ080-01-0,937,4212P1,LYQ080-01-0 (937),TRUE,FALSE,Detroit,Detroit,actigraphy,2026-08-07,Actigraphy,Prenatal,FALSE,TRUE,2026,8,August,2026-08-01,1,2026-10-08
global:WJV357-01-0 (201),WJV357-01-0 (201),4214P1,WJV357-01-0,201,4214P1,WJV357-01-0 (201),TRUE,FALSE,Detroit,Detroit,consent_date,2026-08-07,Enrollments,Milestone,FALSE,FALSE,2026,8,August,2026-08-01,1,2026-10-08
global:WJV357-01-0 (201),WJV357-01-0 (201),4214P1,WJV357-01-0,201,4214P1,WJV357-01-0 (201),TRUE,FALSE,Detroit,Detroit,pn1_anthro,2026-08-07,Prenatal 1 Anthro,Prenatal,FALSE,TRUE,2026,8,August,2026-08-01,1,2026-10-08
global:WJV357-01-0 (201),WJV357-01-0 (201),4214P1,WJV357-01-0,201,4214P1,WJV357-01-0 (201),TRUE,FALSE,Detroit,Detroit,pn1_survey,2026-08-07,Prenatal 1 Survey,Prenatal,FALSE,TRUE,2026,8,August,2026-08-01,1,2026-10-08
global:NQD377-01-0 (607),NQD377-01-0 (607),4811P1,NQD377-01-0,607,4811P1,NQD377-01-0 (607),TRUE,FALSE,Traverse City,Traverse City,child_dob,2026-08-07,Births,Milestone,FALSE,FALSE,2026,8,August,2026-08-01,1,2026-10-08
global:MZG636-01-0 (904),MZG636-01-0 (904),4191P1,MZG636-01-0,904,4191P1,MZG636-01-0 (904),TRUE,FALSE,Prenatal Complete,Detroit,child_dob,2026-08-11,Births,Milestone,FALSE,FALSE,2026,8,August,2026-08-01,1,2026-10-08
global:DGQ288-01-0 (409),DGQ288-01-0 (409),4202P1,DGQ288-01-0,409,4202P1,DGQ288-01-0 (409),TRUE,FALSE,Detroit,Detroit,pn2_survey,2026-08-13,Prenatal 2 Survey,Prenatal,FALSE,TRUE,2026,8,August,2026-08-01,1,2026-10-08
global:HWP759-01-0 (135),HWP759-01-0 (135),4181P1,HWP759-01-0,135,4181P1,HWP759-01-0 (135),TRUE,FALSE,Prenatal Complete,Detroit,child_dob,2026-08-13,Births,Milestone,FALSE,FALSE,2026,8,August,2026-08-01,1,2026-10-08
custom:4488F1,CBT926-01-A (855),4488F1,,,CBT926-01-A (855),4488F1,FALSE,FALSE,0-5 Month Flint,Flint,mom_bs,2026-08-13,Maternal Bloodspot,0-5 Month,TRUE,FALSE,2026,8,August,2026-08-01,1,2026-10-08
custom:4488F1,CBT926-01-A (855),4488F1,,,CBT926-01-A (855),4488F1,FALSE,FALSE,0-5 Month Flint,Flint,mom_hair,2026-08-13,Maternal Hair,0-5 Month,TRUE,FALSE,2026,8,August,2026-08-01,1,2026-10-08
custom:4494F1,GJG046-01-A (591),4494F1,,,GJG046-01-A (591),4494F1,FALSE,FALSE,0-5 Month Flint,Flint,mom_hair,2026-08-13,Maternal Hair,0-5 Month,TRUE,FALSE,2026,8,August,2026-08-01,1,2026-10-08
custom:4495F1,HVF853-01-A (185),4495F1,,,HVF853-01-A (185),4495F1,FALSE,FALSE,0-5 Month Flint,Flint,child_urine,2026-08-13,Child Urine,0-5 Month,TRUE,FALSE,2026,8,August,2026-08-01,1,2026-10-08
custom:4495F1,HVF853-01-A (185),4495F1,,,HVF853-01-A (185),4495F1,FALSE,FALSE,0-5 Month Flint,Flint,mom_bs,2026-08-13,Maternal Bloodspot,0-5 Month,TRUE,FALSE,2026,8,August,2026-08-01,1,2026-10-08
custom:4495F1,HVF853-01-A (185),4495F1,,,HVF853-01-A (185),4495F1,FALSE,FALSE,0-5 Month Flint,Flint,mom_hair,2026-08-13,Maternal Hair,0-5 Month,TRUE,FALSE,2026,8,August,2026-08-01,1,2026-10-08
global:BPB474-02-0 (179),BPB474-02-0 (179),4211P2,BPB474-02-0,179,4211P2,BPB474-02-0 (179),TRUE,FALSE,Detroit,Detroit,pn1_urine,2026-08-14,Prenatal 1 Urine,Prenatal,TRUE,TRUE,2026,8,August,2026-08-01,1,2026-10-08
global:VXJ013-01-0 (871),VXJ013-01-0 (871),4198P1,VXJ013-01-0,871,4198P1,VXJ013-01-0 (871),TRUE,FALSE,Detroit,Detroit,water,2026-08-14,Water,Prenatal,TRUE,TRUE,2026,8,August,2026-08-01,1,2026-10-08
global:TKS011-01-0 (607),TKS011-01-0 (607),4501P1,TKS011-01-0,607,4501P1,TKS011-01-0 (607),TRUE,FALSE,Flint,Flint,child_dob,2026-08-14,Births,Milestone,FALSE,FALSE,2026,8,August,2026-08-01,1,2026-10-08
custom:4470F1,ZCS109-01-A (383),4470F1,,,ZCS109-01-A (383),4470F1,FALSE,FALSE,0-5 Month Complete,Flint,breast_milk,2026-08-14,Breast Milk,0-5 Month,TRUE,FALSE,2026,8,August,2026-08-01,1,2026-10-08
custom:4470F1,ZCS109-01-A (383),4470F1,,,ZCS109-01-A (383),4470F1,FALSE,FALSE,0-5 Month Complete,Flint,child_stool,2026-08-14,Child Stool,0-5 Month,TRUE,FALSE,2026,8,August,2026-08-01,1,2026-10-08
custom:4470F1,ZCS109-01-A (383),4470F1,,,ZCS109-01-A (383),4470F1,FALSE,FALSE,0-5 Month Complete,Flint,child_urine,2026-08-14,Child Urine,0-5 Month,TRUE,FALSE,2026,8,August,2026-08-01,1,2026-10-08
global:MLT236-01-0 (739),MLT236-01-0 (739),4815P1,MLT236-01-0,739,4815P1,MLT236-01-0 (739),TRUE,FALSE,Traverse City,Traverse City,child_dob,2026-08-15,Births,Milestone,FALSE,FALSE,2026,8,August,2026-08-01,1,2026-10-08
global:JCX999-02-0 (136),JCX999-02-0 (136),4516P1,JCX999-02-0,136,4516P1,JCX999-02-0 (136),TRUE,FALSE,Flint,Flint,actigraphy,2026-08-16,Actigraphy,Prenatal,FALSE,TRUE,2026,8,August,2026-08-01,1,2026-10-08
global:TWW182-01-0 (432),TWW182-01-0 (432),4517P1,TWW182-01-0,432,4517P1,TWW182-01-0 (432),TRUE,FALSE,Flint,Flint,actigraphy,2026-08-16,Actigraphy,Prenatal,FALSE,TRUE,2026,8,August,2026-08-01,1,2026-10-08
global:DGQ288-01-0 (409),DGQ288-01-0 (409),4202P1,DGQ288-01-0,409,4202P1,DGQ288-01-0 (409),TRUE,FALSE,Detroit,Detroit,pn2_anthro,2026-08-17,Prenatal 2 Anthro,Prenatal,FALSE,TRUE,2026,8,August,2026-08-01,1,2026-10-08
global:DGQ288-01-0 (409),DGQ288-01-0 (409),4202P1,DGQ288-01-0,409,4202P1,DGQ288-01-0 (409),TRUE,FALSE,Detroit,Detroit,pn2_blood,2026-08-17,Prenatal 2 Blood,Prenatal,TRUE,TRUE,2026,8,August,2026-08-01,1,2026-10-08
global:DGQ288-01-0 (409),DGQ288-01-0 (409),4202P1,DGQ288-01-0,409,4202P1,DGQ288-01-0 (409),TRUE,FALSE,Detroit,Detroit,pn2_urine,2026-08-17,Prenatal 2 Urine,Prenatal,TRUE,TRUE,2026,8,August,2026-08-01,1,2026-10-08
global:YXQ139-01-0 (498),YXQ139-01-0 (498),4215P1,YXQ139-01-0,498,4215P1,YXQ139-01-0 (498),TRUE,FALSE,Pregnancy Loss,Detroit,consent_date,2026-08-17,Enrollments,Milestone,FALSE,FALSE,2026,8,August,2026-08-01,1,2026-10-08
global:YXQ139-01-0 (498),YXQ139-01-0 (498),4215P1,YXQ139-01-0,498,4215P1,YXQ139-01-0 (498),TRUE,FALSE,Pregnancy Loss,Detroit,pn1_anthro,2026-08-17,Prenatal 1 Anthro,Prenatal,FALSE,TRUE,2026,8,August,2026-08-01,1,2026-10-08
global:YXQ139-01-0 (498),YXQ139-01-0 (498),4215P1,YXQ139-01-0,498,4215P1,YXQ139-01-0 (498),TRUE,FALSE,Pregnancy Loss,Detroit,pn1_survey,2026-08-17,Prenatal 1 Survey,Prenatal,FALSE,TRUE,2026,8,August,2026-08-01,1,2026-10-08
global:YXQ139-01-0 (498),YXQ139-01-0 (498),4215P1,YXQ139-01-0,498,4215P1,YXQ139-01-0 (498),TRUE,FALSE,Pregnancy Loss,Detroit,pn1_urine,2026-08-17,Prenatal 1 Urine,Prenatal,TRUE,TRUE,2026,8,August,2026-08-01,1,2026-10-08
global:VXJ013-01-0 (871),VXJ013-01-0 (871),4198P1,VXJ013-01-0,871,4198P1,VXJ013-01-0 (871),TRUE,FALSE,Detroit,Detroit,pn2_survey,2026-08-19,Prenatal 2 Survey,Prenatal,FALSE,TRUE,2026,8,August,2026-08-01,1,2026-10-08
global:VPB978-01-0 (103),VPB978-01-0 (103),4518P1,VPB978-01-0,103,4518P1,VPB978-01-0 (103),TRUE,FALSE,Flint,Flint,actigraphy,2026-08-19,Actigraphy,Prenatal,FALSE,TRUE,2026,8,August,2026-08-01,1,2026-10-08
global:RXZ141-01-0 (333),RXZ141-01-0 (333),4521P1,RXZ141-01-0,333,4521P1,RXZ141-01-0 (333),TRUE,FALSE,Flint,Flint,consent_date,2026-08-20,Enrollments,Milestone,FALSE,FALSE,2026,8,August,2026-08-01,1,2026-10-08
global:RXZ141-01-0 (333),RXZ141-01-0 (333),4521P1,RXZ141-01-0,333,4521P1,RXZ141-01-0 (333),TRUE,FALSE,Flint,Flint,pn1_anthro,2026-08-20,Prenatal 1 Anthro,Prenatal,FALSE,TRUE,2026,8,August,2026-08-01,1,2026-10-08
global:RXZ141-01-0 (333),RXZ141-01-0 (333),4521P1,RXZ141-01-0,333,4521P1,RXZ141-01-0 (333),TRUE,FALSE,Flint,Flint,pn1_blood,2026-08-20,Prenatal 1 Blood,Prenatal,TRUE,TRUE,2026,8,August,2026-08-01,1,2026-10-08
global:RXZ141-01-0 (333),RXZ141-01-0 (333),4521P1,RXZ141-01-0,333,4521P1,RXZ141-01-0 (333),TRUE,FALSE,Flint,Flint,pn1_survey,2026-08-20,Prenatal 1 Survey,Prenatal,FALSE,TRUE,2026,8,August,2026-08-01,1,2026-10-08
global:RXZ141-01-0 (333),RXZ141-01-0 (333),4521P1,RXZ141-01-0,333,4521P1,RXZ141-01-0 (333),TRUE,FALSE,Flint,Flint,pn1_urine,2026-08-20,Prenatal 1 Urine,Prenatal,TRUE,TRUE,2026,8,August,2026-08-01,1,2026-10-08
global:HXB800-01-0 (277),HXB800-01-0 (277),4199P1,HXB800-01-0,277,4199P1,HXB800-01-0 (277),TRUE,FALSE,Detroit,Detroit,pn2_survey,2026-08-21,Prenatal 2 Survey,Prenatal,FALSE,TRUE,2026,8,August,2026-08-01,1,2026-10-08
global:KGQ877-01-0 (772),KGQ877-01-0 (772),4520P1,KGQ877-01-0,772,4520P1,KGQ877-01-0 (772),TRUE,FALSE,Flint,Flint,actigraphy,2026-08-22,Actigraphy,Prenatal,FALSE,TRUE,2026,8,August,2026-08-01,1,2026-10-08
global:WJV357-01-0 (201),WJV357-01-0 (201),4214P1,WJV357-01-0,201,4214P1,WJV357-01-0 (201),TRUE,FALSE,Detroit,Detroit,actigraphy,2026-08-23,Actigraphy,Prenatal,FALSE,TRUE,2026,8,August,2026-08-01,1,2026-10-08
global:GBF935-01-0 (947),GBF935-01-0 (947),4193P1,GBF935-01-0,947,4193P1,GBF935-01-0 (947),TRUE,FALSE,Detroit,Detroit,water,2026-08-25,Water,Prenatal,TRUE,TRUE,2026,8,August,2026-08-01,1,2026-10-08
global:XFP756-01-0 (103),XFP756-01-0 (103),4182P1,XFP756-01-0,103,4182P1,XFP756-01-0 (103),TRUE,FALSE,Prenatal Complete,Detroit,child_dob,2026-08-25,Births,Milestone,FALSE,FALSE,2026,8,August,2026-08-01,1,2026-10-08
global:WSG161-02-0 (805),WSG161-02-0 (805),4824P1,WSG161-02-0,805,4824P1,WSG161-02-0 (805),TRUE,FALSE,Traverse City,Traverse City,pn2_survey,2026-08-25,Prenatal 2 Survey,Prenatal,FALSE,TRUE,2026,8,August,2026-08-01,1,2026-10-08
global:DRG448-01-0 (376),DRG448-01-0 (376),4498P1,DRG448-01-0,376,4498P1,DRG448-01-0 (376),TRUE,FALSE,Flint,Flint,child_dob,2026-08-26,Births,Milestone,FALSE,FALSE,2026,8,August,2026-08-01,1,2026-10-08
global:PQD023-01-0 (277),PQD023-01-0 (277),4826P1,PQD023-01-0,277,4826P1,PQD023-01-0 (277),TRUE,FALSE,Traverse City,Traverse City,pn2_blood,2026-08-26,Prenatal 2 Blood,Prenatal,TRUE,TRUE,2026,8,August,2026-08-01,1,2026-10-08
global:PQD023-01-0 (277),PQD023-01-0 (277),4826P1,PQD023-01-0,277,4826P1,PQD023-01-0 (277),TRUE,FALSE,Traverse City,Traverse City,pn2_urine,2026-08-26,Prenatal 2 Urine,Prenatal,TRUE,TRUE,2026,8,August,2026-08-01,1,2026-10-08
global:WDL327-01-0 (574),WDL327-01-0 (574),4190P1,WDL327-01-0,574,4190P1,WDL327-01-0 (574),TRUE,FALSE,Prenatal Complete,Detroit,child_dob,2026-08-27,Births,Milestone,FALSE,FALSE,2026,8,August,2026-08-01,1,2026-10-08
global:HGJ458-01-0 (277),HGJ458-01-0 (277),4519P1,HGJ458-01-0,277,4519P1,HGJ458-01-0 (277),TRUE,FALSE,Flint,Flint,consent_date,2026-08-27,Enrollments,Milestone,FALSE,FALSE,2026,8,August,2026-08-01,1,2026-10-08
global:HGJ458-01-0 (277),HGJ458-01-0 (277),4519P1,HGJ458-01-0,277,4519P1,HGJ458-01-0 (277),TRUE,FALSE,Flint,Flint,pn1_anthro,2026-08-27,Prenatal 1 Anthro,Prenatal,FALSE,TRUE,2026,8,August,2026-08-01,1,2026-10-08
global:HGJ458-01-0 (277),HGJ458-01-0 (277),4519P1,HGJ458-01-0,277,4519P1,HGJ458-01-0 (277),TRUE,FALSE,Flint,Flint,pn1_blood,2026-08-27,Prenatal 1 Blood,Prenatal,TRUE,TRUE,2026,8,August,2026-08-01,1,2026-10-08
global:HGJ458-01-0 (277),HGJ458-01-0 (277),4519P1,HGJ458-01-0,277,4519P1,HGJ458-01-0 (277),TRUE,FALSE,Flint,Flint,pn1_survey,2026-08-27,Prenatal 1 Survey,Prenatal,FALSE,TRUE,2026,8,August,2026-08-01,1,2026-10-08
global:HGJ458-01-0 (277),HGJ458-01-0 (277),4519P1,HGJ458-01-0,277,4519P1,HGJ458-01-0 (277),TRUE,FALSE,Flint,Flint,pn1_urine,2026-08-27,Prenatal 1 Urine,Prenatal,TRUE,TRUE,2026,8,August,2026-08-01,1,2026-10-08
global:KMN951-01-0 (640),KMN951-01-0 (640),4508P1,KMN951-01-0,640,4508P1,KMN951-01-0 (640),TRUE,FALSE,Flint,Flint,pn2_anthro,2026-08-27,Prenatal 2 Anthro,Prenatal,FALSE,TRUE,2026,8,August,2026-08-01,1,2026-10-08
global:KMN951-01-0 (640),KMN951-01-0 (640),4508P1,KMN951-01-0,640,4508P1,KMN951-01-0 (640),TRUE,FALSE,Flint,Flint,pn2_blood,2026-08-27,Prenatal 2 Blood,Prenatal,TRUE,TRUE,2026,8,August,2026-08-01,1,2026-10-08
global:KMN951-01-0 (640),KMN951-01-0 (640),4508P1,KMN951-01-0,640,4508P1,KMN951-01-0 (640),TRUE,FALSE,Flint,Flint,pn2_survey,2026-08-27,Prenatal 2 Survey,Prenatal,FALSE,TRUE,2026,8,August,2026-08-01,1,2026-10-08
global:KMN951-01-0 (640),KMN951-01-0 (640),4508P1,KMN951-01-0,640,4508P1,KMN951-01-0 (640),TRUE,FALSE,Flint,Flint,pn2_urine,2026-08-27,Prenatal 2 Urine,Prenatal,TRUE,TRUE,2026,8,August,2026-08-01,1,2026-10-08
global:ZNN648-01-0 (267),ZNN648-01-0 (267),4522P1,ZNN648-01-0,267,4522P1,ZNN648-01-0 (267),TRUE,FALSE,Flint,Flint,consent_date,2026-08-27,Enrollments,Milestone,FALSE,FALSE,2026,8,August,2026-08-01,1,2026-10-08
global:ZNN648-01-0 (267),ZNN648-01-0 (267),4522P1,ZNN648-01-0,267,4522P1,ZNN648-01-0 (267),TRUE,FALSE,Flint,Flint,pn1_anthro,2026-08-27,Prenatal 1 Anthro,Prenatal,FALSE,TRUE,2026,8,August,2026-08-01,1,2026-10-08
global:ZNN648-01-0 (267),ZNN648-01-0 (267),4522P1,ZNN648-01-0,267,4522P1,ZNN648-01-0 (267),TRUE,FALSE,Flint,Flint,pn1_blood,2026-08-27,Prenatal 1 Blood,Prenatal,TRUE,TRUE,2026,8,August,2026-08-01,1,2026-10-08
global:ZNN648-01-0 (267),ZNN648-01-0 (267),4522P1,ZNN648-01-0,267,4522P1,ZNN648-01-0 (267),TRUE,FALSE,Flint,Flint,pn1_survey,2026-08-27,Prenatal 1 Survey,Prenatal,FALSE,TRUE,2026,8,August,2026-08-01,1,2026-10-08
global:ZNN648-01-0 (267),ZNN648-01-0 (267),4522P1,ZNN648-01-0,267,4522P1,ZNN648-01-0 (267),TRUE,FALSE,Flint,Flint,pn1_urine,2026-08-27,Prenatal 1 Urine,Prenatal,TRUE,TRUE,2026,8,August,2026-08-01,1,2026-10-08
global:HXB800-01-0 (277),HXB800-01-0 (277),4199P1,HXB800-01-0,277,4199P1,HXB800-01-0 (277),TRUE,FALSE,Detroit,Detroit,pn2_anthro,2026-08-28,Prenatal 2 Anthro,Prenatal,FALSE,TRUE,2026,8,August,2026-08-01,1,2026-10-08
global:HXB800-01-0 (277),HXB800-01-0 (277),4199P1,HXB800-01-0,277,4199P1,HXB800-01-0 (277),TRUE,FALSE,Detroit,Detroit,pn2_urine,2026-08-28,Prenatal 2 Urine,Prenatal,TRUE,TRUE,2026,8,August,2026-08-01,1,2026-10-08
global:LSH641-02-0 (574),LSH641-02-0 (574),4210P2,LSH641-02-0,574,4210P2,LSH641-02-0 (574),TRUE,FALSE,Detroit,Detroit,pn2_anthro,2026-08-28,Prenatal 2 Anthro,Prenatal,FALSE,TRUE,2026,8,August,2026-08-01,1,2026-10-08
global:LSH641-02-0 (574),LSH641-02-0 (574),4210P2,LSH641-02-0,574,4210P2,LSH641-02-0 (574),TRUE,FALSE,Detroit,Detroit,pn2_urine,2026-08-28,Prenatal 2 Urine,Prenatal,TRUE,TRUE,2026,8,August,2026-08-01,1,2026-10-08
global:GJP886-01-0 (706),GJP886-01-0 (706),4505P1,GJP886-01-0,706,4505P1,GJP886-01-0 (706),TRUE,FALSE,Flint,Flint,child_dob,2026-08-28,Births,Milestone,FALSE,FALSE,2026,8,August,2026-08-01,1,2026-10-08
global:WCV960-01-0 (970),WCV960-01-0 (970),4155P1,WCV960-01-0,970,4155P1,WCV960-01-0 (970),TRUE,FALSE,Prenatal Complete,Detroit,pn2_survey,2026-08-30,Prenatal 2 Survey,Prenatal,FALSE,TRUE,2026,8,August,2026-08-01,1,2026-10-08
global:DVY195-01-0 (169),DVY195-01-0 (169),4496P1,DVY195-01-0,169,4496P1,DVY195-01-0 (169),TRUE,FALSE,Flint,Flint,child_dob,2026-08-30,Births,Milestone,FALSE,FALSE,2026,8,August,2026-08-01,1,2026-10-08
global:YMF346-02-0 (805),YMF346-02-0 (805),4812P1,YMF346-02-0,805,4812P1,YMF346-02-0 (805),TRUE,FALSE,Prenatal Complete,Traverse City,child_dob,2026-08-30,Births,Milestone,FALSE,FALSE,2026,8,August,2026-08-01,1,2026-10-08
global:MHL306-01-0 (277),MHL306-01-0 (277),4830P1,MHL306-01-0,277,4830P1,MHL306-01-0 (277),TRUE,FALSE,Traverse City,Traverse City,pn2_survey,2026-08-31,Prenatal 2 Survey,Prenatal,FALSE,TRUE,2026,8,August,2026-08-01,1,2026-10-08
global:MVY162-01-0 (168),MVY162-01-0 (168),4200P1,MVY162-01-0,168,4200P1,MVY162-01-0 (168),TRUE,FALSE,Detroit,Detroit,pn2_survey,2026-09-01,Prenatal 2 Survey,Prenatal,FALSE,TRUE,2026,9,September,2026-09-01,1,2026-10-08
global:KPT365-01-0 (904),KPT365-01-0 (904),4201P1,KPT365-01-0,904,4201P1,KPT365-01-0 (904),TRUE,FALSE,Detroit,Detroit,pn2_survey,2026-09-02,Prenatal 2 Survey,Prenatal,FALSE,TRUE,2026,9,September,2026-09-01,1,2026-10-08
global:YXQ139-01-0 (498),YXQ139-01-0 (498),4215P1,YXQ139-01-0,498,4215P1,YXQ139-01-0 (498),TRUE,FALSE,Pregnancy Loss,Detroit,actigraphy,2026-09-02,Actigraphy,Prenatal,FALSE,TRUE,2026,9,September,2026-09-01,1,2026-10-08
global:JBM041-02-0 (914),JBM041-02-0 (914),4825P1,JBM041-02-0,914,4825P1,JBM041-02-0 (914),TRUE,FALSE,Traverse City,Traverse City,pn2_anthro,2026-09-02,Prenatal 2 Anthro,Prenatal,FALSE,TRUE,2026,9,September,2026-09-01,1,2026-10-08
global:JLN021-02-0 (211),JLN021-02-0 (211),4838P1,JLN021-02-0,211,4838P1,JLN021-02-0 (211),TRUE,FALSE,Traverse City,Traverse City,consent_date,2026-09-02,Enrollments,Milestone,FALSE,FALSE,2026,9,September,2026-09-01,1,2026-10-08
global:JLN021-02-0 (211),JLN021-02-0 (211),4838P1,JLN021-02-0,211,4838P1,JLN021-02-0 (211),TRUE,FALSE,Traverse City,Traverse City,pn1_anthro,2026-09-02,Prenatal 1 Anthro,Prenatal,FALSE,TRUE,2026,9,September,2026-09-01,1,2026-10-08
global:MHL306-01-0 (277),MHL306-01-0 (277),4830P1,MHL306-01-0,277,4830P1,MHL306-01-0 (277),TRUE,FALSE,Traverse City,Traverse City,pn2_anthro,2026-09-02,Prenatal 2 Anthro,Prenatal,FALSE,TRUE,2026,9,September,2026-09-01,1,2026-10-08
global:MHL306-01-0 (277),MHL306-01-0 (277),4830P1,MHL306-01-0,277,4830P1,MHL306-01-0 (277),TRUE,FALSE,Traverse City,Traverse City,pn2_blood,2026-09-02,Prenatal 2 Blood,Prenatal,TRUE,TRUE,2026,9,September,2026-09-01,1,2026-10-08
global:MHL306-01-0 (277),MHL306-01-0 (277),4830P1,MHL306-01-0,277,4830P1,MHL306-01-0 (277),TRUE,FALSE,Traverse City,Traverse City,pn2_urine,2026-09-02,Prenatal 2 Urine,Prenatal,TRUE,TRUE,2026,9,September,2026-09-01,1,2026-10-08
global:MHL306-01-0 (277),MHL306-01-0 (277),4830P1,MHL306-01-0,277,4830P1,MHL306-01-0 (277),TRUE,FALSE,Traverse City,Traverse City,water,2026-09-02,Water,Prenatal,TRUE,TRUE,2026,9,September,2026-09-01,1,2026-10-08
global:GBF935-01-0 (947),GBF935-01-0 (947),4193P1,GBF935-01-0,947,4193P1,GBF935-01-0 (947),TRUE,FALSE,Detroit,Detroit,pn2_anthro,2026-09-04,Prenatal 2 Anthro,Prenatal,FALSE,TRUE,2026,9,September,2026-09-01,1,2026-10-08
global:GBF935-01-0 (947),GBF935-01-0 (947),4193P1,GBF935-01-0,947,4193P1,GBF935-01-0 (947),TRUE,FALSE,Detroit,Detroit,pn2_urine,2026-09-04,Prenatal 2 Urine,Prenatal,TRUE,TRUE,2026,9,September,2026-09-01,1,2026-10-08
global:QQW065-01-0 (135),QQW065-01-0 (135),4197P1,QQW065-01-0,135,4197P1,QQW065-01-0 (135),TRUE,FALSE,Detroit,Detroit,pn2_anthro,2026-09-04,Prenatal 2 Anthro,Prenatal,FALSE,TRUE,2026,9,September,2026-09-01,1,2026-10-08
global:QQW065-01-0 (135),QQW065-01-0 (135),4197P1,QQW065-01-0,135,4197P1,QQW065-01-0 (135),TRUE,FALSE,Detroit,Detroit,pn2_urine,2026-09-04,Prenatal 2 Urine,Prenatal,TRUE,TRUE,2026,9,September,2026-09-01,1,2026-10-08
global:VXJ013-01-0 (871),VXJ013-01-0 (871),4198P1,VXJ013-01-0,871,4198P1,VXJ013-01-0 (871),TRUE,FALSE,Detroit,Detroit,pn2_anthro,2026-09-04,Prenatal 2 Anthro,Prenatal,FALSE,TRUE,2026,9,September,2026-09-01,1,2026-10-08
global:VXJ013-01-0 (871),VXJ013-01-0 (871),4198P1,VXJ013-01-0,871,4198P1,VXJ013-01-0 (871),TRUE,FALSE,Detroit,Detroit,pn2_urine,2026-09-04,Prenatal 2 Urine,Prenatal,TRUE,TRUE,2026,9,September,2026-09-01,1,2026-10-08
global:WJV357-01-0 (201),WJV357-01-0 (201),4214P1,WJV357-01-0,201,4214P1,WJV357-01-0 (201),TRUE,FALSE,Detroit,Detroit,pn1_urine,2026-09-04,Prenatal 1 Urine,Prenatal,TRUE,TRUE,2026,9,September,2026-09-01,1,2026-10-08
global:WJV357-01-0 (201),WJV357-01-0 (201),4214P1,WJV357-01-0,201,4214P1,WJV357-01-0 (201),TRUE,FALSE,Detroit,Detroit,water,2026-09-04,Water,Prenatal,TRUE,TRUE,2026,9,September,2026-09-01,1,2026-10-08
global:JBM041-02-0 (914),JBM041-02-0 (914),4825P1,JBM041-02-0,914,4825P1,JBM041-02-0 (914),TRUE,FALSE,Traverse City,Traverse City,pn2_blood,2026-09-04,Prenatal 2 Blood,Prenatal,TRUE,TRUE,2026,9,September,2026-09-01,1,2026-10-08
global:JBM041-02-0 (914),JBM041-02-0 (914),4825P1,JBM041-02-0,914,4825P1,JBM041-02-0 (914),TRUE,FALSE,Traverse City,Traverse City,pn2_urine,2026-09-04,Prenatal 2 Urine,Prenatal,TRUE,TRUE,2026,9,September,2026-09-01,1,2026-10-08
global:YQX985-01-0 (795),YQX985-01-0 (795),4821P1,YQX985-01-0,795,4821P1,YQX985-01-0 (795),TRUE,FALSE,Prenatal Complete,Traverse City,child_dob,2026-09-06,Births,Milestone,FALSE,FALSE,2026,9,September,2026-09-01,1,2026-10-08
global:JLN021-02-0 (211),JLN021-02-0 (211),4838P1,JLN021-02-0,211,4838P1,JLN021-02-0 (211),TRUE,FALSE,Traverse City,Traverse City,pn1_blood,2026-09-09,Prenatal 1 Blood,Prenatal,TRUE,TRUE,2026,9,September,2026-09-01,1,2026-10-08
global:JLN021-02-0 (211),JLN021-02-0 (211),4838P1,JLN021-02-0,211,4838P1,JLN021-02-0 (211),TRUE,FALSE,Traverse City,Traverse City,pn1_urine,2026-09-09,Prenatal 1 Urine,Prenatal,TRUE,TRUE,2026,9,September,2026-09-01,1,2026-10-08
global:LJS175-01-0 (673),LJS175-01-0 (673),4831P1,LJS175-01-0,673,4831P1,LJS175-01-0 (673),TRUE,FALSE,Traverse City,Traverse City,pn2_survey,2026-09-09,Prenatal 2 Survey,Prenatal,FALSE,TRUE,2026,9,September,2026-09-01,1,2026-10-08
global:TDX359-02-0 (169),TDX359-02-0 (169),4839P1,TDX359-02-0,169,4839P1,TDX359-02-0 (169),TRUE,FALSE,Traverse City,Traverse City,consent_date,2026-09-09,Enrollments,Milestone,FALSE,FALSE,2026,9,September,2026-09-01,1,2026-10-08
global:TDX359-02-0 (169),TDX359-02-0 (169),4839P1,TDX359-02-0,169,4839P1,TDX359-02-0 (169),TRUE,FALSE,Traverse City,Traverse City,pn1_anthro,2026-09-09,Prenatal 1 Anthro,Prenatal,FALSE,TRUE,2026,9,September,2026-09-01,1,2026-10-08
global:TDX359-02-0 (169),TDX359-02-0 (169),4839P1,TDX359-02-0,169,4839P1,TDX359-02-0 (169),TRUE,FALSE,Traverse City,Traverse City,pn1_survey,2026-09-09,Prenatal 1 Survey,Prenatal,FALSE,TRUE,2026,9,September,2026-09-01,1,2026-10-08
global:SLX595-01-0 (333),SLX595-01-0 (333),4813P1,SLX595-01-0,333,4813P1,SLX595-01-0 (333),TRUE,FALSE,Traverse City,Traverse City,child_dob,2026-09-10,Births,Milestone,FALSE,FALSE,2026,9,September,2026-09-01,1,2026-10-08
global:BPB474-02-0 (179),BPB474-02-0 (179),4211P2,BPB474-02-0,179,4211P2,BPB474-02-0 (179),TRUE,FALSE,Detroit,Detroit,water,2026-09-11,Water,Prenatal,TRUE,TRUE,2026,9,September,2026-09-01,1,2026-10-08
global:DDK216-01-0 (815),DDK216-01-0 (815),4217P1,DDK216-01-0,815,4217P1,DDK216-01-0 (815),TRUE,FALSE,Detroit,Detroit,consent_date,2026-09-11,Enrollments,Milestone,FALSE,FALSE,2026,9,September,2026-09-01,1,2026-10-08
global:DDK216-01-0 (815),DDK216-01-0 (815),4217P1,DDK216-01-0,815,4217P1,DDK216-01-0 (815),TRUE,FALSE,Detroit,Detroit,pn1_anthro,2026-09-11,Prenatal 1 Anthro,Prenatal,FALSE,TRUE,2026,9,September,2026-09-01,1,2026-10-08
global:DDK216-01-0 (815),DDK216-01-0 (815),4217P1,DDK216-01-0,815,4217P1,DDK216-01-0 (815),TRUE,FALSE,Detroit,Detroit,pn1_survey,2026-09-11,Prenatal 1 Survey,Prenatal,FALSE,TRUE,2026,9,September,2026-09-01,1,2026-10-08
global:DDK216-01-0 (815),DDK216-01-0 (815),4217P1,DDK216-01-0,815,4217P1,DDK216-01-0 (815),TRUE,FALSE,Detroit,Detroit,pn1_urine,2026-09-11,Prenatal 1 Urine,Prenatal,TRUE,TRUE,2026,9,September,2026-09-01,1,2026-10-08
global:KNV856-01-0 (169),KNV856-01-0 (169),4216P1,KNV856-01-0,169,4216P1,KNV856-01-0 (169),TRUE,FALSE,Detroit,Detroit,consent_date,2026-09-11,Enrollments,Milestone,FALSE,FALSE,2026,9,September,2026-09-01,1,2026-10-08
global:KNV856-01-0 (169),KNV856-01-0 (169),4216P1,KNV856-01-0,169,4216P1,KNV856-01-0 (169),TRUE,FALSE,Detroit,Detroit,pn1_anthro,2026-09-11,Prenatal 1 Anthro,Prenatal,FALSE,TRUE,2026,9,September,2026-09-01,1,2026-10-08
global:KNV856-01-0 (169),KNV856-01-0 (169),4216P1,KNV856-01-0,169,4216P1,KNV856-01-0 (169),TRUE,FALSE,Detroit,Detroit,pn1_blood,2026-09-11,Prenatal 1 Blood,Prenatal,TRUE,TRUE,2026,9,September,2026-09-01,1,2026-10-08
global:KNV856-01-0 (169),KNV856-01-0 (169),4216P1,KNV856-01-0,169,4216P1,KNV856-01-0 (169),TRUE,FALSE,Detroit,Detroit,pn1_survey,2026-09-11,Prenatal 1 Survey,Prenatal,FALSE,TRUE,2026,9,September,2026-09-01,1,2026-10-08
global:LGT159-02-0 (706),LGT159-02-0 (706),4196P2,LGT159-02-0,706,4196P2,LGT159-02-0 (706),TRUE,FALSE,Prenatal Complete,Detroit,child_dob,2026-09-11,Births,Milestone,FALSE,FALSE,2026,9,September,2026-09-01,1,2026-10-08
global:QBF961-01-0 (244),QBF961-01-0 (244),4185P1,QBF961-01-0,244,4185P1,QBF961-01-0 (244),TRUE,FALSE,Prenatal Complete,Detroit,child_dob,2026-09-12,Births,Milestone,FALSE,FALSE,2026,9,September,2026-09-01,1,2026-10-08
global:HGJ458-01-0 (277),HGJ458-01-0 (277),4519P1,HGJ458-01-0,277,4519P1,HGJ458-01-0 (277),TRUE,FALSE,Flint,Flint,actigraphy,2026-09-12,Actigraphy,Prenatal,FALSE,TRUE,2026,9,September,2026-09-01,1,2026-10-08
global:WSG161-02-0 (805),WSG161-02-0 (805),4824P1,WSG161-02-0,805,4824P1,WSG161-02-0 (805),TRUE,FALSE,Traverse City,Traverse City,child_dob,2026-09-13,Births,Milestone,FALSE,FALSE,2026,9,September,2026-09-01,1,2026-10-08
global:DGQ288-01-0 (409),DGQ288-01-0 (409),4202P1,DGQ288-01-0,409,4202P1,DGQ288-01-0 (409),TRUE,FALSE,Detroit,Detroit,child_dob,2026-09-14,Births,Milestone,FALSE,FALSE,2026,9,September,2026-09-01,1,2026-10-08
global:MKV454-01-0 (838),MKV454-01-0 (838),4192P1,MKV454-01-0,838,4192P1,MKV454-01-0 (838),TRUE,FALSE,Detroit,Detroit,child_dob,2026-09-14,Births,Milestone,FALSE,FALSE,2026,9,September,2026-09-01,1,2026-10-08
global:JBM041-02-0 (914),JBM041-02-0 (914),4825P1,JBM041-02-0,914,4825P1,JBM041-02-0 (914),TRUE,FALSE,Traverse City,Traverse City,pn2_survey,2026-09-14,Prenatal 2 Survey,Prenatal,FALSE,TRUE,2026,9,September,2026-09-01,1,2026-10-08
global:LJS175-01-0 (673),LJS175-01-0 (673),4831P1,LJS175-01-0,673,4831P1,LJS175-01-0 (673),TRUE,FALSE,Traverse City,Traverse City,pn2_anthro,2026-09-15,Prenatal 2 Anthro,Prenatal,FALSE,TRUE,2026,9,September,2026-09-01,1,2026-10-08
global:LJS175-01-0 (673),LJS175-01-0 (673),4831P1,LJS175-01-0,673,4831P1,LJS175-01-0 (673),TRUE,FALSE,Traverse City,Traverse City,pn2_blood,2026-09-15,Prenatal 2 Blood,Prenatal,TRUE,TRUE,2026,9,September,2026-09-01,1,2026-10-08
global:LJS175-01-0 (673),LJS175-01-0 (673),4831P1,LJS175-01-0,673,4831P1,LJS175-01-0 (673),TRUE,FALSE,Traverse City,Traverse City,pn2_urine,2026-09-15,Prenatal 2 Urine,Prenatal,TRUE,TRUE,2026,9,September,2026-09-01,1,2026-10-08
global:LJS175-01-0 (673),LJS175-01-0 (673),4831P1,LJS175-01-0,673,4831P1,LJS175-01-0 (673),TRUE,FALSE,Traverse City,Traverse City,water,2026-09-15,Water,Prenatal,TRUE,TRUE,2026,9,September,2026-09-01,1,2026-10-08
global:JLN021-02-0 (211),JLN021-02-0 (211),4838P1,JLN021-02-0,211,4838P1,JLN021-02-0 (211),TRUE,FALSE,Traverse City,Traverse City,pn1_survey,2026-09-16,Prenatal 1 Survey,Prenatal,FALSE,TRUE,2026,9,September,2026-09-01,1,2026-10-08
global:KQS117-01-0 (739),KQS117-01-0 (739),4213P1,KQS117-01-0,739,4213P1,KQS117-01-0 (739),TRUE,FALSE,Detroit,Detroit,water,2026-09-18,Water,Prenatal,TRUE,TRUE,2026,9,September,2026-09-01,1,2026-10-08
global:LSH641-02-0 (574),LSH641-02-0 (574),4210P2,LSH641-02-0,574,4210P2,LSH641-02-0 (574),TRUE,FALSE,Detroit,Detroit,pn2_blood,2026-09-18,Prenatal 2 Blood,Prenatal,TRUE,TRUE,2026,9,September,2026-09-01,1,2026-10-08
global:MVY162-01-0 (168),MVY162-01-0 (168),4200P1,MVY162-01-0,168,4200P1,MVY162-01-0 (168),TRUE,FALSE,Detroit,Detroit,pn2_anthro,2026-09-18,Prenatal 2 Anthro,Prenatal,FALSE,TRUE,2026,9,September,2026-09-01,1,2026-10-08
global:MVY162-01-0 (168),MVY162-01-0 (168),4200P1,MVY162-01-0,168,4200P1,MVY162-01-0 (168),TRUE,FALSE,Detroit,Detroit,pn2_urine,2026-09-18,Prenatal 2 Urine,Prenatal,TRUE,TRUE,2026,9,September,2026-09-01,1,2026-10-08
global:KRW246-01-0 (103),KRW246-01-0 (103),4827P1,KRW246-01-0,103,4827P1,KRW246-01-0 (103),TRUE,FALSE,Traverse City,Traverse City,pn2_blood,2026-09-18,Prenatal 2 Blood,Prenatal,TRUE,TRUE,2026,9,September,2026-09-01,1,2026-10-08
global:KRW246-01-0 (103),KRW246-01-0 (103),4827P1,KRW246-01-0,103,4827P1,KRW246-01-0 (103),TRUE,FALSE,Traverse City,Traverse City,pn2_urine,2026-09-18,Prenatal 2 Urine,Prenatal,TRUE,TRUE,2026,9,September,2026-09-01,1,2026-10-08
global:KRW246-01-0 (103),KRW246-01-0 (103),4827P1,KRW246-01-0,103,4827P1,KRW246-01-0 (103),TRUE,FALSE,Traverse City,Traverse City,water,2026-09-18,Water,Prenatal,TRUE,TRUE,2026,9,September,2026-09-01,1,2026-10-08
global:YQM393-01-0 (201),YQM393-01-0 (201),4835P1,YQM393-01-0,201,4835P1,YQM393-01-0 (201),TRUE,FALSE,Traverse City,Traverse City,pn2_survey,2026-09-18,Prenatal 2 Survey,Prenatal,FALSE,TRUE,2026,9,September,2026-09-01,1,2026-10-08
global:SGC378-01-0 (442),SGC378-01-0 (442),4205P1,SGC378-01-0,442,4205P1,SGC378-01-0 (442),TRUE,FALSE,Detroit,Detroit,pn2_anthro,2026-09-21,Prenatal 2 Anthro,Prenatal,FALSE,TRUE,2026,9,September,2026-09-01,1,2026-10-08
global:SGC378-01-0 (442),SGC378-01-0 (442),4205P1,SGC378-01-0,442,4205P1,SGC378-01-0 (442),TRUE,FALSE,Detroit,Detroit,pn2_blood,2026-09-21,Prenatal 2 Blood,Prenatal,TRUE,TRUE,2026,9,September,2026-09-01,1,2026-10-08
global:SGC378-01-0 (442),SGC378-01-0 (442),4205P1,SGC378-01-0,442,4205P1,SGC378-01-0 (442),TRUE,FALSE,Detroit,Detroit,pn2_urine,2026-09-21,Prenatal 2 Urine,Prenatal,TRUE,TRUE,2026,9,September,2026-09-01,1,2026-10-08
custom:4183F1,JTJ199-01-A (416),4183F1,,,JTJ199-01-A (416),4183F1,FALSE,FALSE,0-5 Month Detroit,Detroit,mom_bs,2026-09-22,Maternal Bloodspot,0-5 Month,TRUE,FALSE,2026,9,September,2026-09-01,1,2026-10-08
global:JLN021-02-0 (211),JLN021-02-0 (211),4838P1,JLN021-02-0,211,4838P1,JLN021-02-0 (211),TRUE,FALSE,Traverse City,Traverse City,actigraphy,2026-09-23,Actigraphy,Prenatal,FALSE,TRUE,2026,9,September,2026-09-01,1,2026-10-08
global:KRW246-01-0 (103),KRW246-01-0 (103),4827P1,KRW246-01-0,103,4827P1,KRW246-01-0 (103),TRUE,FALSE,Traverse City,Traverse City,pn2_anthro,2026-09-23,Prenatal 2 Anthro,Prenatal,FALSE,TRUE,2026,9,September,2026-09-01,1,2026-10-08
global:LZW769-01-0 (630),LZW769-01-0 (630),4832P1,LZW769-01-0,630,4832P1,LZW769-01-0 (630),TRUE,FALSE,Traverse City,Traverse City,pn2_survey,2026-09-23,Prenatal 2 Survey,Prenatal,FALSE,TRUE,2026,9,September,2026-09-01,1,2026-10-08
global:SLP320-01-0 (607),SLP320-01-0 (607),4833P1,SLP320-01-0,607,4833P1,SLP320-01-0 (607),TRUE,FALSE,Traverse City,Traverse City,pn2_anthro,2026-09-23,Prenatal 2 Anthro,Prenatal,FALSE,TRUE,2026,9,September,2026-09-01,1,2026-10-08
global:SLP320-01-0 (607),SLP320-01-0 (607),4833P1,SLP320-01-0,607,4833P1,SLP320-01-0 (607),TRUE,FALSE,Traverse City,Traverse City,pn2_blood,2026-09-23,Prenatal 2 Blood,Prenatal,TRUE,TRUE,2026,9,September,2026-09-01,1,2026-10-08
global:SLP320-01-0 (607),SLP320-01-0 (607),4833P1,SLP320-01-0,607,4833P1,SLP320-01-0 (607),TRUE,FALSE,Traverse City,Traverse City,pn2_urine,2026-09-23,Prenatal 2 Urine,Prenatal,TRUE,TRUE,2026,9,September,2026-09-01,1,2026-10-08
global:SLP320-01-0 (607),SLP320-01-0 (607),4833P1,SLP320-01-0,607,4833P1,SLP320-01-0 (607),TRUE,FALSE,Traverse City,Traverse City,water,2026-09-23,Water,Prenatal,TRUE,TRUE,2026,9,September,2026-09-01,1,2026-10-08
global:THG098-01-0 (607),THG098-01-0 (607),4836P1,THG098-01-0,607,4836P1,THG098-01-0 (607),TRUE,FALSE,Traverse City,Traverse City,pn2_survey,2026-09-23,Prenatal 2 Survey,Prenatal,FALSE,TRUE,2026,9,September,2026-09-01,1,2026-10-08
custom:4812F1,YMF346-02-A (383),4812F1,,,YMF346-02-A (383),4812F1,FALSE,FALSE,0-5 Month Traverse City,Traverse City,breast_milk,2026-09-23,Breast Milk,0-5 Month,TRUE,FALSE,2026,9,September,2026-09-01,1,2026-10-08
custom:4812F1,YMF346-02-A (383),4812F1,,,YMF346-02-A (383),4812F1,FALSE,FALSE,0-5 Month Traverse City,Traverse City,child_stool,2026-09-23,Child Stool,0-5 Month,TRUE,FALSE,2026,9,September,2026-09-01,1,2026-10-08
custom:4812F1,YMF346-02-A (383),4812F1,,,YMF346-02-A (383),4812F1,FALSE,FALSE,0-5 Month Traverse City,Traverse City,child_urine,2026-09-23,Child Urine,0-5 Month,TRUE,FALSE,2026,9,September,2026-09-01,1,2026-10-08
custom:4812F1,YMF346-02-A (383),4812F1,,,YMF346-02-A (383),4812F1,FALSE,FALSE,0-5 Month Traverse City,Traverse City,mom_bs,2026-09-23,Maternal Bloodspot,0-5 Month,TRUE,FALSE,2026,9,September,2026-09-01,1,2026-10-08
custom:4812F1,YMF346-02-A (383),4812F1,,,YMF346-02-A (383),4812F1,FALSE,FALSE,0-5 Month Traverse City,Traverse City,mom_hair,2026-09-23,Maternal Hair,0-5 Month,TRUE,FALSE,2026,9,September,2026-09-01,1,2026-10-08
global:QZC678-01-0 (102),QZC678-01-0 (102),4186P1,QZC678-01-0,102,4186P1,QZC678-01-0 (102),TRUE,FALSE,Detroit,Detroit,child_dob,2026-09-24,Births,Milestone,FALSE,FALSE,2026,9,September,2026-09-01,1,2026-10-08
global:QGY155-01-0 (871),QGY155-01-0 (871),4207P1,QGY155-01-0,871,4207P1,QGY155-01-0 (871),TRUE,FALSE,Detroit,Detroit,pn2_anthro,2026-09-25,Prenatal 2 Anthro,Prenatal,FALSE,TRUE,2026,9,September,2026-09-01,1,2026-10-08
global:QGY155-01-0 (871),QGY155-01-0 (871),4207P1,QGY155-01-0,871,4207P1,QGY155-01-0 (871),TRUE,FALSE,Detroit,Detroit,pn2_blood,2026-09-25,Prenatal 2 Blood,Prenatal,TRUE,TRUE,2026,9,September,2026-09-01,1,2026-10-08
global:TRP148-01-0 (102),TRP148-01-0 (102),4208P1,TRP148-01-0,102,4208P1,TRP148-01-0 (102),TRUE,FALSE,Detroit,Detroit,water,2026-09-25,Water,Prenatal,TRUE,TRUE,2026,9,September,2026-09-01,1,2026-10-08
global:FMN570-01-0 (376),FMN570-01-0 (376),4834P1,FMN570-01-0,376,4834P1,FMN570-01-0 (376),TRUE,FALSE,Traverse City,Traverse City,pn2_survey,2026-09-25,Prenatal 2 Survey,Prenatal,FALSE,TRUE,2026,9,September,2026-09-01,1,2026-10-08
global:TDX359-02-0 (169),TDX359-02-0 (169),4839P1,TDX359-02-0,169,4839P1,TDX359-02-0 (169),TRUE,FALSE,Traverse City,Traverse City,actigraphy,2026-09-25,Actigraphy,Prenatal,FALSE,TRUE,2026,9,September,2026-09-01,1,2026-10-08
global:DDK216-01-0 (815),DDK216-01-0 (815),4217P1,DDK216-01-0,815,4217P1,DDK216-01-0 (815),TRUE,FALSE,Detroit,Detroit,actigraphy,2026-09-27,Actigraphy,Prenatal,FALSE,TRUE,2026,9,September,2026-09-01,1,2026-10-08
global:YHY072-01-0 (102),YHY072-01-0 (102),4206P1,YHY072-01-0,102,4206P1,YHY072-01-0 (102),TRUE,FALSE,Detroit,Detroit,pn2_survey,2026-09-30,Prenatal 2 Survey,Prenatal,FALSE,TRUE,2026,9,September,2026-09-01,1,2026-10-08
global:FMN570-01-0 (376),FMN570-01-0 (376),4834P1,FMN570-01-0,376,4834P1,FMN570-01-0 (376),TRUE,FALSE,Traverse City,Traverse City,pn2_anthro,2026-10-01,Prenatal 2 Anthro,Prenatal,FALSE,TRUE,2026,10,October,2026-10-01,1,2026-10-08
global:FMN570-01-0 (376),FMN570-01-0 (376),4834P1,FMN570-01-0,376,4834P1,FMN570-01-0 (376),TRUE,FALSE,Traverse City,Traverse City,pn2_blood,2026-10-01,Prenatal 2 Blood,Prenatal,TRUE,TRUE,2026,10,October,2026-10-01,1,2026-10-08
global:FMN570-01-0 (376),FMN570-01-0 (376),4834P1,FMN570-01-0,376,4834P1,FMN570-01-0 (376),TRUE,FALSE,Traverse City,Traverse City,pn2_urine,2026-10-01,Prenatal 2 Urine,Prenatal,TRUE,TRUE,2026,10,October,2026-10-01,1,2026-10-08
global:FMN570-01-0 (376),FMN570-01-0 (376),4834P1,FMN570-01-0,376,4834P1,FMN570-01-0 (376),TRUE,FALSE,Traverse City,Traverse City,water,2026-10-01,Water,Prenatal,TRUE,TRUE,2026,10,October,2026-10-01,1,2026-10-08
global:TFG529-01-0 (508),TFG529-01-0 (508),4837P1,TFG529-01-0,508,4837P1,TFG529-01-0 (508),TRUE,FALSE,Traverse City,Traverse City,pn2_anthro,2026-10-01,Prenatal 2 Anthro,Prenatal,FALSE,TRUE,2026,10,October,2026-10-01,1,2026-10-08
global:TFG529-01-0 (508),TFG529-01-0 (508),4837P1,TFG529-01-0,508,4837P1,TFG529-01-0 (508),TRUE,FALSE,Traverse City,Traverse City,pn2_blood,2026-10-01,Prenatal 2 Blood,Prenatal,TRUE,TRUE,2026,10,October,2026-10-01,1,2026-10-08
global:TFG529-01-0 (508),TFG529-01-0 (508),4837P1,TFG529-01-0,508,4837P1,TFG529-01-0 (508),TRUE,FALSE,Traverse City,Traverse City,pn2_survey,2026-10-01,Prenatal 2 Survey,Prenatal,FALSE,TRUE,2026,10,October,2026-10-01,1,2026-10-08
global:TFG529-01-0 (508),TFG529-01-0 (508),4837P1,TFG529-01-0,508,4837P1,TFG529-01-0 (508),TRUE,FALSE,Traverse City,Traverse City,pn2_urine,2026-10-01,Prenatal 2 Urine,Prenatal,TRUE,TRUE,2026,10,October,2026-10-01,1,2026-10-08
global:TFG529-01-0 (508),TFG529-01-0 (508),4837P1,TFG529-01-0,508,4837P1,TFG529-01-0 (508),TRUE,FALSE,Traverse City,Traverse City,water,2026-10-01,Water,Prenatal,TRUE,TRUE,2026,10,October,2026-10-01,1,2026-10-08
global:CLF149-01-0 (146),CLF149-01-0 (146),4218P1,CLF149-01-0,146,4218P1,,FALSE,TRUE,Detroit,Detroit,consent_date,2026-10-02,Enrollments,Milestone,FALSE,FALSE,2026,10,October,2026-10-01,1,2026-10-08
global:CLF149-01-0 (146),CLF149-01-0 (146),4218P1,CLF149-01-0,146,4218P1,,FALSE,TRUE,Detroit,Detroit,pn1_anthro,2026-10-02,Prenatal 1 Anthro,Prenatal,FALSE,TRUE,2026,10,October,2026-10-01,1,2026-10-08
global:LYQ080-01-0 (937),LYQ080-01-0 (937),4212P1,LYQ080-01-0,937,4212P1,LYQ080-01-0 (937),TRUE,FALSE,Detroit,Detroit,pn2_survey,2026-10-02,Prenatal 2 Survey,Prenatal,FALSE,TRUE,2026,10,October,2026-10-01,1,2026-10-08
global:LZW769-01-0 (630),LZW769-01-0 (630),4832P1,LZW769-01-0,630,4832P1,LZW769-01-0 (630),TRUE,FALSE,Traverse City,Traverse City,pn2_anthro,2026-10-02,Prenatal 2 Anthro,Prenatal,FALSE,TRUE,2026,10,October,2026-10-01,1,2026-10-08
global:LZW769-01-0 (630),LZW769-01-0 (630),4832P1,LZW769-01-0,630,4832P1,LZW769-01-0 (630),TRUE,FALSE,Traverse City,Traverse City,pn2_blood,2026-10-02,Prenatal 2 Blood,Prenatal,TRUE,TRUE,2026,10,October,2026-10-01,1,2026-10-08
global:LZW769-01-0 (630),LZW769-01-0 (630),4832P1,LZW769-01-0,630,4832P1,LZW769-01-0 (630),TRUE,FALSE,Traverse City,Traverse City,pn2_urine,2026-10-02,Prenatal 2 Urine,Prenatal,TRUE,TRUE,2026,10,October,2026-10-01,1,2026-10-08
global:LZW769-01-0 (630),LZW769-01-0 (630),4832P1,LZW769-01-0,630,4832P1,LZW769-01-0 (630),TRUE,FALSE,Traverse City,Traverse City,water,2026-10-02,Water,Prenatal,TRUE,TRUE,2026,10,October,2026-10-01,1,2026-10-08
global:JFL874-01-0 (442),JFL874-01-0 (442),4511P1,JFL874-01-0,442,4511P1,JFL874-01-0 (442),TRUE,FALSE,Flint,Flint,water,2026-10-03,Water,Prenatal,TRUE,TRUE,2026,10,October,2026-10-01,1,2026-10-08
global:KMN951-01-0 (640),KMN951-01-0 (640),4508P1,KMN951-01-0,640,4508P1,KMN951-01-0 (640),TRUE,FALSE,Flint,Flint,child_dob,2026-10-05,Births,Milestone,FALSE,FALSE,2026,10,October,2026-10-01,1,2026-10-08
global:PHN877-03-0 (937),PHN877-03-0 (937),4840P1,PHN877-03-0,937,4840P1,PHN877-03-0 (937),TRUE,FALSE,Traverse City,Traverse City,consent_date,2026-10-05,Enrollments,Milestone,FALSE,FALSE,2026,10,October,2026-10-01,1,2026-10-08
global:PHN877-03-0 (937),PHN877-03-0 (937),4840P1,PHN877-03-0,937,4840P1,PHN877-03-0 (937),TRUE,FALSE,Traverse City,Traverse City,pn1_anthro,2026-10-05,Prenatal 1 Anthro,Prenatal,FALSE,TRUE,2026,10,October,2026-10-01,1,2026-10-08
global:RRB727-02-0 (706),RRB727-02-0 (706),4841P1,RRB727-02-0,706,4841P1,RRB727-02-0 (706),TRUE,FALSE,Traverse City,Traverse City,consent_date,2026-10-05,Enrollments,Milestone,FALSE,FALSE,2026,10,October,2026-10-01,1,2026-10-08
global:RRB727-02-0 (706),RRB727-02-0 (706),4841P1,RRB727-02-0,706,4841P1,RRB727-02-0 (706),TRUE,FALSE,Traverse City,Traverse City,pn1_anthro,2026-10-05,Prenatal 1 Anthro,Prenatal,FALSE,TRUE,2026,10,October,2026-10-01,1,2026-10-08
global:RRB727-02-0 (706),RRB727-02-0 (706),4841P1,RRB727-02-0,706,4841P1,RRB727-02-0 (706),TRUE,FALSE,Traverse City,Traverse City,pn1_survey,2026-10-05,Prenatal 1 Survey,Prenatal,FALSE,TRUE,2026,10,October,2026-10-01,1,2026-10-08
global:NCX421-01-0 (475),NCX421-01-0 (475),4194P1,NCX421-01-0,475,4194P1,NCX421-01-0 (475),TRUE,FALSE,Detroit,Detroit,child_dob,2026-10-06,Births,Milestone,FALSE,FALSE,2026,10,October,2026-10-01,1,2026-10-08
global:BWJ550-02-0 (409),BWJ550-02-0 (409),4524P1,BWJ550-02-0,409,4524P1,BWJ550-02-0 (409),TRUE,FALSE,Flint,Flint,consent_date,2026-10-07,Enrollments,Milestone,FALSE,FALSE,2026,10,October,2026-10-01,1,2026-10-08
global:VHD766-02-0 (673),VHD766-02-0 (673),4523P1,VHD766-02-0,673,4523P1,VHD766-02-0 (673),TRUE,FALSE,Flint,Flint,consent_date,2026-10-07,Enrollments,Milestone,FALSE,FALSE,2026,10,October,2026-10-01,1,2026-10-08
global:THG098-01-0 (607),THG098-01-0 (607),4836P1,THG098-01-0,607,4836P1,THG098-01-0 (607),TRUE,FALSE,Traverse City,Traverse City,pn2_anthro,2026-10-07,Prenatal 2 Anthro,Prenatal,FALSE,TRUE,2026,10,October,2026-10-01,1,2026-10-08
global:THG098-01-0 (607),THG098-01-0 (607),4836P1,THG098-01-0,607,4836P1,THG098-01-0 (607),TRUE,FALSE,Traverse City,Traverse City,pn2_blood,2026-10-07,Prenatal 2 Blood,Prenatal,TRUE,TRUE,2026,10,October,2026-10-01,1,2026-10-08
global:THG098-01-0 (607),THG098-01-0 (607),4836P1,THG098-01-0,607,4836P1,THG098-01-0 (607),TRUE,FALSE,Traverse City,Traverse City,pn2_urine,2026-10-07,Prenatal 2 Urine,Prenatal,TRUE,TRUE,2026,10,October,2026-10-01,1,2026-10-08
global:THG098-01-0 (607),THG098-01-0 (607),4836P1,THG098-01-0,607,4836P1,THG098-01-0 (607),TRUE,FALSE,Traverse City,Traverse City,water,2026-10-07,Water,Prenatal,TRUE,TRUE,2026,10,October,2026-10-01,1,2026-10-08
global:LGG637-01-0 (277),LGG637-01-0 (277),4526P1,LGG637-01-0,277,4526P1,LGG637-01-0 (277),TRUE,FALSE,Flint,Flint,consent_date,2026-10-08,Enrollments,Milestone,FALSE,FALSE,2026,10,October,2026-10-01,1,2026-10-08
global:LGG637-01-0 (277),LGG637-01-0 (277),4526P1,LGG637-01-0,277,4526P1,LGG637-01-0 (277),TRUE,FALSE,Flint,Flint,pn1_anthro,2026-10-08,Prenatal 1 Anthro,Prenatal,FALSE,TRUE,2026,10,October,2026-10-01,1,2026-10-08
global:RQC129-01-0 (541),RQC129-01-0 (541),4525P1,RQC129-01-0,541,4525P1,RQC129-01-0 (541),TRUE,FALSE,Flint,Flint,consent_date,2026-10-08,Enrollments,Milestone,FALSE,FALSE,2026,10,October,2026-10-01,1,2026-10-08
global:CWB510-01-0 (113),CWB510-01-0 (113),4817P1,CWB510-01-0,113,4817P1,CWB510-01-0 (113),TRUE,FALSE,Traverse City,Traverse City,estduedate,2026-10-09,Projected Births,Projection,FALSE,FALSE,2026,10,October,2026-10-01,1,2026-10-08
global:NJK720-01-0 (343),NJK720-01-0 (343),4819P1,NJK720-01-0,343,4819P1,NJK720-01-0 (343),TRUE,FALSE,Traverse City,Traverse City,estduedate,2026-10-09,Projected Births,Projection,FALSE,FALSE,2026,10,October,2026-10-01,1,2026-10-08
global:DLW694-01-0 (805),DLW694-01-0 (805),4823P1,DLW694-01-0,805,4823P1,DLW694-01-0 (805),TRUE,FALSE,Traverse City,Traverse City,estduedate,2026-10-10,Projected Births,Projection,FALSE,FALSE,2026,10,October,2026-10-01,1,2026-10-08
global:QQW065-01-0 (135),QQW065-01-0 (135),4197P1,QQW065-01-0,135,4197P1,QQW065-01-0 (135),TRUE,FALSE,Detroit,Detroit,estduedate,2026-10-15,Projected Births,Projection,FALSE,FALSE,2026,10,October,2026-10-01,1,2026-10-08
global:LYY167-01-0 (399),LYY167-01-0 (399),4828P1,LYY167-01-0,399,4828P1,LYY167-01-0 (399),TRUE,FALSE,Traverse City,Traverse City,estduedate,2026-10-17,Projected Births,Projection,FALSE,FALSE,2026,10,October,2026-10-01,1,2026-10-08
global:ZYG995-01-0 (564),ZYG995-01-0 (564),4829P1,ZYG995-01-0,564,4829P1,ZYG995-01-0 (564),TRUE,FALSE,Traverse City,Traverse City,estduedate,2026-10-17,Projected Births,Projection,FALSE,FALSE,2026,10,October,2026-10-01,1,2026-10-08
global:PQD023-01-0 (277),PQD023-01-0 (277),4826P1,PQD023-01-0,277,4826P1,PQD023-01-0 (277),TRUE,FALSE,Traverse City,Traverse City,estduedate,2026-10-19,Projected Births,Projection,FALSE,FALSE,2026,10,October,2026-10-01,1,2026-10-08
global:KRW246-01-0 (103),KRW246-01-0 (103),4827P1,KRW246-01-0,103,4827P1,KRW246-01-0 (103),TRUE,FALSE,Traverse City,Traverse City,estduedate,2026-10-23,Projected Births,Projection,FALSE,FALSE,2026,10,October,2026-10-01,1,2026-10-08
global:VXB964-01-0 (102),VXB964-01-0 (102),4203P1,VXB964-01-0,102,4203P1,VXB964-01-0 (102),TRUE,FALSE,Detroit,Detroit,estduedate,2026-11-06,Projected Births,Projection,FALSE,FALSE,2026,11,November,2026-11-01,1,2026-10-08
global:VXJ013-01-0 (871),VXJ013-01-0 (871),4198P1,VXJ013-01-0,871,4198P1,VXJ013-01-0 (871),TRUE,FALSE,Detroit,Detroit,estduedate,2026-11-08,Projected Births,Projection,FALSE,FALSE,2026,11,November,2026-11-01,1,2026-10-08
global:HXB800-01-0 (277),HXB800-01-0 (277),4199P1,HXB800-01-0,277,4199P1,HXB800-01-0 (277),TRUE,FALSE,Detroit,Detroit,estduedate,2026-11-11,Projected Births,Projection,FALSE,FALSE,2026,11,November,2026-11-01,1,2026-10-08
global:GBF935-01-0 (947),GBF935-01-0 (947),4193P1,GBF935-01-0,947,4193P1,GBF935-01-0 (947),TRUE,FALSE,Detroit,Detroit,estduedate,2026-11-12,Projected Births,Projection,FALSE,FALSE,2026,11,November,2026-11-01,1,2026-10-08
global:LSH641-02-0 (574),LSH641-02-0 (574),4210P2,LSH641-02-0,574,4210P2,LSH641-02-0 (574),TRUE,FALSE,Detroit,Detroit,estduedate,2026-11-12,Projected Births,Projection,FALSE,FALSE,2026,11,November,2026-11-01,1,2026-10-08
global:MHL306-01-0 (277),MHL306-01-0 (277),4830P1,MHL306-01-0,277,4830P1,MHL306-01-0 (277),TRUE,FALSE,Traverse City,Traverse City,estduedate,2026-11-13,Projected Births,Projection,FALSE,FALSE,2026,11,November,2026-11-01,1,2026-10-08
global:QGY155-01-0 (871),QGY155-01-0 (871),4207P1,QGY155-01-0,871,4207P1,QGY155-01-0 (871),TRUE,FALSE,Detroit,Detroit,estduedate,2026-11-20,Projected Births,Projection,FALSE,FALSE,2026,11,November,2026-11-01,1,2026-10-08
global:MPP904-01-0 (805),MPP904-01-0 (805),4506P1,MPP904-01-0,805,4506P1,MPP904-01-0 (805),TRUE,FALSE,Flint,Flint,estduedate,2026-11-20,Projected Births,Projection,FALSE,FALSE,2026,11,November,2026-11-01,1,2026-10-08
global:JBM041-02-0 (914),JBM041-02-0 (914),4825P1,JBM041-02-0,914,4825P1,JBM041-02-0 (914),TRUE,FALSE,Traverse City,Traverse City,estduedate,2026-11-20,Projected Births,Projection,FALSE,FALSE,2026,11,November,2026-11-01,1,2026-10-08
global:KPT365-01-0 (904),KPT365-01-0 (904),4201P1,KPT365-01-0,904,4201P1,KPT365-01-0 (904),TRUE,FALSE,Detroit,Detroit,estduedate,2026-11-21,Projected Births,Projection,FALSE,FALSE,2026,11,November,2026-11-01,1,2026-10-08
global:MVY162-01-0 (168),MVY162-01-0 (168),4200P1,MVY162-01-0,168,4200P1,MVY162-01-0 (168),TRUE,FALSE,Detroit,Detroit,estduedate,2026-11-21,Projected Births,Projection,FALSE,FALSE,2026,11,November,2026-11-01,1,2026-10-08
global:YHY072-01-0 (102),YHY072-01-0 (102),4206P1,YHY072-01-0,102,4206P1,YHY072-01-0 (102),TRUE,FALSE,Detroit,Detroit,estduedate,2026-11-29,Projected Births,Projection,FALSE,FALSE,2026,11,November,2026-11-01,1,2026-10-08
global:LJS175-01-0 (673),LJS175-01-0 (673),4831P1,LJS175-01-0,673,4831P1,LJS175-01-0 (673),TRUE,FALSE,Traverse City,Traverse City,estduedate,2026-12-01,Projected Births,Projection,FALSE,FALSE,2026,12,December,2026-12-01,1,2026-10-08
global:YQM393-01-0 (201),YQM393-01-0 (201),4835P1,YQM393-01-0,201,4835P1,YQM393-01-0 (201),TRUE,FALSE,Traverse City,Traverse City,estduedate,2026-12-02,Projected Births,Projection,FALSE,FALSE,2026,12,December,2026-12-01,1,2026-10-08
global:SGC378-01-0 (442),SGC378-01-0 (442),4205P1,SGC378-01-0,442,4205P1,SGC378-01-0 (442),TRUE,FALSE,Detroit,Detroit,estduedate,2026-12-07,Projected Births,Projection,FALSE,FALSE,2026,12,December,2026-12-01,1,2026-10-08
global:SLP320-01-0 (607),SLP320-01-0 (607),4833P1,SLP320-01-0,607,4833P1,SLP320-01-0 (607),TRUE,FALSE,Traverse City,Traverse City,estduedate,2026-12-07,Projected Births,Projection,FALSE,FALSE,2026,12,December,2026-12-01,1,2026-10-08
global:LZW769-01-0 (630),LZW769-01-0 (630),4832P1,LZW769-01-0,630,4832P1,LZW769-01-0 (630),TRUE,FALSE,Traverse City,Traverse City,estduedate,2026-12-10,Projected Births,Projection,FALSE,FALSE,2026,12,December,2026-12-01,1,2026-10-08
global:THG098-01-0 (607),THG098-01-0 (607),4836P1,THG098-01-0,607,4836P1,THG098-01-0 (607),TRUE,FALSE,Traverse City,Traverse City,estduedate,2026-12-10,Projected Births,Projection,FALSE,FALSE,2026,12,December,2026-12-01,1,2026-10-08
global:XTZ385-01-0 (729),XTZ385-01-0 (729),4204P1,XTZ385-01-0,729,4204P1,XTZ385-01-0 (729),TRUE,FALSE,Detroit,Detroit,estduedate,2026-12-11,Projected Births,Projection,FALSE,FALSE,2026,12,December,2026-12-01,1,2026-10-08
global:FMN570-01-0 (376),FMN570-01-0 (376),4834P1,FMN570-01-0,376,4834P1,FMN570-01-0 (376),TRUE,FALSE,Traverse City,Traverse City,estduedate,2026-12-12,Projected Births,Projection,FALSE,FALSE,2026,12,December,2026-12-01,1,2026-10-08
global:TFG529-01-0 (508),TFG529-01-0 (508),4837P1,TFG529-01-0,508,4837P1,TFG529-01-0 (508),TRUE,FALSE,Traverse City,Traverse City,estduedate,2026-12-17,Projected Births,Projection,FALSE,FALSE,2026,12,December,2026-12-01,1,2026-10-08
global:NJJ950-01-0 (475),NJJ950-01-0 (475),4513P1,NJJ950-01-0,475,4513P1,NJJ950-01-0 (475),TRUE,FALSE,Flint,Flint,estduedate,2026-12-19,Projected Births,Projection,FALSE,FALSE,2026,12,December,2026-12-01,1,2026-10-08
global:KSV514-01-0 (937),KSV514-01-0 (937),4509P1,KSV514-01-0,937,4509P1,KSV514-01-0 (937),TRUE,FALSE,Flint,Flint,estduedate,2026-12-21,Projected Births,Projection,FALSE,FALSE,2026,12,December,2026-12-01,1,2026-10-08
global:LYQ080-01-0 (937),LYQ080-01-0 (937),4212P1,LYQ080-01-0,937,4212P1,LYQ080-01-0 (937),TRUE,FALSE,Detroit,Detroit,estduedate,2026-12-25,Projected Births,Projection,FALSE,FALSE,2026,12,December,2026-12-01,1,2026-10-08
global:JFL874-01-0 (442),JFL874-01-0 (442),4511P1,JFL874-01-0,442,4511P1,JFL874-01-0 (442),TRUE,FALSE,Flint,Flint,estduedate,2026-12-26,Projected Births,Projection,FALSE,FALSE,2026,12,December,2026-12-01,1,2026-10-08
global:MNZ485-01-0 (201),MNZ485-01-0 (201),4510P1,MNZ485-01-0,201,4510P1,MNZ485-01-0 (201),TRUE,FALSE,Flint,Flint,estduedate,2026-12-26,Projected Births,Projection,FALSE,FALSE,2026,12,December,2026-12-01,1,2026-10-08
global:TRP148-01-0 (102),TRP148-01-0 (102),4208P1,TRP148-01-0,102,4208P1,TRP148-01-0 (102),TRUE,FALSE,Detroit,Detroit,estduedate,2026-12-28,Projected Births,Projection,FALSE,FALSE,2026,12,December,2026-12-01,1,2026-10-08
